-0.83,3.17,3.39,-3.69,0.59,-8.3
-0.75,3.31,3.49,-4.03,0.54,-8.33
-0.7,3.39,3.57,-4.26,0.5,-8.34
-0.67,3.4,3.68,-4.61,0.44,-8.36
-0.67,3.34,3.76,-4.84,0.4,-8.37
-0.69,3.21,3.82,-5.19,0.35,-8.38
-0.73,3.13,3.84,-5.43,0.31,-8.39
-0.77,3.04,3.87,-5.79,0.24,-8.42
-0.76,3,3.9,-6.04,0.19,-8.43
-0.7,3.02,3.94,-6.42,0.12,-8.47
-0.65,3.05,3.95,-6.67,0.08,-8.49
-0.57,3.14,3.89,-7.08,0.02,-8.54
-0.5,3.18,3.81,-7.36,-0.03,-8.57
-0.41,3.17,3.64,-7.79,-0.09,-8.62
-0.35,3.1,3.48,-8.09,-0.13,-8.66
-0.26,2.88,3.25,-8.5,-0.2,-8.72
-0.19,2.65,3.1,-8.72,-0.24,-8.76
-0.09,2.21,2.8,-8.72,-0.3,-8.82
0.03,1.68,2.47,-8.72,-0.36,-8.89
0.14,1.28,2.26,-8.72,-0.4,-8.93
0.33,0.72,1.87,-8.72,-0.45,-8.98
0.47,0.38,1.62,-8.72,-0.48,-9.02
0.71,-0.08,1.19,-8.72,-0.52,-9.07
0.88,-0.38,0.89,-8.72,-0.54,-9.11
1.12,-0.82,0.43,-8.72,-0.57,-9.17
1.26,-1.1,0.1,-8.72,-0.59,-9.2
1.43,-1.49,-0.39,-8.72,-0.61,-9.25
1.52,-1.76,-0.77,-8.72,-0.62,-9.28
1.63,-2.16,-1.33,-8.72,-0.64,-9.32
1.68,-2.41,-1.71,-8.72,-0.65,-9.35
1.75,-2.79,-2.35,-8.72,-0.66,-9.4
1.78,-3.03,-2.75,-8.72,-0.67,-9.44
1.85,-3.4,-3.34,-8.72,-0.69,-9.5
1.93,-3.76,-3.91,-8.72,-0.71,-9.57
2.01,-4,-4.25,-8.72,-0.73,-9.61
2.13,-4.34,-4.74,-8.72,-0.76,-9.68
2.23,-4.55,-5.06,-8.72,-0.77,-9.73
2.42,-4.87,-5.52,-8.72,-0.8,-9.8
2.55,-5.08,-5.81,-8.72,-0.81,-9.84
2.72,-5.33,-6.19,-8.72,-0.83,-9.92
2.84,-5.46,-6.42,-8.72,-0.84,-9.96
2.98,-5.57,-6.72,-8.72,-0.86,-10.04
3.06,-5.61,-6.92,-8.72,-0.87,-10.09
3.16,-5.64,-7.2,-8.72,-0.88,-10.16
3.21,-5.64,-7.36,-8.72,-0.89,-10.2
3.26,-5.61,-7.64,-8.72,-0.9,-10.27
3.3,-5.6,-7.88,-8.72,-0.91,-10.31
3.35,-5.59,-8.28,-8.72,-0.91,-10.38
3.34,-5.58,-8.62,-8.72,-0.92,-10.43
3.31,-5.67,-9.15,-8.72,-0.93,-10.48
3.28,-5.81,-9.8,-8.72,-0.95,-10.53
3.27,-5.94,-10.18,-8.72,-0.96,-10.55
3.3,-6.19,-10.74,-8.72,-0.97,-10.6
3.35,-6.4,-11.12,-8.72,-0.97,-10.64
3.47,-6.72,-11.79,-8.72,-0.96,-10.71
3.56,-6.98,-12.27,-8.72,-0.96,-10.77
3.66,-7.42,-12.94,-8.72,-0.94,-10.85
3.7,-7.72,-13.38,-8.72,-0.92,-10.89
3.73,-8.18,-13.99,-8.72,-0.9,-10.95
3.76,-8.42,-14.36,-8.72,-0.89,-10.98
3.77,-8.73,-14.89,-8.72,-0.88,-11.03
3.79,-8.89,-15.18,-8.72,-0.87,-11.06
3.78,-9,-15.54,-8.72,-0.87,-11.11
3.76,-8.98,-15.79,-8.72,-0.87,-11.13
3.76,-8.74,-16.1,-8.72,-0.86,-11.17
3.78,-8.54,-16.33,-8.72,-0.85,-11.2
3.82,-8.15,-16.64,-8.68,-0.83,-11.24
3.83,-7.75,-17.03,-8.49,-0.79,-11.28
3.81,-7.56,-17.33,-8.37,-0.77,-11.29
3.76,-7.25,-17.74,-8.21,-0.73,-11.31
3.75,-7.05,-17.95,-8.11,-0.71,-11.31
3.77,-6.81,-18.14,-7.93,-0.68,-11.31
3.81,-6.68,-18.25,-7.79,-0.65,-11.32
3.85,-6.54,-18.42,-7.58,-0.6,-11.33
3.85,-6.61,-18.29,-7.43,-0.57,-11.33
3.82,-6.76,-18.24,-7.2,-0.51,-11.33
3.74,-6.88,-18.27,-7.03,-0.48,-11.33
3.57,-6.92,-18.37,-6.74,-0.43,-11.33
3.44,-6.89,-18.43,-6.54,-0.41,-11.33
3.25,-6.76,-18.5,-6.24,-0.36,-11.31
3.06,-6.51,-18.76,-6.04,-0.33,-11.29
2.86,-5.99,-19.05,-5.73,-0.32,-11.27
2.79,-5.67,-19.16,-5.52,-0.31,-11.25
2.7,-5.27,-19.26,-5.21,-0.29,-11.21
2.64,-4.95,-19.37,-4.89,-0.27,-11.16
2.6,-4.75,-19.48,-4.68,-0.24,-11.12
2.54,-4.6,-19.6,-4.35,-0.2,-11.06
2.52,-5.03,-19.2,-4.11,-0.18,-11.01
2.26,-5.78,-19.89,-3.71,-0.07,-10.87
2.13,-5.29,-20,-3.47,-0.08,-10.82
2.18,-4.66,-20,-3.08,-0.11,-10.75
2.19,-4.36,-20,-2.81,-0.1,-10.7
2.13,-3.85,-20,-2.38,-0.08,-10.61
2.03,-3.45,-20,-2.09,-0.06,-10.53
1.81,-2.84,-20,-1.66,-0.03,-10.41
1.64,-2.44,-20,-1.36,-0.01,-10.32
1.35,-1.83,-20,-0.93,0.02,-10.18
1.16,-1.4,-20,-0.66,0.03,-10.08
0.96,-0.74,-20,-0.25,0.06,-9.94
0.87,-0.29,-20,0.01,0.08,-9.84
  ,,,,,
,,,,,
,,,,,
-0.51,5.33,4.88,-4.33,2.1,-8.96
-0.69,5.63,5.29,-4.48,2.1,-9.01
-0.98,5.99,5.59,-4.75,2.11,-9.1
-1.21,6.11,5.82,-4.96,2.1,-9.15
-1.55,6.19,6.11,-5.37,2.08,-9.2
-1.81,6.13,6.44,-5.69,2.04,-9.21
-2.23,5.95,7.02,-6.24,1.97,-9.21
-2.49,5.87,7.36,-6.6,1.9,-9.19
-2.85,5.82,7.81,-7.12,1.8,-9.17
-3.11,5.74,8.15,-7.62,1.68,-9.16
-3.24,5.62,8.28,-7.95,1.6,-9.16
-3.33,5.35,8.4,-8.43,1.46,-9.16
-3.34,5.13,8.45,-8.72,1.37,-9.17
-3.36,4.83,8.47,-8.72,1.22,-9.17
-3.39,4.64,8.4,-8.72,1.13,-9.18
-3.44,4.39,8.15,-8.72,0.98,-9.19
-3.47,4.27,7.9,-8.72,0.88,-9.2
-3.51,4.17,7.41,-8.72,0.73,-9.22
-3.52,4.12,7.01,-8.72,0.63,-9.25
-3.5,4.02,6.28,-8.72,0.49,-9.29
-3.49,3.88,5.77,-8.72,0.39,-9.32
-3.51,3.51,4.86,-8.72,0.24,-9.37
-3.51,3.14,4.24,-8.72,0.16,-9.42
-3.51,2.4,3.2,-8.72,0.02,-9.51
-3.52,1.81,2.39,-8.72,-0.07,-9.59
-3.53,0.84,1.03,-8.72,-0.2,-9.72
-3.55,-0.1,-0.4,-8.72,-0.33,-9.86
-3.56,-0.69,-1.39,-8.72,-0.41,-9.96
-3.57,-1.49,-2.79,-8.72,-0.56,-10.12
-3.56,-1.97,-3.69,-8.72,-0.66,-10.22
-3.46,-2.62,-5,-8.72,-0.83,-10.37
-3.34,-3.03,-5.85,-8.72,-0.94,-10.48
-3.06,-3.61,-7.07,-8.72,-1.11,-10.64
-2.79,-3.94,-7.84,-8.72,-1.22,-10.74
-2.29,-4.41,-8.86,-8.72,-1.38,-10.91
-1.92,-4.73,-9.51,-8.72,-1.48,-11.02
-1.27,-5.15,-10.33,-8.72,-1.62,-11.17
-0.77,-5.37,-10.73,-8.72,-1.7,-11.26
-0.05,-5.64,-11.26,-8.72,-1.81,-11.38
0.46,-5.74,-11.48,-8.72,-1.87,-11.46
1.23,-5.72,-11.63,-8.72,-1.95,-11.56
1.72,-5.63,-11.63,-8.72,-1.98,-11.62
2.42,-5.46,-11.6,-8.72,-2.02,-11.69
3.08,-5.13,-11.54,-8.72,-2.05,-11.74
3.52,-4.87,-11.51,-8.72,-2.07,-11.76
4.15,-4.42,-11.53,-8.72,-2.08,-11.78
4.53,-4.1,-11.63,-8.72,-2.08,-11.8
5.06,-3.74,-11.97,-8.72,-2.09,-11.83
5.4,-3.61,-12.25,-8.72,-2.09,-11.86
5.84,-3.73,-12.8,-8.72,-2.07,-11.9
6.05,-4.05,-13.24,-8.72,-2.05,-11.93
6.21,-4.8,-13.99,-8.72,-2.01,-11.96
6.23,-5.47,-14.53,-8.72,-1.99,-11.98
6.16,-6.59,-15.33,-8.72,-1.97,-12
6.09,-7.36,-15.8,-8.72,-1.96,-12.01
5.95,-8.42,-16.31,-8.72,-1.97,-12.02
5.86,-8.97,-16.53,-8.72,-1.98,-12.01
5.77,-9.53,-16.71,-8.72,-2,-12
5.71,-9.73,-16.74,-8.72,-2.01,-11.98
5.65,-9.8,-16.72,-8.56,-2.02,-11.95
5.6,-9.6,-16.69,-8.08,-2.02,-11.91
5.58,-9.35,-16.66,-7.76,-2.01,-11.88
5.52,-8.82,-16.62,-7.28,-1.99,-11.83
5.45,-8.4,-16.62,-6.98,-1.98,-11.78
5.32,-7.68,-16.59,-6.54,-1.96,-11.7
5.2,-7.14,-16.63,-6.26,-1.94,-11.63
4.98,-6.36,-16.75,-5.87,-1.91,-11.53
4.81,-5.83,-16.92,-5.62,-1.89,-11.46
4.53,-5.09,-17.28,-5.28,-1.86,-11.36
4.31,-4.63,-17.69,-5.07,-1.83,-11.29
3.97,-3.98,-18.46,-4.77,-1.79,-11.2
3.75,-3.62,-18.93,-4.59,-1.77,-11.13
3.4,-3.16,-19.64,-4.34,-1.73,-11.03
3.17,-2.91,-20,-4.19,-1.69,-10.96
2.83,-2.57,-20,-3.97,-1.62,-10.83
2.62,-2.37,-20,-3.83,-1.57,-10.74
2.28,-2.03,-20,-3.63,-1.45,-10.58
1.81,-1.47,-20,-3.46,-1.33,-10.41
1.47,-1.06,-20,-3.36,-1.26,-10.29
0.96,-0.49,-20,-3.22,-1.15,-10.13
0.59,-0.12,-20,-3.14,-1.07,-10.03
-0.03,0.35,-20,-3.02,-0.94,-9.87
-0.46,0.57,-20,-2.92,-0.86,-9.77
-1.12,0.67,-20,-2.72,-0.71,-9.64
-1.58,0.58,-20,-2.54,-0.6,-9.56
-2.3,0.26,-20,-2.2,-0.44,-9.45
-2.74,-0.05,-20,-1.94,-0.34,-9.4
-3.28,-0.59,-20,-1.48,-0.19,-9.33
-3.6,-0.93,-20,-1.15,-0.08,-9.29
-3.99,-1.25,-20,-0.61,0.07,-9.21
-4.18,-1.33,-20,-0.24,0.17,-9.16
-4.32,-1.24,-20,0.3,0.31,-9.05
-4.32,-1.04,-20,0.64,0.4,-8.96
-4.21,-0.62,-20,1.11,0.55,-8.82
-4.01,-0.16,-20,1.52,0.69,-8.67
-3.82,0.11,-20,1.77,0.79,-8.56
-3.5,0.35,-20,2.1,0.94,-8.4
-3.25,0.39,-20,2.3,1.04,-8.3
-2.84,0.3,-20,2.58,1.19,-8.17
-2.54,0.18,-20,2.76,1.29,-8.09
  ,,,,,
,,,,,
,,,,,
1.64,-7.43,-9.3,-8.72,-2.9,-12
2.04,-7.62,-9.14,-8.72,-2.89,-12.07
2.35,-7.69,-9.02,-8.72,-2.87,-12.13
2.53,-7.63,-8.84,-8.72,-2.85,-12.18
2.73,-7.43,-8.77,-8.72,-2.82,-12.24
2.86,-7.2,-8.77,-8.72,-2.8,-12.29
3.08,-6.83,-8.91,-8.72,-2.75,-12.34
3.25,-6.56,-9.07,-8.72,-2.72,-12.38
3.47,-6.22,-9.46,-8.72,-2.66,-12.42
3.61,-6.06,-9.84,-8.72,-2.62,-12.45
3.85,-5.98,-10.52,-8.72,-2.56,-12.49
4.02,-6.02,-11.01,-8.72,-2.52,-12.51
4.29,-6.21,-11.8,-8.72,-2.47,-12.53
4.47,-6.38,-12.29,-8.72,-2.43,-12.54
4.75,-6.68,-12.95,-8.72,-2.38,-12.56
5.02,-6.97,-13.51,-8.72,-2.34,-12.58
5.16,-7.14,-13.85,-8.72,-2.31,-12.58
5.36,-7.32,-14.29,-8.72,-2.27,-12.59
5.48,-7.35,-14.55,-8.72,-2.24,-12.59
5.6,-7.32,-14.86,-8.43,-2.21,-12.58
5.65,-7.22,-15.01,-8.17,-2.18,-12.58
5.72,-7.04,-15.12,-7.78,-2.15,-12.56
5.76,-6.88,-15.13,-7.53,-2.13,-12.54
5.77,-6.58,-15.13,-7.16,-2.1,-12.5
5.78,-6.35,-15.12,-6.91,-2.08,-12.46
5.8,-5.95,-15.03,-6.54,-2.06,-12.4
5.82,-5.66,-14.93,-6.3,-2.04,-12.34
5.81,-5.2,-14.74,-5.93,-2,-12.24
5.79,-4.83,-14.64,-5.68,-1.97,-12.17
5.73,-4.21,-14.46,-5.29,-1.93,-12.05
5.68,-3.78,-14.44,-5.03,-1.9,-11.97
5.51,-3.09,-14.45,-4.65,-1.85,-11.83
5.25,-2.3,-14.54,-4.29,-1.83,-11.67
5.1,-1.73,-14.7,-4.06,-1.82,-11.56
4.84,-0.77,-15.09,-3.76,-1.78,-11.4
4.61,-0.09,-15.48,-3.59,-1.76,-11.29
4.28,0.92,-16.26,-3.37,-1.73,-11.13
4.1,1.57,-16.81,-3.26,-1.71,-11.02
3.89,2.4,-17.71,-3.13,-1.67,-10.85
3.77,2.83,-18.32,-3.06,-1.63,-10.75
3.57,3.24,-19.2,-3,-1.55,-10.57
3.39,3.37,-19.79,-2.96,-1.49,-10.45
3.04,3.36,-20,-2.92,-1.37,-10.26
2.72,3.25,-20,-2.88,-1.29,-10.13
2.17,2.98,-20,-2.81,-1.18,-9.94
1.83,2.75,-20,-2.74,-1.12,-9.81
1.4,2.35,-20,-2.63,-1.01,-9.62
1.09,2.08,-20,-2.53,-0.93,-9.49
0.62,1.77,-20,-2.36,-0.79,-9.29
0.15,1.58,-20,-2.14,-0.65,-9.1
-0.15,1.46,-20,-1.97,-0.55,-8.97
-0.58,1.3,-20,-1.69,-0.39,-8.79
-0.87,1.21,-20,-1.48,-0.28,-8.68
-1.29,1.09,-20,-1.14,-0.1,-8.51
-1.57,1.05,-20,-0.89,0.02,-8.41
-1.95,0.98,-20,-0.5,0.19,-8.26
-2.15,0.93,-20,-0.23,0.3,-8.17
-2.35,0.86,-20,0.19,0.47,-8.03
-2.43,0.82,-20,0.48,0.57,-7.95
-2.46,0.76,-20,0.91,0.73,-7.83
-2.43,0.72,-20,1.21,0.84,-7.75
-2.3,0.67,-20,1.66,1,-7.64
-2.15,0.65,-20,1.96,1.1,-7.56
-1.85,0.63,-20,2.41,1.25,-7.46
-1.62,0.62,-20,2.71,1.35,-7.39
-1.25,0.59,-20,3.15,1.5,-7.29
-0.86,0.56,-20,3.58,1.65,-7.21
-0.61,0.53,-20,3.85,1.75,-7.16
-0.21,0.46,-20,4.24,1.89,-7.09
0.04,0.39,-20,4.49,1.99,-7.06
0.42,0.25,-20,4.83,2.13,-7.02
0.68,0.13,-20,5.04,2.22,-7
1.03,-0.06,-20,5.33,2.36,-6.98
1.25,-0.2,-20,5.5,2.45,-6.97
1.56,-0.45,-20,5.73,2.58,-6.97
1.73,-0.61,-20,5.87,2.66,-6.97
1.97,-0.87,-20,6.07,2.78,-6.97
2.09,-1.05,-20,6.18,2.86,-6.97
2.27,-1.32,-20,6.34,2.97,-6.98
2.38,-1.49,-20,6.44,3.03,-6.98
2.54,-1.74,-20,6.56,3.12,-7
2.66,-1.91,-20,6.64,3.18,-7.01
2.83,-2.13,-20,6.74,3.26,-7.02
3.01,-2.34,-20,6.82,3.34,-7.03
3.14,-2.49,-20,6.87,3.39,-7.04
3.34,-2.71,-19.86,6.92,3.46,-7.05
3.48,-2.85,-19.53,6.94,3.51,-7.06
3.66,-3.05,-19.02,6.97,3.58,-7.07
3.78,-3.2,-18.72,6.99,3.62,-7.07
3.96,-3.47,-18.27,7.01,3.69,-7.08
4.08,-3.68,-17.96,7.02,3.74,-7.08
4.19,-3.97,-17.57,7.04,3.81,-7.09
4.26,-4.19,-17.35,7.05,3.86,-7.09
4.35,-4.53,-17.01,7.08,3.93,-7.09
4.4,-4.76,-16.78,7.1,3.97,-7.09
4.45,-5.11,-16.44,7.14,4.04,-7.09
4.48,-5.32,-16.19,7.17,4.09,-7.09
4.47,-5.64,-15.77,7.21,4.16,-7.1
4.45,-5.84,-15.47,7.24,4.21,-7.1
4.4,-6.15,-14.98,7.29,4.28,-7.11
  ,,,,,
,,,,,
,,,,,
0.37,2.64,4.71,-1.68,1.4,-8.84
0.3,2.82,4.87,-1.78,1.39,-8.82
0.23,3.15,5.2,-1.94,1.36,-8.8
0.18,3.39,5.45,-2.05,1.34,-8.79
0.09,3.73,5.89,-2.21,1.31,-8.77
0.01,3.94,6.19,-2.33,1.29,-8.75
-0.17,4.19,6.62,-2.5,1.25,-8.73
-0.34,4.34,6.9,-2.62,1.23,-8.71
-0.59,4.49,7.33,-2.81,1.18,-8.68
-0.78,4.53,7.6,-2.94,1.14,-8.65
-1.02,4.49,7.94,-3.12,1.07,-8.61
-1.13,4.41,8.13,-3.23,1.02,-8.59
-1.12,4.18,8.31,-3.39,0.95,-8.58
-0.94,3.83,8.44,-3.52,0.88,-8.59
-0.8,3.58,8.44,-3.59,0.84,-8.61
-0.68,3.32,8.33,-3.72,0.79,-8.62
-0.65,3.27,8.19,-3.82,0.75,-8.62
-0.72,3.51,7.97,-4,0.7,-8.61
-0.83,3.87,7.8,-4.14,0.66,-8.6
-1.06,4.62,7.5,-4.38,0.58,-8.58
-1.24,5.21,7.29,-4.57,0.52,-8.56
-1.49,6.16,6.93,-4.9,0.41,-8.55
-1.64,6.74,6.69,-5.15,0.32,-8.55
-1.79,7.45,6.36,-5.56,0.17,-8.55
-1.84,7.79,6.16,-5.87,0.06,-8.56
-1.82,8.1,5.88,-6.35,-0.11,-8.57
-1.75,8.19,5.73,-6.69,-0.23,-8.59
-1.64,8.09,5.45,-7.22,-0.4,-8.61
-1.48,7.87,5.17,-7.77,-0.58,-8.63
-1.39,7.68,4.98,-8.14,-0.69,-8.65
-1.26,7.39,4.69,-8.7,-0.85,-8.69
-1.19,7.2,4.47,-8.72,-0.95,-8.71
-1.1,6.88,4.06,-8.72,-1.1,-8.76
-1.06,6.64,3.72,-8.72,-1.19,-8.79
-1.06,6.18,3.13,-8.72,-1.33,-8.86
-1.07,5.81,2.68,-8.72,-1.41,-8.9
-1.1,5.16,1.87,-8.72,-1.55,-8.97
-1.12,4.65,1.28,-8.72,-1.64,-9.03
-1.15,3.82,0.29,-8.72,-1.77,-9.11
-1.17,3.22,-0.43,-8.72,-1.86,-9.18
-1.13,2.32,-1.55,-8.72,-1.99,-9.28
-1.05,1.75,-2.31,-8.72,-2.07,-9.35
-0.85,0.95,-3.41,-8.72,-2.2,-9.46
-0.69,0.45,-4.11,-8.72,-2.27,-9.53
-0.39,-0.28,-5.16,-8.72,-2.37,-9.66
-0.06,-1,-6.2,-8.72,-2.46,-9.8
0.16,-1.5,-6.91,-8.72,-2.51,-9.89
0.52,-2.24,-7.95,-8.72,-2.59,-10.03
0.74,-2.67,-8.59,-8.72,-2.63,-10.12
1.08,-3.21,-9.55,-8.72,-2.69,-10.26
1.3,-3.5,-10.15,-8.72,-2.72,-10.36
1.6,-3.83,-10.96,-8.72,-2.77,-10.5
1.84,-4.02,-11.47,-8.72,-2.8,-10.59
2.21,-4.26,-12.12,-8.72,-2.84,-10.73
2.48,-4.46,-12.5,-8.72,-2.85,-10.83
2.89,-4.76,-13.01,-8.72,-2.87,-10.96
3.19,-4.98,-13.28,-8.72,-2.88,-11.05
3.65,-5.31,-13.63,-8.72,-2.86,-11.18
3.97,-5.52,-13.86,-8.72,-2.85,-11.27
4.48,-5.79,-14.22,-8.72,-2.81,-11.4
4.85,-5.97,-14.41,-8.72,-2.78,-11.47
5.37,-6.18,-14.69,-8.72,-2.72,-11.58
5.86,-6.37,-14.96,-8.72,-2.64,-11.68
6.17,-6.49,-15.16,-8.72,-2.57,-11.73
6.48,-6.62,-15.29,-8.72,-2.48,-11.79
6.62,-6.72,-15.38,-8.72,-2.42,-11.82
6.76,-6.85,-15.54,-8.72,-2.32,-11.87
6.76,-6.95,-15.69,-8.72,-2.25,-11.89
6.64,-7.09,-15.99,-8.72,-2.16,-11.92
6.52,-7.15,-16.17,-8.72,-2.11,-11.93
6.31,-7.22,-16.43,-8.72,-2.02,-11.94
6.13,-7.23,-16.65,-8.72,-1.97,-11.94
5.85,-7.18,-17,-8.72,-1.9,-11.94
5.65,-7.07,-17.23,-8.72,-1.85,-11.93
5.32,-6.85,-17.6,-8.72,-1.79,-11.92
5.1,-6.66,-17.8,-8.72,-1.76,-11.9
4.77,-6.32,-18.03,-8.32,-1.72,-11.86
4.54,-6.05,-18.19,-8.01,-1.69,-11.83
4.17,-5.6,-18.44,-7.54,-1.66,-11.76
3.8,-5.11,-18.68,-7.07,-1.63,-11.69
3.54,-4.78,-18.85,-6.76,-1.62,-11.62
3.09,-4.19,-19.28,-6.31,-1.59,-11.51
2.8,-3.77,-19.63,-6.01,-1.58,-11.43
2.43,-3.13,-20,-5.58,-1.57,-11.3
2.18,-2.7,-20,-5.31,-1.55,-11.21
1.78,-2.12,-20,-4.92,-1.52,-11.07
1.53,-1.75,-20,-4.68,-1.49,-10.96
1.16,-1.23,-20,-4.32,-1.43,-10.8
0.91,-0.88,-20,-4.09,-1.39,-10.68
0.61,-0.41,-20,-3.75,-1.33,-10.51
0.46,-0.13,-20,-3.53,-1.27,-10.39
0.22,0.28,-20,-3.22,-1.18,-10.2
0.04,0.52,-20,-3.01,-1.11,-10.07
-0.22,0.83,-20,-2.69,-0.99,-9.87
-0.44,1.02,-20,-2.48,-0.89,-9.74
-0.81,1.26,-20,-2.14,-0.75,-9.54
-1.2,1.42,-20,-1.8,-0.6,-9.35
-1.43,1.49,-20,-1.55,-0.5,-9.22
-1.8,1.56,-20,-1.16,-0.32,-9.03
-2.02,1.59,-20,-0.9,-0.21,-8.91
  ,,,,,
,,,,,
,,,,,
-0.16,3.6,4.97,-3.15,1.56,-8.58
-0.36,3.55,4.83,-3.36,1.53,-8.57
-0.66,3.45,4.63,-3.69,1.44,-8.53
-0.56,3.51,4.65,-3.9,1.34,-8.51
-0.19,3.59,4.99,-4.2,1.26,-8.52
0.01,3.58,5.12,-4.38,1.24,-8.53
0.17,3.42,5.07,-4.63,1.23,-8.56
0.19,3.2,5.04,-4.78,1.22,-8.57
0.03,2.74,4.94,-4.99,1.19,-8.59
-0.14,2.26,5.03,-5.1,1.15,-8.61
-0.32,1.36,5.11,-5.28,1.09,-8.65
-0.41,0.82,5.06,-5.4,1.05,-8.66
-0.54,0.29,4.91,-5.57,0.99,-8.67
-0.63,0.24,4.83,-5.73,0.93,-8.66
-0.64,0.39,4.76,-5.84,0.88,-8.66
-0.53,0.66,4.67,-6.02,0.81,-8.68
-0.37,0.8,4.67,-6.15,0.75,-8.7
-0.05,0.85,4.62,-6.33,0.67,-8.76
0.12,0.72,4.58,-6.45,0.62,-8.79
0.24,0.3,4.5,-6.64,0.56,-8.84
0.22,-0.09,4.39,-6.76,0.51,-8.87
0.03,-0.76,4.21,-6.93,0.43,-8.89
-0.14,-1.2,4.05,-7.02,0.37,-8.9
-0.41,-1.86,3.84,-7.16,0.26,-8.92
-0.55,-2.23,3.7,-7.23,0.19,-8.94
-0.69,-2.66,3.5,-7.33,0.05,-8.97
-0.67,-2.92,3.39,-7.39,-0.06,-8.99
-0.49,-3.19,3.28,-7.48,-0.22,-9.03
-0.27,-3.3,3.22,-7.53,-0.33,-9.05
0.13,-3.42,3.14,-7.61,-0.49,-9.09
0.61,-3.5,3.04,-7.68,-0.63,-9.12
0.93,-3.55,2.96,-7.72,-0.72,-9.15
1.39,-3.69,2.87,-7.78,-0.85,-9.2
1.71,-3.85,2.83,-7.82,-0.93,-9.24
2.17,-4.2,2.74,-7.85,-1.03,-9.3
2.44,-4.48,2.67,-7.87,-1.08,-9.34
2.79,-4.93,2.54,-7.87,-1.15,-9.39
2.97,-5.21,2.4,-7.85,-1.19,-9.43
3.18,-5.58,2.16,-7.81,-1.23,-9.48
3.29,-5.77,1.97,-7.77,-1.26,-9.52
3.41,-5.96,1.66,-7.69,-1.3,-9.57
3.47,-6.04,1.42,-7.63,-1.33,-9.61
3.56,-6.13,1.06,-7.52,-1.37,-9.66
3.61,-6.16,0.81,-7.45,-1.39,-9.69
3.67,-6.18,0.43,-7.35,-1.43,-9.74
3.71,-6.18,0.17,-7.28,-1.45,-9.77
3.8,-6.12,-0.2,-7.19,-1.48,-9.81
3.89,-6.02,-0.57,-7.08,-1.52,-9.85
3.97,-5.91,-0.76,-7.01,-1.54,-9.87
4.12,-5.69,-1.05,-6.9,-1.57,-9.9
4.22,-5.51,-1.22,-6.83,-1.58,-9.91
4.37,-5.13,-1.45,-6.74,-1.61,-9.93
4.46,-4.85,-1.64,-6.69,-1.63,-9.95
4.59,-4.43,-1.94,-6.63,-1.65,-9.97
4.66,-4.18,-2.13,-6.59,-1.67,-9.98
4.77,-3.85,-2.48,-6.55,-1.7,-10
4.82,-3.7,-2.74,-6.54,-1.71,-10.01
4.87,-3.55,-3.18,-6.56,-1.73,-10.03
4.89,-3.49,-3.49,-6.58,-1.74,-10.04
4.89,-3.47,-3.98,-6.62,-1.76,-10.06
4.87,-3.46,-4.3,-6.65,-1.77,-10.08
4.85,-3.54,-4.72,-6.71,-1.78,-10.11
4.82,-3.64,-5.01,-6.75,-1.79,-10.13
4.78,-3.76,-5.45,-6.79,-1.8,-10.17
4.72,-3.92,-5.89,-6.83,-1.81,-10.2
4.65,-3.99,-6.2,-6.86,-1.81,-10.23
4.57,-4.14,-6.67,-6.88,-1.83,-10.26
4.54,-4.26,-7.02,-6.89,-1.83,-10.28
4.5,-4.44,-7.57,-6.88,-1.84,-10.31
4.48,-4.55,-7.94,-6.87,-1.84,-10.33
4.43,-4.67,-8.54,-6.86,-1.85,-10.35
4.4,-4.71,-8.91,-6.84,-1.85,-10.37
4.37,-4.78,-9.43,-6.82,-1.85,-10.39
4.34,-4.8,-9.76,-6.8,-1.85,-10.41
4.31,-4.86,-10.28,-6.77,-1.85,-10.43
4.28,-4.9,-10.66,-6.74,-1.84,-10.45
4.25,-4.98,-11.22,-6.69,-1.84,-10.47
4.24,-5.05,-11.63,-6.65,-1.83,-10.48
4.07,-5.15,-12.15,-6.59,-1.82,-10.5
3.94,-5.23,-12.51,-6.56,-1.81,-10.52
3.76,-5.31,-13.09,-6.5,-1.81,-10.54
3.6,-5.34,-13.67,-6.43,-1.8,-10.56
3.48,-5.35,-14.08,-6.4,-1.8,-10.57
3.29,-5.31,-14.71,-6.34,-1.8,-10.58
3.19,-5.24,-15.12,-6.31,-1.8,-10.58
3.09,-5.09,-15.63,-6.25,-1.79,-10.59
3.05,-4.97,-15.94,-6.21,-1.78,-10.6
2.99,-4.82,-16.29,-6.16,-1.75,-10.61
2.95,-4.75,-16.54,-6.12,-1.73,-10.61
2.91,-4.67,-16.85,-6.05,-1.69,-10.61
2.86,-4.65,-17.05,-6,-1.66,-10.6
2.77,-4.59,-17.37,-5.93,-1.61,-10.59
2.69,-4.56,-17.54,-5.87,-1.57,-10.58
2.53,-4.5,-17.72,-5.78,-1.5,-10.56
2.38,-4.45,-18.05,-5.71,-1.45,-10.54
2.21,-4.39,-18.3,-5.61,-1.38,-10.5
2.08,-4.35,-18.44,-5.53,-1.32,-10.47
1.81,-4.19,-18.82,-5.4,-1.23,-10.42
1.56,-4.07,-19.18,-5.25,-1.18,-10.38
1.44,-4.03,-19.39,-5.15,-1.14,-10.35
  ,,,,,
,,,,,
,,,,,
-0.03,-3.52,4.4,-2.12,1.39,-9.16
0.12,-3.53,4.73,-2.1,1.33,-9.14
0.32,-3.15,4.96,-2.09,1.3,-9.12
0.66,-2.25,5.32,-2.09,1.26,-9.11
0.91,-1.34,5.63,-2.12,1.25,-9.13
1.02,-0.91,5.78,-2.15,1.25,-9.15
1.12,-0.62,5.95,-2.22,1.24,-9.18
1.15,-0.65,6,-2.27,1.24,-9.21
1.13,-0.94,6.07,-2.36,1.22,-9.25
1.09,-1.24,6.13,-2.41,1.2,-9.26
0.99,-1.68,6.13,-2.48,1.17,-9.28
0.88,-1.95,6.13,-2.51,1.15,-9.28
0.69,-2.21,6.11,-2.53,1.12,-9.29
0.56,-2.26,6.1,-2.54,1.09,-9.29
0.41,-2.17,6.06,-2.53,1.04,-9.3
0.34,-2,6.06,-2.53,1,-9.31
0.35,-1.55,6.12,-2.52,0.94,-9.32
0.39,-1.13,6.17,-2.54,0.89,-9.32
0.52,-0.33,6.23,-2.59,0.83,-9.34
0.69,0.67,6.29,-2.7,0.76,-9.35
0.84,1.41,6.32,-2.79,0.72,-9.36
1.04,2.5,6.31,-2.99,0.66,-9.37
1.15,3.2,6.28,-3.16,0.63,-9.37
1.28,4.15,6.17,-3.47,0.58,-9.38
1.34,4.7,6.06,-3.7,0.54,-9.38
1.39,5.41,5.85,-4.08,0.49,-9.39
1.39,5.78,5.67,-4.34,0.46,-9.39
1.38,6.2,5.36,-4.74,0.4,-9.39
1.36,6.39,5.16,-5.01,0.36,-9.39
1.34,6.54,4.88,-5.42,0.3,-9.4
1.35,6.57,4.7,-5.68,0.26,-9.4
1.36,6.48,4.4,-6.08,0.2,-9.41
1.35,6.34,4.21,-6.33,0.15,-9.42
1.34,6.03,3.9,-6.68,0.08,-9.42
1.33,5.76,3.67,-6.9,0.04,-9.43
1.3,5.27,3.32,-7.2,-0.03,-9.44
1.27,4.72,2.94,-7.47,-0.1,-9.46
1.24,4.33,2.7,-7.62,-0.14,-9.47
1.2,3.73,2.27,-7.82,-0.2,-9.48
1.16,3.33,1.97,-7.94,-0.24,-9.5
1.11,2.71,1.48,-8.07,-0.31,-9.51
1.08,2.32,1.15,-8.15,-0.35,-9.52
1.06,1.75,0.68,-8.24,-0.42,-9.54
1.06,1.39,0.39,-8.28,-0.47,-9.55
1.07,0.82,0.01,-8.32,-0.53,-9.56
1.07,0.41,-0.25,-8.34,-0.58,-9.58
1.08,-0.27,-0.53,-8.35,-0.66,-9.59
1.1,-0.77,-0.68,-8.34,-0.71,-9.6
1.1,-1.59,-0.89,-8.31,-0.79,-9.62
1.07,-2.17,-1.01,-8.28,-0.85,-9.63
1.06,-3.02,-1.1,-8.21,-0.94,-9.64
1.03,-3.56,-1.1,-8.16,-0.99,-9.65
0.97,-4.35,-1.13,-8.04,-1.08,-9.66
0.85,-5.11,-1.19,-7.89,-1.17,-9.67
0.75,-5.58,-1.23,-7.78,-1.24,-9.68
0.56,-6.22,-1.38,-7.6,-1.36,-9.69
0.47,-6.62,-1.31,-7.47,-1.45,-9.7
0.35,-7.2,-1.12,-7.26,-1.55,-9.71
0.25,-7.53,-1.08,-7.09,-1.6,-9.69
0.05,-7.82,-1.2,-6.83,-1.67,-9.66
-0.07,-7.95,-1.34,-6.65,-1.73,-9.64
-0.22,-8.09,-1.57,-6.36,-1.83,-9.61
-0.27,-8.14,-1.72,-6.16,-1.9,-9.59
-0.3,-8.18,-2.02,-5.85,-2,-9.56
-0.28,-8.17,-2.23,-5.65,-2.07,-9.55
-0.25,-8.16,-2.63,-5.32,-2.16,-9.52
-0.23,-8.1,-2.9,-5.11,-2.22,-9.5
-0.17,-7.98,-3.33,-4.78,-2.31,-9.47
-0.11,-7.8,-3.75,-4.47,-2.39,-9.45
-0.08,-7.65,-3.98,-4.28,-2.45,-9.44
-0.04,-7.38,-4.25,-4.01,-2.54,-9.42
0,-7.15,-4.39,-3.85,-2.59,-9.41
0.05,-6.78,-4.5,-3.64,-2.68,-9.38
0.09,-6.5,-4.6,-3.54,-2.73,-9.37
0.16,-6.06,-4.86,-3.43,-2.8,-9.35
0.2,-5.74,-5.1,-3.39,-2.84,-9.33
0.25,-5.3,-5.47,-3.34,-2.9,-9.32
0.28,-5.05,-5.72,-3.33,-2.94,-9.31
0.32,-4.76,-6.17,-3.33,-2.99,-9.29
0.34,-4.66,-6.48,-3.34,-3.02,-9.29
0.37,-4.53,-7.04,-3.36,-3.06,-9.29
0.37,-4.52,-7.41,-3.38,-3.09,-9.29
0.38,-4.56,-7.96,-3.41,-3.14,-9.3
0.39,-4.63,-8.31,-3.43,-3.17,-9.32
0.42,-4.82,-8.76,-3.47,-3.22,-9.36
0.47,-5.06,-9.17,-3.5,-3.27,-9.41
0.51,-5.25,-9.42,-3.53,-3.31,-9.45
0.6,-5.52,-9.76,-3.57,-3.38,-9.51
0.66,-5.67,-10,-3.6,-3.42,-9.54
0.77,-5.81,-10.24,-3.66,-3.48,-9.58
0.87,-5.84,-10.36,-3.7,-3.51,-9.6
0.92,-5.71,-10.68,-3.79,-3.55,-9.64
0.92,-5.58,-10.91,-3.86,-3.6,-9.67
1.02,-5.39,-11.12,-3.99,-3.69,-9.73
1.11,-5.26,-11.28,-4.08,-3.73,-9.78
1.17,-5.09,-11.68,-4.25,-3.77,-9.84
1.18,-5.01,-12.05,-4.35,-3.8,-9.88
1.13,-4.93,-12.99,-4.5,-3.82,-9.93
1.07,-4.91,-13.81,-4.58,-3.85,-9.97
1.08,-5.11,-14.9,-4.67,-3.93,-10.04
  ,,,,,
,,,,,
,,,,,
2.01,2.84,3.36,-1.54,2.04,-8.88
2.02,3.13,3.66,-1.68,2.06,-8.91
1.87,3.47,4.27,-1.96,2.09,-8.92
1.65,3.68,4.74,-2.17,2.08,-8.91
1.32,4.04,5.49,-2.48,2.06,-8.89
1.13,4.31,6.08,-2.67,2.03,-8.87
0.88,4.69,7.01,-2.94,1.99,-8.84
0.77,4.99,7.46,-3.11,1.96,-8.82
0.71,5.5,8.1,-3.32,1.91,-8.79
0.79,5.61,8.97,-3.51,1.85,-8.78
0.93,5.37,9.56,-3.64,1.82,-8.79
1.17,4.64,10.33,-3.83,1.79,-8.81
1.3,4.06,10.72,-3.96,1.78,-8.81
1.37,3.27,11.23,-4.15,1.77,-8.8
1.25,2.95,11.48,-4.29,1.76,-8.78
0.9,2.82,11.73,-4.5,1.75,-8.73
0.6,2.91,11.84,-4.63,1.73,-8.7
0.06,3.14,11.94,-4.84,1.67,-8.66
-0.32,3.24,11.94,-4.97,1.63,-8.64
-0.88,3.21,11.8,-5.17,1.54,-8.62
-1.2,3.04,11.62,-5.29,1.47,-8.61
-1.59,2.64,11.31,-5.46,1.34,-8.61
-1.82,2.3,11.04,-5.56,1.25,-8.61
-2.06,1.74,10.62,-5.68,1.09,-8.63
-2.17,1.39,10.32,-5.75,0.98,-8.64
-2.27,0.99,9.84,-5.84,0.81,-8.67
-2.29,0.73,9.34,-5.9,0.64,-8.71
-2.29,0.64,8.98,-5.93,0.53,-8.74
-2.31,0.58,8.42,-5.99,0.37,-8.79
-2.34,0.57,8.04,-6.02,0.26,-8.82
-2.47,0.56,7.45,-6.08,0.11,-8.86
-2.59,0.56,7.07,-6.12,0,-8.88
-2.8,0.6,6.52,-6.19,-0.17,-8.92
-2.95,0.64,6.16,-6.25,-0.29,-8.94
-3.16,0.73,5.66,-6.33,-0.48,-8.96
-3.3,0.85,5.32,-6.4,-0.61,-8.98
-3.47,1.15,4.83,-6.53,-0.81,-9
-3.54,1.43,4.5,-6.62,-0.95,-9.01
-3.56,1.93,4.05,-6.77,-1.16,-9.03
-3.53,2.28,3.73,-6.89,-1.29,-9.04
-3.42,2.81,3.17,-7.1,-1.47,-9.07
-3.33,3.16,2.8,-7.26,-1.59,-9.1
-3.2,3.67,2.14,-7.53,-1.76,-9.14
-3.1,4.13,1.43,-7.83,-1.91,-9.18
-3.05,4.33,0.88,-8.04,-2.01,-9.22
-2.96,4.4,0,-8.36,-2.17,-9.28
-2.9,4.27,-0.64,-8.58,-2.26,-9.32
-2.79,3.87,-1.57,-8.72,-2.41,-9.4
-2.72,3.5,-2.2,-8.72,-2.49,-9.46
-2.64,2.81,-3.17,-8.72,-2.61,-9.56
-2.6,2.3,-3.83,-8.72,-2.7,-9.63
-2.53,1.55,-4.69,-8.72,-2.82,-9.74
-2.49,1.05,-5.29,-8.72,-2.89,-9.82
-2.42,0.22,-6.17,-8.72,-3.02,-9.94
-2.32,-0.34,-6.8,-8.72,-3.12,-10.03
-2.1,-1.18,-7.72,-8.72,-3.25,-10.17
-1.9,-1.77,-8.32,-8.72,-3.34,-10.27
-1.6,-2.69,-9.25,-8.72,-3.45,-10.41
-1.39,-3.34,-9.92,-8.72,-3.52,-10.51
-1.08,-4.37,-10.96,-8.72,-3.63,-10.65
-0.8,-5.38,-11.96,-8.72,-3.72,-10.81
-0.64,-6.05,-12.55,-8.72,-3.77,-10.91
-0.4,-6.96,-13.37,-8.72,-3.84,-11.06
-0.23,-7.51,-13.9,-8.72,-3.89,-11.17
0.07,-8.23,-14.68,-8.72,-3.95,-11.32
0.27,-8.65,-15.17,-8.72,-3.98,-11.42
0.59,-9.2,-15.92,-8.72,-4.02,-11.56
0.81,-9.51,-16.35,-8.72,-4.05,-11.64
1.16,-9.89,-16.96,-8.72,-4.08,-11.77
1.41,-10.07,-17.31,-8.72,-4.1,-11.85
1.81,-10.25,-17.74,-8.72,-4.12,-11.96
2.07,-10.29,-18.01,-8.72,-4.12,-12.02
2.43,-10.23,-18.36,-8.72,-4.11,-12.1
2.63,-10.1,-18.62,-8.72,-4.1,-12.14
2.92,-9.82,-18.96,-8.49,-4.08,-12.2
3.09,-9.58,-19.15,-8.27,-4.06,-12.23
3.33,-9.18,-19.32,-7.95,-4.03,-12.28
3.51,-8.81,-19.43,-7.63,-3.99,-12.32
3.62,-8.62,-19.39,-7.41,-3.96,-12.34
3.77,-8.32,-19.29,-7.06,-3.92,-12.37
3.84,-8.12,-19.23,-6.82,-3.9,-12.38
3.94,-7.9,-18.96,-6.43,-3.88,-12.39
4.01,-7.79,-18.71,-6.15,-3.86,-12.38
4.04,-7.74,-18.21,-5.69,-3.82,-12.37
4.03,-7.78,-17.89,-5.35,-3.78,-12.35
3.91,-7.66,-17.75,-4.8,-3.75,-12.29
3.87,-7.53,-17.5,-4.43,-3.74,-12.25
3.74,-7.16,-17.22,-3.88,-3.72,-12.19
3.62,-6.85,-17.01,-3.53,-3.7,-12.14
3.37,-6.18,-16.6,-3.04,-3.66,-12.06
3.14,-5.53,-16.38,-2.74,-3.62,-11.98
2.67,-4.25,-16.1,-2.36,-3.54,-11.83
2.2,-3.06,-16.1,-2.16,-3.49,-11.73
1.54,-1.17,-16.03,-1.93,-3.45,-11.59
0.84,0.67,-15.95,-1.78,-3.39,-11.46
0.35,1.75,-15.84,-1.72,-3.35,-11.37
-0.36,3.02,-15.64,-1.65,-3.29,-11.22
-0.84,3.62,-15.47,-1.62,-3.23,-11.11
-1.61,4.06,-15.4,-1.58,-3.12,-10.95
-2.12,4.02,-15.47,-1.55,-3.05,-10.85
  ,,,,,
,,,,,
,,,,,
2.38,3.21,4.42,-1.9,2.18,-9.06
2.24,3.42,4.9,-2.08,2.23,-9.11
2.18,3.51,5.26,-2.19,2.27,-9.15
1.99,3.56,5.8,-2.38,2.31,-9.21
1.81,3.55,6.28,-2.52,2.33,-9.23
1.48,3.59,6.94,-2.75,2.34,-9.23
1.23,3.73,7.29,-2.91,2.34,-9.21
0.86,4.28,7.76,-3.15,2.33,-9.18
0.54,4.95,8.38,-3.45,2.3,-9.17
0.32,5.19,8.68,-3.65,2.29,-9.16
0.03,5.27,8.98,-3.95,2.26,-9.15
-0.12,5.12,9.12,-4.16,2.23,-9.14
-0.26,4.71,9.32,-4.47,2.18,-9.14
-0.33,4.38,9.42,-4.67,2.15,-9.13
-0.49,3.9,9.48,-4.97,2.1,-9.11
-0.67,3.62,9.42,-5.15,2.05,-9.09
-1.01,3.16,9.26,-5.4,1.96,-9.05
-1.23,2.85,9.14,-5.55,1.89,-9.04
-1.5,2.29,8.91,-5.74,1.76,-9.03
-1.6,1.88,8.71,-5.86,1.68,-9.02
-1.66,1.28,8.38,-6.01,1.55,-9.03
-1.65,0.92,8.14,-6.1,1.46,-9.04
-1.6,0.46,7.71,-6.19,1.33,-9.05
-1.57,0.22,7.38,-6.25,1.24,-9.06
-1.59,-0.03,6.83,-6.31,1.12,-9.08
-1.67,-0.22,6.21,-6.37,0.99,-9.11
-1.75,-0.31,5.8,-6.41,0.89,-9.12
-1.86,-0.52,5.19,-6.47,0.74,-9.15
-1.91,-0.72,4.8,-6.51,0.63,-9.18
-1.94,-1.07,4.23,-6.58,0.46,-9.21
-1.91,-1.31,3.89,-6.62,0.34,-9.24
-1.79,-1.62,3.5,-6.7,0.17,-9.28
-1.68,-1.76,3.3,-6.76,0.05,-9.3
-1.44,-1.84,3.02,-6.86,-0.12,-9.34
-1.26,-1.8,2.86,-6.93,-0.24,-9.37
-0.97,-1.65,2.65,-7.03,-0.4,-9.4
-0.78,-1.49,2.49,-7.1,-0.5,-9.43
-0.55,-1.25,2.22,-7.22,-0.64,-9.47
-0.4,-1.09,2.07,-7.3,-0.74,-9.5
-0.25,-0.82,1.8,-7.43,-0.87,-9.55
-0.2,-0.64,1.56,-7.52,-0.96,-9.58
-0.09,-0.35,1.21,-7.68,-1.1,-9.64
0.01,-0.11,0.81,-7.83,-1.23,-9.7
0.07,-0.02,0.46,-7.94,-1.32,-9.74
0.19,0.01,-0.1,-8.11,-1.46,-9.8
0.29,-0.03,-0.46,-8.23,-1.54,-9.84
0.41,-0.25,-1.03,-8.42,-1.66,-9.91
0.49,-0.5,-1.47,-8.54,-1.75,-9.95
0.64,-0.89,-1.96,-8.72,-1.87,-10.01
0.75,-1.25,-2.37,-8.72,-1.94,-10.05
0.88,-1.94,-2.95,-8.72,-2.05,-10.12
0.94,-2.43,-3.34,-8.72,-2.12,-10.16
1.01,-3.18,-3.86,-8.72,-2.21,-10.24
1.07,-3.72,-4.21,-8.72,-2.27,-10.29
1.13,-4.49,-4.69,-8.72,-2.36,-10.36
1.17,-5,-5.02,-8.72,-2.42,-10.41
1.23,-5.63,-5.54,-8.72,-2.51,-10.48
1.27,-6.16,-6.12,-8.72,-2.59,-10.57
1.27,-6.47,-6.56,-8.72,-2.65,-10.63
1.26,-6.91,-7.21,-8.72,-2.73,-10.73
1.29,-7.17,-7.6,-8.72,-2.78,-10.79
1.32,-7.52,-8.24,-8.72,-2.85,-10.9
1.35,-7.69,-8.68,-8.72,-2.9,-10.97
1.42,-7.83,-9.33,-8.72,-2.98,-11.09
1.49,-7.89,-9.78,-8.72,-3.02,-11.17
1.62,-7.89,-10.48,-8.71,-3.08,-11.28
1.74,-7.84,-10.93,-8.62,-3.11,-11.35
1.93,-7.73,-11.6,-8.48,-3.16,-11.44
2.05,-7.61,-12.04,-8.4,-3.18,-11.5
2.26,-7.36,-12.68,-8.28,-3.21,-11.59
2.42,-7.17,-13.07,-8.2,-3.23,-11.64
2.65,-6.89,-13.64,-8.09,-3.24,-11.73
2.78,-6.69,-13.99,-8.02,-3.24,-11.78
2.96,-6.39,-14.41,-7.93,-3.22,-11.85
3.09,-6.09,-14.76,-7.86,-3.2,-11.92
3.16,-5.88,-14.96,-7.81,-3.18,-11.97
3.25,-5.54,-15.19,-7.73,-3.15,-12.03
3.31,-5.27,-15.32,-7.69,-3.12,-12.06
3.37,-4.88,-15.5,-7.64,-3.06,-12.11
3.4,-4.58,-15.64,-7.6,-3.01,-12.15
3.39,-4.14,-15.76,-7.56,-2.94,-12.19
3.36,-3.85,-15.88,-7.54,-2.89,-12.22
3.31,-3.45,-16.02,-7.5,-2.82,-12.26
3.28,-3.22,-16.1,-7.48,-2.76,-12.28
3.22,-2.94,-16.2,-7.43,-2.66,-12.3
3.13,-2.83,-16.23,-7.4,-2.6,-12.3
3.01,-2.73,-16.25,-7.35,-2.5,-12.3
2.92,-2.75,-16.25,-7.29,-2.43,-12.3
2.76,-2.84,-16.37,-7.19,-2.31,-12.28
2.62,-2.89,-16.49,-7.11,-2.23,-12.27
2.38,-2.98,-16.73,-6.97,-2.11,-12.24
2.11,-2.98,-17.06,-6.8,-2,-12.21
1.95,-2.9,-17.37,-6.68,-1.93,-12.18
1.74,-2.73,-17.75,-6.49,-1.83,-12.13
1.61,-2.61,-18,-6.36,-1.77,-12.09
1.44,-2.43,-18.33,-6.13,-1.66,-12.01
1.29,-2.31,-18.54,-5.96,-1.59,-11.94
1.03,-2.05,-19,-5.69,-1.48,-11.83
0.85,-1.85,-19.36,-5.49,-1.42,-11.75
0.65,-1.54,-19.88,-5.18,-1.32,-11.63
  ,,,,,
,,,,,
,,,,,
1.28,-4.36,-8.02,8.74,5.69,-8.11
1.23,-4.95,-7.35,8.74,5.61,-8.21
1.26,-5.46,-6.76,8.74,5.52,-8.31
1.33,-5.73,-6.47,8.74,5.46,-8.38
1.48,-5.94,-6.18,8.74,5.37,-8.5
1.62,-5.92,-6.1,8.74,5.31,-8.59
1.92,-5.61,-6.16,8.74,5.22,-8.72
2.15,-5.19,-6.28,8.74,5.17,-8.81
2.5,-4.25,-6.57,8.74,5.11,-8.96
2.74,-3.45,-6.81,8.74,5.07,-9.05
3.12,-2.08,-7.12,8.74,5.01,-9.19
3.34,-1.11,-7.29,8.74,4.98,-9.28
3.63,0.37,-7.42,8.74,4.94,-9.4
3.8,1.33,-7.42,8.74,4.92,-9.47
3.95,2.64,-7.35,8.74,4.9,-9.56
4,3.39,-7.27,8.71,4.89,-9.61
3.99,4.32,-7.07,8.29,4.86,-9.67
3.96,4.79,-6.85,7.99,4.84,-9.69
3.84,5.3,-6.44,7.53,4.8,-9.72
3.66,5.61,-5.92,7.09,4.75,-9.73
3.5,5.72,-5.5,6.8,4.71,-9.73
3.26,5.8,-4.67,6.39,4.63,-9.72
3.08,5.79,-4.01,6.14,4.57,-9.71
2.79,5.72,-2.86,5.79,4.47,-9.7
2.61,5.66,-2.06,5.58,4.39,-9.69
2.37,5.52,-0.88,5.29,4.27,-9.68
2.23,5.43,-0.16,5.1,4.19,-9.67
2.07,5.32,0.85,4.83,4.07,-9.65
1.98,5.29,1.47,4.66,4,-9.64
1.89,5.31,2.31,4.39,3.89,-9.61
1.85,5.37,2.77,4.21,3.82,-9.58
1.83,5.5,3.36,3.92,3.71,-9.54
1.85,5.56,3.7,3.73,3.65,-9.51
1.91,5.61,4.12,3.43,3.55,-9.45
1.96,5.6,4.38,3.12,3.46,-9.4
2.03,5.53,4.49,2.92,3.41,-9.35
2.13,5.36,4.55,2.61,3.33,-9.29
2.2,5.21,4.53,2.41,3.29,-9.25
2.31,4.93,4.42,2.11,3.24,-9.19
2.34,4.74,4.3,1.92,3.21,-9.15
2.38,4.41,4.07,1.65,3.17,-9.09
2.37,4.17,3.94,1.48,3.14,-9.05
2.33,3.83,3.83,1.25,3.11,-9
2.3,3.62,3.78,1.11,3.08,-8.97
2.27,3.3,3.73,0.92,3.05,-8.92
2.25,3.11,3.66,0.81,3.03,-8.89
2.23,2.85,3.56,0.65,3.01,-8.85
2.22,2.69,3.44,0.55,3,-8.83
2.22,2.49,3.2,0.43,2.99,-8.8
2.23,2.35,3.04,0.35,2.98,-8.78
2.25,2.14,2.78,0.26,2.97,-8.75
2.26,1.93,2.57,0.18,2.96,-8.73
2.27,1.79,2.46,0.13,2.96,-8.72
2.25,1.57,2.33,0.08,2.95,-8.7
2.23,1.41,2.29,0.06,2.95,-8.69
2.18,1.16,2.25,0.05,2.94,-8.67
2.12,0.98,2.23,0.04,2.94,-8.66
2.04,0.7,2.24,0.06,2.93,-8.64
1.96,0.52,2.25,0.07,2.92,-8.63
1.84,0.24,2.26,0.11,2.91,-8.61
1.76,0.07,2.27,0.14,2.9,-8.6
1.63,-0.14,2.28,0.19,2.89,-8.58
1.52,-0.26,2.29,0.22,2.88,-8.57
1.37,-0.4,2.34,0.28,2.86,-8.56
1.27,-0.46,2.38,0.32,2.85,-8.55
1.13,-0.53,2.44,0.38,2.83,-8.54
1.03,-0.57,2.47,0.41,2.82,-8.53
0.86,-0.62,2.52,0.47,2.8,-8.53
0.74,-0.7,2.55,0.52,2.77,-8.52
0.67,-0.75,2.59,0.55,2.75,-8.51
0.57,-0.83,2.7,0.6,2.71,-8.51
0.52,-0.88,2.81,0.63,2.69,-8.5
0.45,-0.91,2.99,0.67,2.65,-8.5
0.43,-0.91,3.12,0.69,2.63,-8.49
0.41,-0.82,3.3,0.71,2.59,-8.49
0.39,-0.75,3.41,0.72,2.57,-8.49
0.37,-0.61,3.54,0.72,2.54,-8.49
0.35,-0.53,3.65,0.71,2.51,-8.48
0.31,-0.44,3.74,0.7,2.48,-8.48
0.28,-0.38,3.78,0.68,2.46,-8.48
0.25,-0.31,3.81,0.63,2.42,-8.47
0.26,-0.29,3.8,0.6,2.4,-8.47
0.29,-0.27,3.73,0.55,2.36,-8.46
0.31,-0.26,3.68,0.51,2.33,-8.45
0.37,-0.27,3.59,0.45,2.29,-8.44
0.45,-0.3,3.47,0.39,2.26,-8.43
0.5,-0.32,3.39,0.35,2.23,-8.43
0.58,-0.34,3.25,0.29,2.19,-8.42
0.65,-0.35,3.14,0.24,2.17,-8.41
0.75,-0.34,2.94,0.19,2.14,-8.4
0.81,-0.32,2.76,0.16,2.11,-8.39
0.9,-0.31,2.49,0.11,2.08,-8.38
0.96,-0.33,2.32,0.09,2.07,-8.37
1.02,-0.4,2.06,0.06,2.04,-8.37
1.03,-0.48,1.89,0.04,2.02,-8.36
0.97,-0.8,1.63,0.05,1.99,-8.35
0.92,-1.18,1.53,0.08,1.97,-8.34
0.8,-1.88,1.37,0.17,1.95,-8.33
0.7,-2.34,1.33,0.24,1.93,-8.31
0.56,-2.9,1.41,0.39,1.89,-8.28
  ,,,,,
,,,,,
,,,,,
2.82,-0.69,4.94,-2.01,2.17,-9.17
2.53,-0.06,5.26,-2.06,2.19,-9.19
2.29,0.36,5.49,-2.11,2.2,-9.19
1.89,1.03,5.81,-2.21,2.2,-9.18
1.66,1.49,6.03,-2.29,2.18,-9.16
1.35,2.16,6.35,-2.43,2.15,-9.14
1.17,2.55,6.55,-2.54,2.12,-9.12
0.97,2.97,6.86,-2.72,2.06,-9.1
0.86,3.17,7.07,-2.84,2.01,-9.08
0.74,3.38,7.33,-3.02,1.93,-9.05
0.69,3.54,7.58,-3.21,1.84,-9.01
0.69,3.65,7.76,-3.35,1.77,-8.98
0.74,3.9,8.1,-3.57,1.66,-8.93
0.79,4.18,8.31,-3.73,1.59,-8.89
0.85,4.76,8.65,-3.99,1.48,-8.83
0.86,5.17,8.85,-4.17,1.42,-8.8
0.83,5.72,9.19,-4.46,1.32,-8.76
0.78,5.97,9.38,-4.66,1.25,-8.74
0.68,6.13,9.59,-4.97,1.15,-8.72
0.59,6.09,9.67,-5.18,1.09,-8.71
0.39,5.87,9.71,-5.5,0.99,-8.71
0.21,5.65,9.65,-5.71,0.92,-8.72
-0.08,5.25,9.44,-6.01,0.81,-8.74
-0.29,4.96,9.22,-6.21,0.73,-8.75
-0.62,4.6,8.83,-6.49,0.61,-8.78
-0.89,4.38,8.37,-6.77,0.48,-8.79
-1.03,4.31,8.04,-6.95,0.38,-8.8
-1.18,4.29,7.55,-7.21,0.22,-8.81
-1.24,4.29,7.22,-7.38,0.12,-8.82
-1.29,4.28,6.72,-7.64,-0.03,-8.84
-1.32,4.26,6.33,-7.82,-0.12,-8.85
-1.38,4.18,5.71,-8.1,-0.27,-8.88
-1.42,4.07,5.29,-8.28,-0.37,-8.9
-1.5,3.84,4.66,-8.56,-0.52,-8.94
-1.55,3.64,4.24,-8.72,-0.62,-8.97
-1.64,3.22,3.55,-8.72,-0.77,-9.02
-1.71,2.84,3.1,-8.72,-0.88,-9.06
-1.8,2.14,2.42,-8.72,-1.05,-9.13
-1.82,1.61,1.98,-8.72,-1.18,-9.18
-1.8,0.7,1.4,-8.72,-1.36,-9.26
-1.73,0.05,1.03,-8.72,-1.49,-9.32
-1.59,-1,0.54,-8.72,-1.67,-9.41
-1.37,-2.05,0.09,-8.72,-1.85,-9.5
-1.21,-2.73,-0.21,-8.72,-1.97,-9.57
-0.96,-3.65,-0.65,-8.72,-2.13,-9.66
-0.78,-4.2,-0.95,-8.72,-2.24,-9.73
-0.46,-4.87,-1.34,-8.72,-2.41,-9.82
-0.22,-5.22,-1.6,-8.72,-2.51,-9.89
0.12,-5.61,-1.93,-8.72,-2.65,-9.98
0.35,-5.79,-2.13,-8.72,-2.74,-10.05
0.68,-5.93,-2.39,-8.72,-2.86,-10.15
0.86,-5.98,-2.62,-8.72,-2.93,-10.22
1.08,-5.96,-3.02,-8.72,-3.02,-10.33
1.2,-5.91,-3.34,-8.72,-3.08,-10.4
1.34,-5.77,-3.91,-8.72,-3.16,-10.51
1.42,-5.63,-4.33,-8.72,-3.21,-10.58
1.52,-5.39,-5.06,-8.72,-3.27,-10.7
1.58,-5.23,-5.57,-8.72,-3.31,-10.77
1.65,-5.02,-6.4,-8.72,-3.36,-10.89
1.75,-4.83,-7.21,-8.72,-3.39,-11.01
1.84,-4.75,-7.72,-8.72,-3.4,-11.1
1.96,-4.68,-8.56,-8.72,-3.41,-11.23
2.04,-4.64,-9.18,-8.72,-3.4,-11.33
2.2,-4.6,-10.15,-8.72,-3.39,-11.47
2.32,-4.56,-10.83,-8.72,-3.38,-11.56
2.52,-4.48,-11.87,-8.72,-3.35,-11.7
2.68,-4.42,-12.56,-8.72,-3.32,-11.78
2.91,-4.32,-13.65,-8.72,-3.26,-11.91
3.03,-4.25,-14.37,-8.72,-3.21,-11.99
3.22,-4.09,-15.4,-8.72,-3.15,-12.1
3.39,-4,-15.99,-8.72,-3.11,-12.17
3.6,-3.86,-16.82,-8.72,-3.01,-12.27
3.68,-3.75,-17.35,-8.72,-2.94,-12.33
3.77,-3.59,-18.08,-8.72,-2.83,-12.4
3.82,-3.47,-18.55,-8.72,-2.75,-12.44
3.87,-3.26,-19.32,-8.72,-2.63,-12.49
3.89,-3.11,-20,-8.72,-2.52,-12.53
3.91,-3.04,-20,-8.72,-2.44,-12.56
3.92,-3.03,-20,-8.72,-2.32,-12.57
3.91,-3.05,-20,-8.72,-2.24,-12.57
3.85,-3.14,-20,-8.72,-2.11,-12.56
3.76,-3.23,-20,-8.72,-2.03,-12.55
3.55,-3.38,-20,-8.35,-1.9,-12.52
3.38,-3.49,-20,-7.99,-1.82,-12.5
3.1,-3.67,-20,-7.39,-1.71,-12.45
2.88,-3.78,-20,-6.95,-1.64,-12.41
2.51,-3.83,-20,-6.26,-1.54,-12.33
2.26,-3.79,-20,-5.77,-1.47,-12.26
1.89,-3.56,-20,-5.01,-1.36,-12.13
1.67,-3.28,-20,-4.5,-1.29,-12.03
1.32,-2.68,-20,-3.73,-1.18,-11.87
1.09,-2.24,-20,-3.22,-1.11,-11.75
0.76,-1.51,-20,-2.45,-1.01,-11.55
0.43,-0.76,-20,-1.71,-0.89,-11.34
0.22,-0.32,-20,-1.23,-0.8,-11.19
-0.13,0.18,-20,-0.54,-0.65,-10.96
-0.38,0.4,-20,-0.09,-0.55,-10.79
-0.85,0.61,-20,0.57,-0.37,-10.53
-1.19,0.68,-20,0.99,-0.25,-10.35
-1.73,0.79,-20,1.63,-0.06,-10.06
  ,,,,,
,,,,,
,,,,,
2.77,-3.74,8.16,-4.12,2.33,-9.1
2.1,-4.39,9.11,-4.09,2.28,-9.09
1.77,-4.54,9.72,-4.01,2.24,-9.09
1.39,-4.5,10.52,-3.86,2.16,-9.08
1.24,-4.36,11,-3.75,2.1,-9.07
1.1,-4,11.7,-3.57,2.01,-9.06
1.02,-3.68,12.06,-3.46,1.96,-9.05
0.95,-3.01,12.44,-3.31,1.88,-9.04
0.89,-2.53,12.59,-3.24,1.83,-9.04
0.8,-1.84,12.68,-3.16,1.76,-9.06
0.68,-1.46,12.66,-3.15,1.71,-9.07
0.47,-1.09,12.5,-3.16,1.64,-9.08
0.28,-0.96,12.28,-3.2,1.59,-9.09
-0.05,-0.85,11.88,-3.27,1.5,-9.09
-0.29,-0.82,11.58,-3.34,1.43,-9.09
-0.65,-0.85,11.09,-3.44,1.31,-9.1
-0.86,-0.86,10.8,-3.51,1.22,-9.1
-1.14,-0.86,10.31,-3.62,1.08,-9.12
-1.36,-0.78,9.81,-3.74,0.94,-9.13
-1.51,-0.65,9.45,-3.83,0.84,-9.14
-1.76,-0.32,8.9,-3.98,0.69,-9.16
-1.89,-0.04,8.58,-4.08,0.58,-9.18
-2.08,0.62,7.96,-4.25,0.42,-9.21
-2.17,1.12,7.45,-4.38,0.29,-9.26
-2.17,1.5,7.45,-4.57,0.1,-9.33
-2.3,1.87,7.12,-4.71,0.03,-9.34
-2.48,2.66,6.45,-4.94,-0.11,-9.33
-2.52,3.23,6.04,-5.11,-0.21,-9.34
-2.5,4.1,5.43,-5.38,-0.38,-9.34
-2.39,4.68,5.04,-5.57,-0.5,-9.34
-2.17,5.5,4.43,-5.9,-0.66,-9.35
-1.97,6,4.03,-6.13,-0.76,-9.36
-1.65,6.69,3.44,-6.49,-0.91,-9.38
-1.43,7.1,3.03,-6.75,-1.01,-9.39
-1.13,7.62,2.36,-7.15,-1.14,-9.41
-0.85,8.02,1.67,-7.55,-1.27,-9.43
-0.66,8.2,1.21,-7.83,-1.35,-9.45
-0.38,8.41,0.5,-8.24,-1.47,-9.47
-0.2,8.49,0,-8.51,-1.55,-9.49
0.06,8.47,-0.74,-8.72,-1.67,-9.51
0.23,8.37,-1.26,-8.72,-1.74,-9.53
0.45,8.04,-2.15,-8.72,-1.85,-9.57
0.59,7.67,-2.75,-8.72,-1.93,-9.59
0.81,6.99,-3.45,-8.72,-2.04,-9.63
0.92,6.44,-3.9,-8.72,-2.09,-9.66
1.03,5.52,-4.56,-8.72,-2.16,-9.7
1.08,4.92,-5.02,-8.72,-2.21,-9.72
1.17,4.03,-5.61,-8.72,-2.28,-9.78
1.24,3.42,-5.97,-8.72,-2.33,-9.82
1.31,2.44,-6.53,-8.72,-2.4,-9.89
1.38,1.76,-6.9,-8.72,-2.45,-9.95
1.52,0.66,-7.41,-8.72,-2.54,-10.04
1.7,-0.5,-7.9,-8.72,-2.63,-10.14
1.81,-1.31,-8.22,-8.72,-2.69,-10.21
1.97,-2.49,-8.73,-8.72,-2.78,-10.32
2.1,-3.21,-8.99,-8.72,-2.83,-10.39
2.28,-4.28,-9.35,-8.72,-2.9,-10.5
2.36,-4.93,-9.6,-8.72,-2.94,-10.57
2.45,-5.84,-10.01,-8.72,-3,-10.69
2.51,-6.44,-10.29,-8.72,-3.04,-10.77
2.58,-7.21,-10.69,-8.72,-3.1,-10.89
2.62,-7.67,-10.99,-8.72,-3.14,-10.96
2.66,-8.27,-11.48,-8.72,-3.19,-11.07
2.68,-8.61,-11.84,-8.72,-3.22,-11.13
2.67,-8.98,-12.42,-8.72,-3.26,-11.22
2.63,-9.16,-12.82,-8.45,-3.29,-11.27
2.47,-9.29,-13.38,-7.96,-3.33,-11.33
2.34,-9.27,-13.73,-7.65,-3.35,-11.36
2.08,-9.08,-14.26,-7.19,-3.39,-11.4
1.77,-8.65,-14.76,-6.78,-3.43,-11.41
1.57,-8.24,-15.1,-6.52,-3.46,-11.42
1.31,-7.42,-15.59,-6.18,-3.51,-11.41
1.2,-6.75,-15.9,-5.99,-3.54,-11.4
1.1,-5.55,-16.4,-5.75,-3.58,-11.37
1.09,-4.66,-16.72,-5.64,-3.59,-11.35
1.14,-3.31,-17.2,-5.54,-3.6,-11.31
1.2,-2.4,-17.53,-5.52,-3.59,-11.28
1.31,-1.05,-18.08,-5.55,-3.57,-11.24
1.41,-0.19,-18.44,-5.61,-3.54,-11.21
1.57,0.98,-18.97,-5.77,-3.48,-11.16
1.68,1.6,-19.37,-5.91,-3.42,-11.13
1.88,2.27,-20,-6.14,-3.3,-11.08
1.98,2.54,-20,-6.3,-3.21,-11.04
2.06,2.6,-20,-6.52,-3.06,-10.98
2.1,2.38,-20,-6.65,-2.96,-10.94
2.1,1.73,-20,-6.79,-2.79,-10.87
2.05,0.76,-20,-6.87,-2.61,-10.8
1.9,0.08,-20,-6.89,-2.47,-10.76
1.56,-0.91,-20,-6.85,-2.28,-10.69
1.33,-1.55,-20,-6.76,-2.17,-10.65
1.02,-2.48,-20,-6.54,-2.01,-10.58
0.81,-3,-20,-6.33,-1.9,-10.53
0.48,-3.7,-20,-5.95,-1.73,-10.44
0.26,-4.09,-20,-5.65,-1.62,-10.37
-0.06,-4.49,-20,-5.14,-1.44,-10.25
-0.28,-4.64,-20,-4.78,-1.32,-10.16
-0.63,-4.7,-20,-4.2,-1.12,-10
-0.86,-4.64,-20,-3.79,-0.99,-9.87
-1.2,-4.37,-20,-3.17,-0.79,-9.66
-1.45,-4.08,-20,-2.74,-0.64,-9.5
  ,,,,,
,,,,,
,,,,,
0.75,-2.65,4.49,1.5,1.53,-8.22
0.99,-2.95,4.46,1.53,1.48,-8.25
1.19,-3.11,4.45,1.55,1.45,-8.27
1.55,-3.11,4.48,1.54,1.39,-8.28
1.84,-2.9,4.41,1.52,1.36,-8.28
2.19,-2.37,4.37,1.48,1.34,-8.27
2.27,-1.87,4.42,1.45,1.35,-8.24
2.23,-0.75,4.19,1.35,1.36,-8.2
2.2,-0.05,4.03,1.23,1.35,-8.19
2.19,0.8,3.85,0.97,1.33,-8.19
2.25,1.49,3.54,0.67,1.3,-8.19
2.33,1.82,3.26,0.47,1.27,-8.19
2.58,1.98,2.77,0.18,1.25,-8.21
2.75,1.75,2.36,0.02,1.25,-8.23
2.92,1.06,1.58,-0.15,1.27,-8.26
2.97,0.48,1.12,-0.24,1.28,-8.28
2.95,-0.42,0.46,-0.31,1.3,-8.3
2.87,-0.98,0.07,-0.33,1.32,-8.31
2.63,-1.71,-0.43,-0.31,1.34,-8.31
2.43,-2.09,-0.73,-0.27,1.35,-8.3
2.15,-2.52,-1.18,-0.18,1.37,-8.29
2,-2.7,-1.43,-0.12,1.38,-8.27
1.85,-2.81,-1.74,-0.01,1.39,-8.26
1.81,-2.78,-1.9,0.05,1.39,-8.25
1.8,-2.72,-2.07,0.14,1.4,-8.25
1.79,-2.75,-2.1,0.2,1.42,-8.25
1.66,-2.91,-2.01,0.31,1.45,-8.23
1.46,-3.03,-1.87,0.44,1.48,-8.21
1.35,-3.08,-1.75,0.54,1.49,-8.19
1.2,-3.06,-1.5,0.67,1.51,-8.17
1.15,-3.01,-1.33,0.75,1.52,-8.17
1.13,-2.85,-1.03,0.87,1.53,-8.18
1.13,-2.65,-0.86,0.93,1.54,-8.18
1.2,-2.39,-0.54,1.01,1.54,-8.2
1.26,-2.21,-0.34,1.07,1.56,-8.21
1.31,-1.95,-0.09,1.13,1.59,-8.23
1.28,-1.75,0.01,1.17,1.61,-8.24
1.17,-1.4,0.12,1.18,1.64,-8.27
1.08,-1.19,0.23,1.18,1.65,-8.28
0.93,-0.79,0.41,1.15,1.66,-8.3
0.83,-0.54,0.54,1.11,1.65,-8.3
0.76,-0.14,0.67,1.04,1.64,-8.31
0.77,0.12,0.73,0.98,1.62,-8.31
0.88,0.49,0.78,0.89,1.6,-8.32
1.01,0.79,0.79,0.79,1.59,-8.33
1.09,0.96,0.77,0.72,1.59,-8.34
1.19,1.17,0.69,0.61,1.58,-8.36
1.24,1.29,0.62,0.53,1.58,-8.37
1.28,1.36,0.5,0.4,1.58,-8.37
1.27,1.37,0.41,0.32,1.57,-8.37
1.27,1.29,0.29,0.19,1.57,-8.36
1.26,1.2,0.2,0.11,1.57,-8.36
1.25,0.97,0.03,-0.01,1.57,-8.36
1.24,0.79,-0.06,-0.09,1.56,-8.36
1.22,0.49,-0.2,-0.19,1.56,-8.35
1.2,0.25,-0.29,-0.24,1.56,-8.35
1.18,-0.14,-0.41,-0.31,1.56,-8.35
1.16,-0.43,-0.47,-0.35,1.56,-8.35
1.14,-0.85,-0.54,-0.38,1.56,-8.34
1.13,-1.13,-0.59,-0.39,1.56,-8.34
1.15,-1.52,-0.65,-0.39,1.55,-8.34
1.18,-1.83,-0.7,-0.37,1.55,-8.34
1.21,-1.99,-0.73,-0.35,1.55,-8.34
1.26,-2.2,-0.74,-0.31,1.55,-8.33
1.29,-2.3,-0.72,-0.28,1.55,-8.34
1.33,-2.41,-0.72,-0.22,1.55,-8.34
1.36,-2.47,-0.71,-0.19,1.56,-8.34
1.37,-2.51,-0.72,-0.13,1.56,-8.34
1.39,-2.52,-0.71,-0.09,1.56,-8.34
1.4,-2.48,-0.67,-0.03,1.57,-8.34
1.41,-2.44,-0.63,0.01,1.57,-8.34
1.42,-2.36,-0.58,0.07,1.57,-8.34
1.43,-2.29,-0.55,0.1,1.57,-8.34
1.47,-2.16,-0.5,0.14,1.57,-8.35
1.49,-2.07,-0.45,0.17,1.58,-8.35
1.52,-1.94,-0.42,0.2,1.58,-8.35
1.53,-1.86,-0.4,0.22,1.58,-8.36
1.53,-1.75,-0.39,0.24,1.58,-8.36
1.53,-1.64,-0.38,0.25,1.59,-8.36
1.52,-1.58,-0.37,0.26,1.59,-8.36
1.48,-1.47,-0.35,0.27,1.6,-8.36
1.47,-1.41,-0.36,0.27,1.6,-8.36
1.44,-1.31,-0.35,0.27,1.6,-8.36
1.42,-1.26,-0.35,0.27,1.6,-8.36
1.39,-1.19,-0.34,0.26,1.6,-8.36
1.37,-1.15,-0.32,0.25,1.6,-8.36
1.34,-1.09,-0.31,0.24,1.6,-8.36
1.33,-1.06,-0.3,0.23,1.6,-8.36
1.33,-1.02,-0.28,0.21,1.6,-8.36
1.34,-1,-0.28,0.19,1.6,-8.35
1.36,-1,-0.28,0.17,1.6,-8.35
1.34,-0.99,-0.27,0.16,1.6,-8.35
1.35,-0.99,-0.25,0.14,1.6,-8.35
1.36,-1,-0.26,0.13,1.6,-8.35
1.36,-1,-0.29,0.11,1.6,-8.35
1.35,-0.98,-0.28,0.09,1.6,-8.35
1.35,-0.97,-0.27,0.08,1.6,-8.35
1.34,-0.96,-0.29,0.06,1.6,-8.35
1.34,-0.96,-0.3,0.05,1.6,-8.35
1.34,-0.98,-0.33,0.03,1.6,-8.35
  ,,,,,
,,,,,
,,,,,
-0.47,3.73,4.14,-2.57,1.9,-8.69
-0.69,4.06,4.36,-2.76,1.87,-8.68
-0.75,4.25,4.51,-2.9,1.84,-8.68
-0.77,4.33,4.75,-3.12,1.81,-8.68
-0.76,4.25,4.87,-3.27,1.79,-8.67
-0.87,3.88,5.03,-3.49,1.78,-8.66
-1.17,3.46,5.11,-3.6,1.77,-8.62
-1.65,3.12,5.09,-3.75,1.75,-8.56
-1.86,3.1,5.06,-3.87,1.72,-8.54
-1.96,3.43,5.09,-4.09,1.63,-8.52
-1.9,3.9,5.06,-4.26,1.57,-8.51
-1.72,4.96,4.95,-4.55,1.47,-8.48
-1.58,5.8,4.87,-4.76,1.4,-8.47
-1.4,6.98,4.82,-5.13,1.29,-8.45
-1.33,7.53,4.78,-5.41,1.21,-8.44
-1.36,7.85,4.7,-5.89,1.1,-8.44
-1.49,7.55,4.62,-6.39,0.99,-8.44
-1.63,7.12,4.56,-6.73,0.91,-8.44
-1.85,6.33,4.49,-7.23,0.77,-8.42
-1.98,5.83,4.43,-7.54,0.66,-8.41
-2.1,5.2,4.36,-8,0.49,-8.39
-2.12,4.92,4.29,-8.28,0.37,-8.38
-2.09,4.72,4.22,-8.69,0.2,-8.38
-2.04,4.69,4.14,-8.72,0.08,-8.38
-1.92,4.71,3.99,-8.72,-0.1,-8.4
-1.84,4.74,3.88,-8.72,-0.22,-8.41
-1.73,4.81,3.64,-8.72,-0.38,-8.44
-1.68,4.8,3.41,-8.72,-0.49,-8.46
-1.64,4.66,3.02,-8.72,-0.65,-8.5
-1.63,4.49,2.72,-8.72,-0.76,-8.53
-1.61,4.06,2.21,-8.72,-0.93,-8.59
-1.58,3.67,1.82,-8.72,-1.05,-8.64
-1.5,2.98,1.16,-8.72,-1.21,-8.72
-1.4,2.24,0.42,-8.72,-1.38,-8.81
-1.34,1.75,-0.09,-8.72,-1.49,-8.88
-1.19,1.01,-0.91,-8.72,-1.65,-8.99
-1.09,0.53,-1.51,-8.72,-1.75,-9.07
-0.92,-0.21,-2.43,-8.72,-1.9,-9.19
-0.8,-0.74,-3.06,-8.72,-1.99,-9.27
-0.64,-1.49,-4.01,-8.72,-2.12,-9.39
-0.54,-1.97,-4.65,-8.72,-2.2,-9.48
-0.39,-2.66,-5.62,-8.72,-2.32,-9.61
-0.29,-3.07,-6.28,-8.72,-2.39,-9.7
-0.19,-3.58,-7.4,-8.72,-2.5,-9.84
-0.14,-3.85,-8.21,-8.72,-2.57,-9.94
-0.03,-4.19,-9.53,-8.72,-2.68,-10.09
0.08,-4.45,-10.38,-8.72,-2.74,-10.2
0.24,-4.87,-11.65,-8.72,-2.83,-10.35
0.42,-5.23,-12.49,-8.72,-2.88,-10.46
0.77,-5.8,-13.68,-8.72,-2.95,-10.63
1.19,-6.47,-14.9,-8.72,-3,-10.82
1.52,-6.93,-15.71,-8.72,-3.02,-10.94
2.07,-7.6,-16.88,-8.72,-3.04,-11.13
2.46,-8.04,-17.6,-8.72,-3.03,-11.25
2.97,-8.66,-18.76,-8.72,-3.01,-11.43
3.28,-9.04,-19.49,-8.72,-2.99,-11.56
3.72,-9.6,-20,-8.72,-2.95,-11.73
3.98,-9.93,-20,-8.72,-2.91,-11.84
4.32,-10.34,-20,-8.72,-2.83,-12
4.5,-10.56,-20,-8.72,-2.78,-12.1
4.75,-10.81,-20,-8.72,-2.68,-12.24
4.88,-10.9,-20,-8.72,-2.61,-12.32
4.98,-10.9,-20,-8.72,-2.48,-12.43
5.02,-10.8,-20,-8.72,-2.39,-12.5
5.14,-10.58,-20,-8.72,-2.26,-12.58
5.23,-10.36,-20,-8.72,-2.16,-12.63
5.37,-10.04,-20,-8.72,-2,-12.69
5.47,-9.58,-20,-8.72,-1.82,-12.73
5.42,-9.14,-20,-8.72,-1.69,-12.73
5.24,-8.37,-20,-8.72,-1.54,-12.74
5.16,-7.8,-20,-8.72,-1.45,-12.73
4.99,-6.95,-20,-8.72,-1.31,-12.72
4.8,-6.42,-20,-8.72,-1.2,-12.7
4.39,-5.71,-20,-8.72,-1.05,-12.65
4.03,-5.32,-20,-8.7,-0.95,-12.61
3.41,-4.89,-20,-7.94,-0.81,-12.52
2.96,-4.68,-20,-7.41,-0.72,-12.45
2.22,-4.44,-20,-6.58,-0.6,-12.32
1.72,-4.25,-20,-6.02,-0.53,-12.23
1.05,-3.88,-20,-5.17,-0.45,-12.08
0.65,-3.52,-19.76,-4.6,-0.39,-11.97
0.1,-2.77,-19.34,-3.76,-0.3,-11.8
-0.27,-2.12,-19.19,-3.21,-0.24,-11.68
-0.77,-0.94,-19.17,-2.43,-0.16,-11.48
-1.17,0.37,-19.33,-1.7,-0.08,-11.28
-1.41,1.27,-19.58,-1.24,-0.01,-11.14
-1.69,2.55,-20,-0.61,0.1,-10.91
-1.85,3.32,-20,-0.22,0.17,-10.74
-2.02,4.32,-20,0.31,0.29,-10.49
-2.07,4.87,-20,0.64,0.37,-10.31
-2.09,5.51,-20,1.11,0.49,-10.04
-2.04,5.81,-20,1.4,0.58,-9.86
-1.88,6.09,-20,1.84,0.71,-9.6
-1.74,6.17,-20,2.14,0.79,-9.43
-1.48,6.19,-20,2.56,0.93,-9.18
-1.3,6.2,-20,2.84,1.03,-9.03
-1,6.25,-20,3.24,1.17,-8.81
-0.8,6.31,-20,3.5,1.26,-8.68
-0.54,6.41,-20,3.89,1.4,-8.49
-0.38,6.48,-20,4.14,1.5,-8.38
  ,,,,,
,,,,,
,,,,,
2.58,3.91,-4.6,8.74,4.26,-10.06
2.48,4.35,-3.89,8.74,4.2,-10.07
2.4,4.64,-3.43,8.74,4.17,-10.08
2.25,5.07,-2.71,8.74,4.1,-10.07
2.15,5.36,-2.15,8.74,4.06,-10.06
2.04,5.79,-1.23,8.5,3.98,-10.05
1.96,6.11,-0.58,8.21,3.92,-10.04
1.9,6.53,0.35,7.78,3.83,-10.03
1.91,6.75,0.99,7.48,3.77,-10.02
1.95,7.08,1.91,7.04,3.7,-9.99
1.94,7.4,2.61,6.58,3.63,-9.96
1.94,7.58,3.02,6.27,3.59,-9.94
1.93,7.81,3.55,5.81,3.52,-9.9
1.93,7.92,3.84,5.49,3.47,-9.87
1.91,7.95,4.15,5.02,3.4,-9.82
1.87,7.93,4.29,4.71,3.35,-9.78
1.84,7.82,4.45,4.26,3.27,-9.72
1.84,7.72,4.49,3.97,3.23,-9.68
1.84,7.61,4.5,3.55,3.16,-9.61
1.86,7.55,4.5,3.27,3.12,-9.57
1.91,7.48,4.45,2.87,3.06,-9.5
1.96,7.43,4.39,2.62,3.03,-9.46
2.03,7.37,4.25,2.25,2.99,-9.4
2.06,7.33,4.14,2.02,2.96,-9.36
2.11,7.25,3.95,1.68,2.93,-9.3
2.11,7.15,3.86,1.47,2.91,-9.26
2.08,6.9,3.75,1.17,2.89,-9.21
2.02,6.49,3.64,0.91,2.86,-9.16
1.96,6.19,3.54,0.75,2.84,-9.11
1.86,5.71,3.31,0.55,2.82,-9.05
1.8,5.42,3.14,0.43,2.8,-9
1.73,5.05,2.83,0.28,2.77,-8.93
1.69,4.87,2.63,0.2,2.76,-8.89
1.63,4.6,2.35,0.09,2.74,-8.83
1.58,4.41,2.18,0.03,2.73,-8.79
1.48,4.12,1.95,-0.03,2.71,-8.73
1.41,3.92,1.84,-0.07,2.7,-8.7
1.28,3.59,1.73,-0.1,2.67,-8.65
1.19,3.37,1.67,-0.12,2.65,-8.62
1.03,3.01,1.64,-0.12,2.62,-8.57
0.91,2.74,1.64,-0.11,2.59,-8.55
0.72,2.26,1.66,-0.07,2.56,-8.51
0.54,1.75,1.68,-0.01,2.52,-8.48
0.43,1.41,1.68,0.04,2.5,-8.46
0.27,0.93,1.7,0.13,2.46,-8.44
0.17,0.66,1.72,0.19,2.44,-8.42
0.05,0.37,1.74,0.28,2.41,-8.4
-0.01,0.23,1.78,0.34,2.38,-8.39
-0.06,0.11,1.82,0.42,2.35,-8.37
-0.09,0.09,1.85,0.47,2.33,-8.36
-0.11,0.1,1.91,0.54,2.3,-8.34
-0.11,0.12,1.96,0.57,2.27,-8.33
-0.07,0.12,1.99,0.61,2.24,-8.32
-0.04,0.12,1.98,0.62,2.22,-8.31
0.01,0.1,1.96,0.64,2.2,-8.3
0.06,0.08,1.93,0.64,2.18,-8.29
0.14,0.09,1.89,0.64,2.17,-8.29
0.22,0.11,1.85,0.63,2.15,-8.28
0.32,0.19,1.81,0.61,2.14,-8.28
0.41,0.29,1.76,0.58,2.13,-8.28
0.45,0.37,1.74,0.56,2.13,-8.28
0.53,0.49,1.72,0.52,2.12,-8.27
0.56,0.54,1.7,0.49,2.11,-8.27
0.63,0.62,1.66,0.43,2.11,-8.27
0.66,0.68,1.62,0.4,2.1,-8.26
0.73,0.77,1.58,0.33,2.1,-8.26
0.78,0.85,1.54,0.28,2.09,-8.26
0.84,0.98,1.48,0.2,2.09,-8.25
0.87,1.05,1.43,0.15,2.08,-8.25
0.92,1.12,1.38,0.06,2.08,-8.24
0.93,1.11,1.37,0.01,2.08,-8.24
0.94,0.97,1.36,-0.07,2.07,-8.24
0.94,0.79,1.36,-0.11,2.06,-8.23
0.93,0.44,1.37,-0.16,2.04,-8.23
0.89,0.14,1.41,-0.18,2.03,-8.22
0.84,-0.33,1.59,-0.19,2,-8.21
0.82,-0.84,1.95,-0.19,1.95,-8.2
0.81,-1.22,2.31,-0.18,1.92,-8.19
0.76,-1.77,3.05,-0.16,1.87,-8.19
0.72,-2.15,3.58,-0.13,1.83,-8.19
0.63,-2.65,4.25,-0.09,1.77,-8.21
0.57,-2.94,4.62,-0.05,1.72,-8.22
0.65,-3.2,4.92,0.02,1.64,-8.24
0.79,-3.18,4.98,0.05,1.6,-8.25
1.03,-2.85,4.98,0.09,1.52,-8.28
1.19,-2.52,4.84,0.11,1.48,-8.29
1.36,-1.99,4.42,0.14,1.42,-8.3
1.45,-1.69,4,0.16,1.39,-8.31
1.61,-1.44,3.26,0.2,1.34,-8.32
1.74,-1.35,2.73,0.22,1.32,-8.33
1.94,-1.16,1.85,0.25,1.3,-8.32
2.11,-0.91,0.94,0.28,1.3,-8.31
2.19,-0.83,0.44,0.3,1.3,-8.31
2.17,-1.06,-0.06,0.33,1.3,-8.33
2.1,-1.45,-0.29,0.35,1.3,-8.36
1.95,-2.19,-0.55,0.41,1.3,-8.39
1.87,-2.62,-0.65,0.46,1.3,-8.4
1.79,-2.95,-0.77,0.56,1.31,-8.38
1.77,-2.88,-0.83,0.63,1.31,-8.36
1.81,-2.37,-0.87,0.72,1.33,-8.34
  ,,,,,
,,,,,
,,,,,
0.45,2.49,5.74,-2.3,1.24,-8.53
0.45,2.95,5.87,-2.43,1.19,-8.48
0.43,3.4,5.94,-2.54,1.16,-8.44
0.41,4.26,6.09,-2.73,1.1,-8.38
0.42,4.88,6.24,-2.9,1.07,-8.35
0.42,5.91,6.3,-3.2,1.01,-8.3
0.43,6.64,6.32,-3.43,0.97,-8.27
0.45,7.74,6.28,-3.84,0.89,-8.23
0.42,8.81,6.24,-4.3,0.81,-8.19
0.37,9.47,6.19,-4.64,0.75,-8.17
0.3,10.35,6.05,-5.18,0.65,-8.13
0.23,10.82,5.89,-5.57,0.58,-8.1
0.12,11.36,5.6,-6.17,0.46,-8.07
0.06,11.59,5.39,-6.58,0.37,-8.05
-0.03,11.78,5.05,-7.22,0.24,-8.02
-0.07,11.82,4.81,-7.65,0.14,-8
-0.12,11.79,4.42,-8.31,-0.01,-7.99
-0.15,11.7,4.12,-8.72,-0.11,-7.98
-0.16,11.48,3.63,-8.72,-0.27,-7.96
-0.17,11.28,3.28,-8.72,-0.37,-7.96
-0.19,10.92,2.67,-8.72,-0.53,-7.96
-0.21,10.61,2.22,-8.72,-0.63,-7.97
-0.23,10.07,1.47,-8.72,-0.78,-8
-0.26,9.67,0.96,-8.72,-0.88,-8.03
-0.33,8.97,0.11,-8.72,-1.04,-8.08
-0.4,8.15,-0.83,-8.72,-1.2,-8.15
-0.46,7.52,-1.5,-8.72,-1.31,-8.21
-0.53,6.44,-2.61,-8.72,-1.46,-8.31
-0.58,5.66,-3.38,-8.72,-1.57,-8.39
-0.61,4.41,-4.63,-8.72,-1.72,-8.53
-0.62,3.54,-5.5,-8.72,-1.82,-8.62
-0.65,2.24,-6.82,-8.72,-1.96,-8.76
-0.69,1.41,-7.7,-8.72,-2.05,-8.86
-0.75,0.21,-8.98,-8.72,-2.18,-9.02
-0.79,-0.55,-9.84,-8.72,-2.27,-9.13
-0.81,-1.66,-11.1,-8.72,-2.4,-9.3
-0.77,-2.38,-11.92,-8.72,-2.48,-9.42
-0.67,-3.4,-13.14,-8.72,-2.6,-9.61
-0.59,-4.03,-13.97,-8.72,-2.67,-9.74
-0.41,-4.9,-15.18,-8.72,-2.77,-9.93
-0.23,-5.48,-15.96,-8.72,-2.83,-10.06
0.12,-6.36,-17.13,-8.72,-2.92,-10.27
0.6,-7.32,-18.2,-8.72,-2.97,-10.49
0.94,-8,-18.91,-8.72,-2.99,-10.65
1.52,-9.06,-19.83,-8.72,-3.02,-10.88
1.92,-9.83,-20,-8.72,-3.02,-11.03
2.46,-11.02,-20,-8.72,-2.99,-11.24
2.77,-11.8,-20,-8.72,-2.96,-11.37
3.17,-12.96,-20,-8.72,-2.9,-11.54
3.39,-13.62,-20,-8.72,-2.85,-11.63
3.65,-14.38,-20,-8.72,-2.78,-11.76
3.82,-14.77,-20,-8.72,-2.74,-11.84
4.1,-15.17,-20,-8.72,-2.68,-11.96
4.27,-15.28,-20,-8.72,-2.63,-12.03
4.51,-15.11,-20,-8.72,-2.53,-12.12
4.64,-14.79,-19.89,-8.72,-2.47,-12.16
4.7,-14.06,-19.43,-8.72,-2.36,-12.2
4.69,-13.42,-19.11,-8.72,-2.28,-12.22
4.61,-12.32,-18.6,-8.72,-2.18,-12.23
4.4,-11.05,-18.21,-8.72,-2.07,-12.23
4.21,-10.14,-18.06,-8.72,-2,-12.21
3.89,-8.72,-17.98,-8.72,-1.9,-12.17
3.72,-7.79,-17.98,-8.72,-1.84,-12.14
3.53,-6.46,-18.06,-8.16,-1.76,-12.06
3.45,-5.64,-18.15,-7.75,-1.71,-12
3.36,-4.59,-18.25,-7.14,-1.62,-11.9
3.32,-4.02,-18.28,-6.72,-1.55,-11.83
3.24,-3.37,-18.33,-6.08,-1.44,-11.72
3.16,-3.06,-18.33,-5.64,-1.36,-11.64
2.92,-2.67,-18.38,-4.94,-1.23,-11.5
2.69,-2.43,-18.45,-4.46,-1.14,-11.41
2.3,-2.04,-18.65,-3.73,-1.02,-11.25
2.05,-1.71,-18.82,-3.23,-0.94,-11.14
1.72,-1.11,-19.16,-2.5,-0.83,-10.97
1.55,-0.65,-19.46,-2.02,-0.75,-10.86
1.36,0.04,-19.99,-1.31,-0.62,-10.69
1.23,0.72,-20,-0.63,-0.48,-10.51
1.18,1.14,-20,-0.2,-0.38,-10.37
1.1,1.68,-20,0.41,-0.21,-10.16
1.03,1.97,-20,0.79,-0.09,-10.01
0.92,2.31,-20,1.35,0.09,-9.77
0.85,2.44,-20,1.71,0.21,-9.6
0.74,2.52,-20,2.24,0.4,-9.34
0.68,2.51,-20,2.59,0.53,-9.18
0.57,2.42,-20,3.09,0.73,-8.94
0.5,2.36,-20,3.41,0.85,-8.79
0.4,2.28,-20,3.88,1.04,-8.57
0.34,2.25,-20,4.18,1.16,-8.43
0.26,2.27,-20,4.61,1.35,-8.23
0.22,2.3,-20,4.88,1.46,-8.11
0.17,2.39,-20,5.26,1.64,-7.94
0.14,2.46,-20,5.49,1.75,-7.83
0.1,2.55,-20,5.8,1.92,-7.69
0.07,2.58,-20,6.08,2.08,-7.56
0.07,2.57,-20,6.24,2.19,-7.49
0.07,2.47,-20,6.47,2.35,-7.39
0.08,2.35,-20,6.61,2.46,-7.33
0.09,2.1,-20,6.8,2.62,-7.25
0.09,1.89,-20,6.91,2.72,-7.21
0.11,1.55,-20,7.07,2.87,-7.15
  ,,,,,
,,,,,
,,,,,
3.76,-1.83,-6.49,8.74,4.28,-9.01
3.76,-0.95,-6.26,8.74,4.22,-9.03
3.8,-0.37,-6.11,8.74,4.18,-9.04
3.85,0.46,-5.83,8.74,4.12,-9.06
3.89,0.94,-5.6,8.68,4.08,-9.08
3.95,1.49,-5.15,8.38,4.01,-9.1
4,1.74,-4.79,8.18,3.97,-9.12
4.01,2,-4.2,7.87,3.92,-9.13
3.97,2.13,-3.8,7.67,3.89,-9.12
3.85,2.33,-3.21,7.38,3.83,-9.11
3.75,2.45,-2.77,7.19,3.79,-9.09
3.64,2.63,-2.11,6.92,3.73,-9.06
3.56,2.78,-1.7,6.76,3.69,-9.04
3.39,3.03,-1.1,6.5,3.63,-9.02
3.24,3.27,-0.45,6.25,3.57,-9
3.13,3.46,-0.04,6.07,3.52,-8.98
2.94,3.78,0.56,5.8,3.46,-8.95
2.85,3.99,0.96,5.62,3.41,-8.92
2.69,4.31,1.51,5.35,3.34,-8.88
2.58,4.48,1.86,5.16,3.29,-8.85
2.45,4.64,2.3,4.87,3.22,-8.81
2.36,4.68,2.54,4.67,3.16,-8.78
2.24,4.66,2.85,4.39,3.08,-8.75
2.19,4.55,3.04,4.2,3.02,-8.73
2.16,4.27,3.24,3.94,2.95,-8.7
2.16,4.04,3.34,3.77,2.91,-8.68
2.15,3.73,3.31,3.52,2.86,-8.64
2.15,3.57,3.22,3.37,2.83,-8.62
2.15,3.38,3.02,3.15,2.78,-8.59
2.19,3.22,2.78,2.95,2.74,-8.56
2.21,3.13,2.57,2.82,2.72,-8.55
2.24,2.99,2.24,2.64,2.7,-8.54
2.25,2.89,2.05,2.53,2.68,-8.53
2.24,2.74,1.78,2.36,2.66,-8.53
2.24,2.6,1.61,2.26,2.66,-8.52
2.19,2.35,1.34,2.1,2.65,-8.52
2.13,2.17,1.16,1.99,2.65,-8.52
2.02,1.9,0.93,1.85,2.65,-8.51
1.93,1.7,0.81,1.76,2.64,-8.51
1.77,1.36,0.63,1.65,2.63,-8.51
1.65,1.11,0.51,1.59,2.62,-8.51
1.5,0.75,0.4,1.51,2.6,-8.52
1.44,0.48,0.41,1.47,2.58,-8.52
1.32,0.08,0.47,1.42,2.57,-8.53
1.23,-0.12,0.52,1.4,2.56,-8.53
1.15,-0.3,0.61,1.38,2.54,-8.54
1.1,-0.38,0.76,1.36,2.53,-8.53
1.08,-0.36,0.89,1.35,2.51,-8.53
1.08,-0.25,1.16,1.34,2.49,-8.53
1.08,-0.13,1.36,1.33,2.48,-8.53
1.09,0.08,1.65,1.3,2.46,-8.53
1.1,0.22,1.84,1.28,2.45,-8.53
1.11,0.42,2.07,1.23,2.43,-8.54
1.12,0.53,2.21,1.2,2.41,-8.54
1.16,0.67,2.4,1.14,2.39,-8.54
1.18,0.73,2.5,1.09,2.37,-8.54
1.22,0.8,2.58,1.02,2.35,-8.53
1.26,0.82,2.61,0.97,2.33,-8.53
1.3,0.85,2.59,0.89,2.31,-8.52
1.34,0.85,2.56,0.83,2.29,-8.51
1.38,0.83,2.47,0.75,2.27,-8.5
1.4,0.81,2.38,0.7,2.25,-8.5
1.45,0.75,2.21,0.62,2.23,-8.49
1.5,0.68,2.03,0.54,2.21,-8.48
1.52,0.62,1.92,0.48,2.19,-8.47
1.6,0.57,1.74,0.41,2.17,-8.46
1.65,0.54,1.61,0.35,2.15,-8.45
1.71,0.48,1.42,0.28,2.13,-8.43
1.74,0.43,1.3,0.24,2.12,-8.43
1.77,0.31,1.09,0.17,2.1,-8.42
1.79,0.19,0.96,0.14,2.08,-8.41
1.82,0.03,0.79,0.09,2.06,-8.4
1.84,-0.08,0.68,0.07,2.04,-8.39
1.85,-0.22,0.57,0.04,2.02,-8.37
1.88,-0.28,0.49,0.03,2.01,-8.36
1.92,-0.34,0.41,0.01,1.99,-8.35
1.95,-0.37,0.38,0.01,1.98,-8.34
1.98,-0.39,0.37,0,1.96,-8.32
1.99,-0.38,0.37,0,1.95,-8.31
1.99,-0.37,0.36,-0.01,1.94,-8.3
2,-0.34,0.39,-0.01,1.93,-8.28
1.99,-0.33,0.38,-0.01,1.92,-8.28
2,-0.32,0.34,-0.01,1.91,-8.26
2,-0.33,0.31,0,1.9,-8.26
2.01,-0.44,0.29,0.02,1.89,-8.24
2,-0.58,0.29,0.04,1.89,-8.24
1.96,-0.81,0.3,0.08,1.88,-8.22
1.95,-0.97,0.33,0.12,1.87,-8.21
1.95,-1.15,0.48,0.18,1.86,-8.2
1.98,-1.19,0.62,0.23,1.85,-8.19
2.04,-1.17,0.91,0.28,1.83,-8.18
2.06,-1.11,1.13,0.32,1.82,-8.18
2.07,-0.98,1.51,0.35,1.81,-8.19
2.05,-0.88,1.76,0.37,1.8,-8.19
2.01,-0.73,2.12,0.37,1.79,-8.2
1.94,-0.63,2.42,0.36,1.78,-8.21
1.77,-0.52,2.87,0.32,1.76,-8.23
1.54,-0.41,3.21,0.26,1.74,-8.26
1.37,-0.34,3.37,0.21,1.72,-8.28
1.14,-0.29,3.49,0.12,1.68,-8.3
  ,,,,,
,,,,,
,,,,,
1.84,3.69,4.9,-1.98,1.62,-8.61
1.74,4,5.34,-2.18,1.62,-8.6
1.6,4.1,5.57,-2.32,1.62,-8.59
1.41,4.17,5.82,-2.54,1.61,-8.59
1.32,4.13,6.05,-2.69,1.6,-8.57
1.18,4.1,6.44,-2.92,1.58,-8.55
1.08,4.17,6.7,-3.08,1.56,-8.53
0.92,4.37,6.9,-3.33,1.54,-8.53
0.82,4.63,6.98,-3.61,1.51,-8.52
0.77,4.81,7.03,-3.8,1.48,-8.52
0.71,4.99,7.09,-4.12,1.43,-8.49
0.67,5.07,7.1,-4.33,1.4,-8.47
0.55,5.21,7.09,-4.66,1.35,-8.44
0.42,5.29,7.13,-4.88,1.31,-8.42
0.08,5.46,7.15,-5.23,1.25,-8.39
-0.18,5.6,7.12,-5.46,1.2,-8.38
-0.55,5.85,7,-5.83,1.1,-8.35
-0.79,6.02,6.89,-6.08,1.02,-8.33
-1.1,6.27,6.74,-6.47,0.87,-8.3
-1.28,6.4,6.6,-6.74,0.77,-8.29
-1.52,6.46,6.32,-7.15,0.61,-8.28
-1.64,6.39,6.07,-7.42,0.5,-8.29
-1.78,6.16,5.66,-7.83,0.32,-8.32
-1.85,5.91,5.39,-8.1,0.21,-8.34
-1.94,5.43,4.92,-8.5,0.02,-8.37
-2.02,4.91,4.41,-8.72,-0.17,-8.4
-2.06,4.57,4.05,-8.72,-0.3,-8.42
-2.05,4.08,3.47,-8.72,-0.51,-8.45
-2.01,3.75,3.08,-8.72,-0.64,-8.48
-1.91,3.31,2.46,-8.72,-0.84,-8.53
-1.83,3.02,2.05,-8.72,-0.97,-8.57
-1.71,2.56,1.38,-8.72,-1.17,-8.63
-1.63,2.22,0.91,-8.72,-1.29,-8.68
-1.52,1.67,0.16,-8.72,-1.48,-8.77
-1.45,1.28,-0.36,-8.72,-1.6,-8.83
-1.37,0.68,-1.16,-8.72,-1.78,-8.92
-1.32,0.27,-1.73,-8.72,-1.91,-8.99
-1.24,-0.32,-2.59,-8.72,-2.08,-9.1
-1.18,-0.7,-3.17,-8.72,-2.2,-9.17
-1.07,-1.24,-4.05,-8.72,-2.36,-9.29
-0.93,-1.78,-4.99,-8.72,-2.52,-9.41
-0.81,-2.14,-5.66,-8.72,-2.62,-9.49
-0.6,-2.69,-6.67,-8.72,-2.76,-9.62
-0.44,-3.08,-7.37,-8.72,-2.84,-9.71
-0.19,-3.71,-8.43,-8.72,-2.96,-9.84
-0.02,-4.13,-9.14,-8.72,-3.02,-9.93
0.22,-4.79,-10.19,-8.72,-3.1,-10.06
0.38,-5.25,-10.87,-8.72,-3.15,-10.14
0.65,-5.86,-11.89,-8.72,-3.22,-10.27
0.86,-6.2,-12.53,-8.72,-3.27,-10.36
1.2,-6.53,-13.46,-8.72,-3.32,-10.49
1.45,-6.68,-14.02,-8.72,-3.35,-10.57
1.88,-6.76,-14.84,-8.72,-3.38,-10.7
2.18,-6.79,-15.33,-8.72,-3.39,-10.79
2.69,-6.77,-16,-8.72,-3.39,-10.92
3.05,-6.74,-16.43,-8.72,-3.38,-11
3.57,-6.68,-17.07,-8.72,-3.34,-11.11
4.06,-6.69,-17.71,-8.72,-3.28,-11.2
4.35,-6.68,-18.13,-8.72,-3.23,-11.25
4.75,-6.62,-18.76,-8.72,-3.14,-11.32
4.98,-6.58,-19.17,-8.72,-3.08,-11.36
5.26,-6.5,-19.72,-8.72,-2.97,-11.41
5.42,-6.42,-20,-8.72,-2.9,-11.45
5.6,-6.25,-20,-8.72,-2.78,-11.49
5.69,-6.13,-20,-8.72,-2.7,-11.52
5.82,-5.93,-20,-8.72,-2.57,-11.56
5.87,-5.79,-20,-8.72,-2.48,-11.58
5.88,-5.61,-20,-8.72,-2.35,-11.59
5.86,-5.53,-20,-8.72,-2.26,-11.6
5.76,-5.54,-20,-8.72,-2.13,-11.6
5.68,-5.66,-20,-8.72,-2.05,-11.59
5.46,-5.99,-20,-8.72,-1.91,-11.57
5.27,-6.28,-20,-8.72,-1.82,-11.54
4.92,-6.67,-20,-8.72,-1.68,-11.47
4.58,-6.91,-20,-8.28,-1.56,-11.39
4.37,-6.96,-20,-7.8,-1.48,-11.32
4.07,-6.81,-20,-7.02,-1.37,-11.19
3.9,-6.59,-20,-6.47,-1.29,-11.1
3.67,-6.08,-20,-5.61,-1.19,-10.94
3.56,-5.67,-20,-5.02,-1.13,-10.82
3.45,-5,-20,-4.12,-1.03,-10.63
3.38,-4.54,-20,-3.52,-0.95,-10.49
3.25,-3.83,-20,-2.6,-0.83,-10.27
3.16,-3.35,-20,-1.99,-0.74,-10.12
2.98,-2.65,-20,-1.07,-0.62,-9.9
2.87,-2.16,-20,-0.48,-0.53,-9.74
2.73,-1.45,-20,0.38,-0.4,-9.52
2.66,-0.99,-20,0.94,-0.31,-9.37
2.56,-0.32,-20,1.74,-0.15,-9.14
2.49,0.09,-20,2.25,-0.04,-8.99
2.35,0.66,-20,2.98,0.15,-8.77
2.15,1.11,-20,3.64,0.35,-8.55
1.99,1.34,-20,4.05,0.49,-8.4
1.73,1.6,-20,4.61,0.7,-8.2
1.54,1.72,-20,4.95,0.85,-8.08
1.22,1.8,-20,5.43,1.08,-7.9
0.99,1.79,-20,5.72,1.22,-7.79
0.67,1.67,-20,6.12,1.44,-7.65
0.46,1.55,-20,6.36,1.59,-7.57
0.2,1.3,-20,6.69,1.8,-7.46
  ,,,,,
,,,,,
,,,,,
-0.56,0.93,-20,8.74,3.39,-6.6
-0.65,0.74,-20,8.74,3.52,-6.57
-0.79,0.42,-20,8.74,3.69,-6.54
-0.89,0.03,-20,8.74,3.85,-6.52
-0.95,-0.23,-20,8.74,3.94,-6.51
-0.98,-0.69,-20,8.74,4.07,-6.52
-0.99,-1.01,-20,8.74,4.15,-6.53
-0.97,-1.49,-20,8.74,4.26,-6.57
-0.94,-1.81,-20,8.74,4.33,-6.6
-0.88,-2.28,-20,8.74,4.41,-6.65
-0.82,-2.58,-20,8.74,4.45,-6.7
-0.66,-3.02,-20,8.74,4.51,-6.78
-0.52,-3.31,-20,8.74,4.54,-6.83
-0.28,-3.73,-19.78,8.74,4.59,-6.92
-0.1,-4,-19.37,8.74,4.62,-6.98
0.19,-4.36,-18.74,8.74,4.66,-7.08
0.41,-4.59,-18.34,8.74,4.68,-7.15
0.74,-4.89,-17.83,8.74,4.69,-7.27
0.99,-5.07,-17.51,8.74,4.7,-7.35
1.36,-5.33,-17.14,8.74,4.71,-7.48
1.75,-5.56,-16.78,8.74,4.72,-7.61
2.01,-5.7,-16.57,8.74,4.73,-7.69
2.4,-5.9,-16.28,8.74,4.75,-7.82
2.62,-6.03,-16.07,8.74,4.77,-7.9
2.91,-6.17,-15.73,8.74,4.8,-8.02
3.05,-6.24,-15.44,8.74,4.81,-8.1
3.2,-6.28,-14.94,8.74,4.84,-8.22
3.27,-6.27,-14.58,8.74,4.86,-8.3
3.33,-6.19,-13.99,8.74,4.88,-8.42
3.34,-6.1,-13.62,8.74,4.9,-8.5
3.34,-5.93,-13.06,8.74,4.91,-8.62
3.32,-5.78,-12.65,8.74,4.93,-8.69
3.31,-5.53,-11.98,8.74,4.94,-8.8
3.28,-5.36,-11.49,8.74,4.96,-8.87
3.2,-5.06,-10.71,8.74,4.97,-8.97
3.15,-4.85,-10.16,8.74,4.97,-9.03
3.08,-4.57,-9.35,8.74,4.97,-9.12
2.99,-4.32,-8.6,8.74,4.96,-9.19
2.93,-4.2,-8.15,8.74,4.95,-9.24
2.85,-4.05,-7.57,8.74,4.93,-9.31
2.81,-3.98,-7.24,8.74,4.91,-9.35
2.81,-3.93,-6.81,8.74,4.87,-9.42
2.82,-3.89,-6.55,8.74,4.84,-9.46
2.89,-3.78,-6.25,8.52,4.8,-9.51
2.97,-3.64,-6.05,8.37,4.76,-9.54
3.11,-3.3,-5.75,8.15,4.71,-9.58
3.22,-2.98,-5.57,8,4.67,-9.6
3.39,-2.38,-5.28,7.78,4.61,-9.62
3.51,-1.92,-5.09,7.63,4.57,-9.64
3.69,-1.18,-4.74,7.39,4.51,-9.66
3.8,-0.66,-4.5,7.22,4.46,-9.67
3.94,0.13,-4.18,6.95,4.4,-9.69
4.01,0.64,-3.97,6.76,4.36,-9.7
4.12,1.37,-3.64,6.45,4.3,-9.72
4.17,1.82,-3.39,6.24,4.27,-9.73
4.2,2.44,-2.98,5.89,4.22,-9.73
4.16,3.01,-2.57,5.54,4.18,-9.71
4.1,3.33,-2.26,5.3,4.15,-9.7
3.96,3.73,-1.8,4.95,4.1,-9.67
3.86,3.92,-1.45,4.72,4.06,-9.66
3.74,4.09,-0.85,4.38,3.99,-9.63
3.69,4.12,-0.45,4.17,3.94,-9.61
3.57,4.07,0.18,3.87,3.87,-9.57
3.49,3.99,0.59,3.68,3.82,-9.55
3.4,3.83,1.24,3.42,3.74,-9.5
3.36,3.69,1.66,3.26,3.68,-9.47
3.28,3.46,2.22,3.05,3.6,-9.42
3.24,3.29,2.53,2.92,3.55,-9.39
3.14,3.03,2.92,2.74,3.47,-9.34
3.1,2.86,3.15,2.64,3.41,-9.3
3.03,2.54,3.43,2.51,3.33,-9.25
2.94,2.22,3.59,2.4,3.25,-9.19
2.9,2.03,3.67,2.34,3.2,-9.16
2.87,1.76,3.74,2.27,3.12,-9.1
2.86,1.64,3.79,2.22,3.06,-9.07
2.88,1.49,3.86,2.16,2.99,-9.02
2.91,1.44,3.93,2.13,2.94,-8.99
2.97,1.41,4.03,2.09,2.88,-8.94
3.01,1.43,4.05,2.05,2.85,-8.91
3.05,1.5,4,2,2.81,-8.86
3.07,1.58,3.93,1.97,2.78,-8.83
3.08,1.72,3.8,1.92,2.75,-8.79
3.07,1.81,3.71,1.88,2.73,-8.77
3.05,1.92,3.53,1.82,2.71,-8.73
3.01,1.98,3.36,1.78,2.7,-8.71
2.95,2.05,3,1.71,2.69,-8.67
2.9,2.1,2.72,1.66,2.68,-8.65
2.81,2.18,2.31,1.58,2.68,-8.62
2.75,2.23,2.05,1.52,2.67,-8.61
2.6,2.24,1.7,1.43,2.67,-8.58
2.45,2.21,1.39,1.34,2.66,-8.57
2.34,2.16,1.23,1.27,2.66,-8.56
2.15,2.04,1.06,1.18,2.65,-8.55
2,1.9,0.97,1.13,2.64,-8.54
1.79,1.63,0.88,1.06,2.62,-8.53
1.64,1.41,0.84,1.03,2.6,-8.53
1.41,0.99,0.82,0.99,2.58,-8.52
1.27,0.68,0.85,0.98,2.56,-8.52
1.07,0.23,0.92,0.98,2.52,-8.52
0.96,-0.04,1.01,0.99,2.5,-8.52
  ,,,,,
,,,,,
,,,,,
2.19,-1.49,3.46,0.06,1.51,-8.26
2.48,-1.78,3.36,0.05,1.46,-8.29
2.67,-1.96,3.25,0.06,1.45,-8.31
2.91,-2.08,3.04,0.06,1.44,-8.34
3.07,-2.02,2.88,0.05,1.43,-8.34
3.3,-1.69,2.63,0.04,1.44,-8.33
3.43,-1.35,2.45,0.03,1.45,-8.32
3.55,-0.79,2.16,0,1.47,-8.29
3.58,-0.48,1.95,-0.02,1.48,-8.28
3.55,-0.2,1.56,-0.06,1.5,-8.28
3.48,-0.14,1.29,-0.08,1.51,-8.28
3.34,-0.16,0.89,-0.1,1.53,-8.28
3.26,-0.23,0.57,-0.12,1.55,-8.27
3.23,-0.34,0.11,-0.14,1.56,-8.27
3.28,-0.38,-0.16,-0.15,1.57,-8.26
3.39,-0.4,-0.51,-0.14,1.58,-8.26
3.5,-0.39,-0.74,-0.13,1.6,-8.26
3.53,-0.44,-0.85,-0.12,1.62,-8.27
3.48,-0.61,-0.92,-0.11,1.64,-8.3
3.36,-0.82,-0.96,-0.1,1.66,-8.31
3.11,-1.19,-1.03,-0.08,1.69,-8.33
2.9,-1.41,-1.08,-0.06,1.7,-8.34
2.61,-1.63,-1.15,-0.01,1.71,-8.35
2.44,-1.66,-1.16,0.02,1.71,-8.36
2.25,-1.53,-1.07,0.07,1.7,-8.36
2.19,-1.34,-0.95,0.1,1.69,-8.37
2.15,-1,-0.71,0.14,1.68,-8.37
2.15,-0.76,-0.55,0.16,1.68,-8.37
2.17,-0.44,-0.32,0.18,1.68,-8.38
2.16,-0.3,-0.2,0.19,1.68,-8.39
2.12,-0.19,-0.07,0.2,1.69,-8.4
2.09,-0.17,-0.01,0.2,1.69,-8.41
2.03,-0.18,0.05,0.21,1.69,-8.42
1.97,-0.16,0.08,0.21,1.69,-8.43
1.95,-0.12,0.11,0.21,1.69,-8.43
1.92,-0.05,0.11,0.21,1.69,-8.43
1.9,0.03,0.08,0.2,1.69,-8.44
1.89,0.13,0.03,0.19,1.69,-8.44
1.86,0.18,-0.01,0.17,1.69,-8.45
1.83,0.21,-0.09,0.14,1.69,-8.45
1.82,0.19,-0.14,0.12,1.69,-8.45
1.81,0.16,-0.24,0.09,1.68,-8.45
1.83,0.12,-0.29,0.06,1.68,-8.46
1.84,0.07,-0.38,0.03,1.67,-8.46
1.85,0.03,-0.43,0,1.67,-8.46
1.87,-0.01,-0.5,-0.04,1.67,-8.46
1.88,-0.04,-0.56,-0.06,1.66,-8.46
1.9,-0.08,-0.62,-0.1,1.66,-8.46
1.92,-0.12,-0.66,-0.13,1.66,-8.46
1.96,-0.17,-0.69,-0.17,1.66,-8.45
1.99,-0.23,-0.72,-0.21,1.65,-8.45
2.02,-0.28,-0.73,-0.24,1.65,-8.45
2.04,-0.37,-0.76,-0.28,1.65,-8.45
2.05,-0.44,-0.76,-0.3,1.65,-8.44
2.07,-0.54,-0.74,-0.33,1.65,-8.44
2.09,-0.62,-0.72,-0.35,1.65,-8.44
2.09,-0.74,-0.69,-0.38,1.65,-8.44
2.09,-0.81,-0.67,-0.39,1.65,-8.43
2.08,-0.92,-0.64,-0.41,1.65,-8.43
2.07,-1,-0.6,-0.41,1.65,-8.43
2.05,-1.13,-0.58,-0.41,1.65,-8.43
2.04,-1.23,-0.56,-0.41,1.64,-8.43
2.02,-1.38,-0.54,-0.39,1.64,-8.43
2.03,-1.48,-0.53,-0.37,1.64,-8.43
2.04,-1.6,-0.52,-0.34,1.63,-8.43
2.05,-1.66,-0.52,-0.32,1.63,-8.43
2.08,-1.7,-0.5,-0.28,1.62,-8.43
2.11,-1.69,-0.48,-0.24,1.62,-8.43
2.12,-1.67,-0.48,-0.21,1.62,-8.43
2.13,-1.6,-0.46,-0.18,1.62,-8.43
2.15,-1.54,-0.46,-0.15,1.61,-8.43
2.16,-1.48,-0.46,-0.12,1.61,-8.43
2.16,-1.42,-0.45,-0.1,1.61,-8.43
2.16,-1.35,-0.43,-0.07,1.61,-8.43
2.17,-1.31,-0.42,-0.05,1.6,-8.43
2.18,-1.24,-0.39,-0.03,1.6,-8.43
2.19,-1.19,-0.38,-0.02,1.6,-8.43
2.21,-1.1,-0.35,0,1.6,-8.43
2.22,-1.03,-0.33,0.01,1.59,-8.43
2.25,-0.94,-0.29,0.02,1.59,-8.43
2.26,-0.88,-0.26,0.02,1.59,-8.43
2.27,-0.78,-0.2,0.02,1.59,-8.43
2.27,-0.72,-0.17,0.02,1.59,-8.43
2.27,-0.63,-0.13,0.02,1.59,-8.43
2.27,-0.55,-0.1,0.01,1.59,-8.43
2.27,-0.51,-0.08,0,1.59,-8.42
2.28,-0.46,-0.06,-0.01,1.58,-8.42
2.29,-0.43,-0.05,-0.02,1.58,-8.42
2.31,-0.38,-0.05,-0.04,1.58,-8.42
2.32,-0.36,-0.06,-0.05,1.58,-8.41
2.32,-0.32,-0.08,-0.08,1.58,-8.41
2.33,-0.3,-0.11,-0.09,1.58,-8.41
2.34,-0.3,-0.14,-0.12,1.58,-8.4
2.33,-0.32,-0.16,-0.13,1.58,-8.4
2.3,-0.38,-0.2,-0.16,1.59,-8.4
2.27,-0.44,-0.24,-0.17,1.59,-8.4
2.24,-0.54,-0.29,-0.19,1.59,-8.39
2.21,-0.62,-0.32,-0.2,1.59,-8.39
2.17,-0.76,-0.37,-0.22,1.58,-8.39
2.16,-0.88,-0.4,-0.22,1.58,-8.39
  ,,,,,
