-1.94,-2.86,2.84,0.15,0.4,-8.44
-2.18,-2.51,2.97,0.22,0.36,-8.39
-2.53,-1.83,3.14,0.31,0.28,-8.34
-2.67,-1.33,3.31,0.34,0.2,-8.31
-2.72,-0.64,3.57,0.34,0.08,-8.3
-2.64,-0.25,3.73,0.32,-0.01,-8.31
-2.39,0.14,3.9,0.27,-0.13,-8.33
-2.18,0.29,3.97,0.23,-0.2,-8.35
-1.83,0.41,4.02,0.16,-0.3,-8.36
-1.5,0.42,4.01,0.09,-0.38,-8.36
-1.29,0.41,3.98,0.04,-0.43,-8.35
-1,0.42,3.91,-0.02,-0.49,-8.33
-0.84,0.44,3.87,-0.06,-0.53,-8.31
-0.64,0.53,3.81,-0.12,-0.59,-8.29
-0.52,0.61,3.8,-0.16,-0.62,-8.27
-0.35,0.77,3.76,-0.22,-0.67,-8.26
-0.25,0.9,3.73,-0.27,-0.7,-8.25
-0.13,1.12,3.71,-0.35,-0.75,-8.23
-0.06,1.26,3.71,-0.42,-0.77,-8.22
0.04,1.45,3.71,-0.52,-0.82,-8.21
0.09,1.56,3.72,-0.6,-0.85,-8.2
0.17,1.69,3.72,-0.72,-0.89,-8.19
0.21,1.77,3.7,-0.8,-0.91,-8.17
0.27,1.85,3.67,-0.93,-0.96,-8.16
0.3,1.86,3.63,-1.02,-0.99,-8.15
0.34,1.86,3.56,-1.15,-1.04,-8.13
0.41,1.79,3.46,-1.27,-1.09,-8.12
0.47,1.7,3.39,-1.35,-1.13,-8.11
0.59,1.56,3.27,-1.47,-1.19,-8.1
0.67,1.47,3.18,-1.55,-1.23,-8.09
0.82,1.32,3.07,-1.67,-1.29,-8.08
0.92,1.25,2.98,-1.75,-1.32,-8.07
1.1,1.16,2.87,-1.88,-1.38,-8.06
1.21,1.12,2.77,-1.96,-1.42,-8.05
1.37,1.08,2.61,-2.08,-1.47,-8.03
1.48,1.04,2.52,-2.16,-1.5,-8.02
1.67,0.96,2.41,-2.28,-1.55,-8
1.79,0.92,2.32,-2.36,-1.58,-8
1.95,0.81,2.15,-2.48,-1.61,-7.98
2.06,0.72,2.05,-2.56,-1.64,-7.97
2.2,0.53,1.88,-2.67,-1.67,-7.96
2.27,0.36,1.78,-2.75,-1.69,-7.96
2.37,0.07,1.63,-2.85,-1.72,-7.95
2.43,-0.26,1.46,-2.95,-1.76,-7.93
2.45,-0.49,1.34,-3.01,-1.78,-7.93
2.49,-0.83,1.11,-3.09,-1.82,-7.92
2.53,-1.05,0.97,-3.14,-1.84,-7.91
2.57,-1.36,0.76,-3.21,-1.88,-7.9
2.6,-1.52,0.62,-3.25,-1.91,-7.9
2.66,-1.73,0.4,-3.31,-1.96,-7.9
2.71,-1.84,0.23,-3.35,-1.99,-7.89
2.78,-2,-0.03,-3.41,-2.04,-7.89
2.83,-2.08,-0.23,-3.45,-2.07,-7.89
2.92,-2.15,-0.46,-3.52,-2.12,-7.88
3,-2.19,-0.61,-3.57,-2.15,-7.88
3.11,-2.25,-0.91,-3.65,-2.2,-7.88
3.19,-2.29,-1.14,-3.71,-2.23,-7.88
3.31,-2.38,-1.51,-3.79,-2.28,-7.87
3.39,-2.46,-1.76,-3.85,-2.31,-7.87
3.5,-2.59,-2.18,-3.94,-2.35,-7.87
3.62,-2.76,-2.59,-4.03,-2.39,-7.87
3.71,-2.89,-2.84,-4.09,-2.42,-7.87
3.84,-3.08,-3.21,-4.19,-2.46,-7.88
3.93,-3.2,-3.46,-4.26,-2.48,-7.88
4.06,-3.38,-3.85,-4.37,-2.52,-7.89
4.15,-3.49,-4.1,-4.45,-2.55,-7.89
4.28,-3.65,-4.48,-4.57,-2.58,-7.9
4.36,-3.74,-4.77,-4.66,-2.6,-7.91
4.47,-3.88,-5.18,-4.8,-2.63,-7.92
4.54,-3.99,-5.45,-4.9,-2.65,-7.93
4.64,-4.19,-5.88,-5.06,-2.68,-7.95
4.69,-4.35,-6.19,-5.16,-2.7,-7.96
4.78,-4.63,-6.67,-5.31,-2.73,-7.98
4.84,-4.86,-7,-5.41,-2.74,-8
4.92,-5.25,-7.47,-5.55,-2.76,-8.04
5,-5.74,-7.94,-5.68,-2.79,-8.08
5.05,-6.08,-8.28,-5.74,-2.8,-8.1
5.09,-6.67,-8.81,-5.83,-2.82,-8.13
5.11,-7.09,-9.12,-5.88,-2.83,-8.15
5.17,-7.71,-9.48,-5.92,-2.84,-8.18
5.18,-8.09,-9.69,-5.92,-2.85,-8.2
5.21,-8.57,-9.92,-5.92,-2.87,-8.24
5.24,-8.89,-10.04,-5.91,-2.89,-8.27
5.29,-9.25,-10.12,-5.87,-2.91,-8.33
5.35,-9.46,-10.16,-5.85,-2.92,-8.36
5.41,-9.75,-10.13,-5.8,-2.92,-8.42
5.38,-9.89,-10.2,-5.75,-2.91,-8.45
5.31,-10.06,-10.28,-5.69,-2.9,-8.5
5.26,-10.17,-10.27,-5.65,-2.89,-8.54
5.21,-10.3,-10.2,-5.61,-2.88,-8.59
5.17,-10.36,-10.14,-5.59,-2.86,-8.62
5.16,-10.31,-10.08,-5.58,-2.83,-8.68
5.27,-10.13,-9.95,-5.6,-2.78,-8.73
5.41,-10.01,-9.89,-5.63,-2.72,-8.76
5.68,-9.76,-9.73,-5.68,-2.62,-8.8
5.84,-9.53,-9.62,-5.71,-2.53,-8.82
5.96,-9.12,-9.47,-5.78,-2.38,-8.84
5.96,-8.78,-9.48,-5.84,-2.29,-8.86
5.93,-8.36,-9.54,-5.96,-2.18,-8.92
5.92,-8.18,-9.68,-6.06,-2.1,-8.95
  ,,,,,
,,,,,
,,,,,
4.94,-8.27,-9.35,0.44,0.43,-8.11
4.92,-8.33,-9.3,0.42,0.44,-8.12
4.9,-8.37,-9.28,0.41,0.45,-8.12
4.87,-8.42,-9.25,0.41,0.46,-8.12
4.84,-8.45,-9.24,0.4,0.47,-8.13
4.8,-8.48,-9.24,0.4,0.48,-8.13
4.78,-8.53,-9.26,0.4,0.49,-8.14
4.76,-8.56,-9.27,0.4,0.49,-8.14
4.74,-8.59,-9.28,0.4,0.5,-8.15
4.74,-8.6,-9.29,0.4,0.5,-8.15
4.74,-8.6,-9.26,0.4,0.5,-8.16
4.74,-8.6,-9.26,0.4,0.5,-8.17
4.74,-8.57,-9.25,0.4,0.5,-8.18
4.73,-8.54,-9.24,0.4,0.51,-8.18
4.74,-8.49,-9.25,0.4,0.51,-8.19
4.73,-8.47,-9.25,0.4,0.51,-8.2
4.71,-8.45,-9.27,0.4,0.52,-8.2
4.7,-8.46,-9.27,0.39,0.52,-8.21
4.67,-8.45,-9.28,0.38,0.52,-8.22
4.65,-8.46,-9.27,0.37,0.53,-8.22
4.62,-8.45,-9.28,0.36,0.53,-8.23
4.61,-8.44,-9.29,0.35,0.53,-8.24
4.6,-8.45,-9.28,0.34,0.54,-8.25
4.59,-8.48,-9.26,0.33,0.54,-8.25
4.57,-8.5,-9.26,0.33,0.55,-8.25
4.56,-8.55,-9.27,0.33,0.55,-8.26
4.53,-8.6,-9.25,0.33,0.55,-8.26
4.5,-8.67,-9.28,0.33,0.56,-8.26
4.49,-8.71,-9.29,0.34,0.56,-8.26
4.47,-8.78,-9.33,0.35,0.57,-8.27
4.46,-8.83,-9.35,0.36,0.57,-8.27
4.46,-8.91,-9.37,0.39,0.58,-8.27
4.45,-8.98,-9.37,0.41,0.58,-8.27
4.44,-9.11,-9.38,0.45,0.59,-8.27
4.42,-9.19,-9.39,0.48,0.59,-8.27
4.41,-9.31,-9.36,0.53,0.59,-8.27
4.38,-9.37,-9.33,0.57,0.59,-8.27
4.35,-9.42,-9.31,0.64,0.6,-8.27
4.33,-9.44,-9.3,0.68,0.6,-8.27
4.3,-9.39,-9.25,0.73,0.6,-8.27
4.26,-9.3,-9.18,0.79,0.6,-8.28
4.22,-9.23,-9.14,0.82,0.59,-8.28
4.18,-9.09,-9.07,0.86,0.59,-8.28
4.16,-9.02,-9.01,0.89,0.59,-8.28
4.14,-8.96,-8.95,0.93,0.59,-8.28
4.12,-8.92,-8.91,0.95,0.59,-8.28
4.1,-8.89,-8.83,0.99,0.58,-8.28
4.1,-8.86,-8.77,1.01,0.58,-8.27
4.1,-8.81,-8.69,1.04,0.58,-8.27
4.08,-8.75,-8.64,1.05,0.58,-8.27
4.06,-8.61,-8.55,1.07,0.57,-8.27
4.06,-8.51,-8.51,1.07,0.57,-8.27
4.06,-8.37,-8.47,1.08,0.57,-8.27
4.06,-8.29,-8.43,1.08,0.57,-8.27
4.05,-8.19,-8.37,1.08,0.56,-8.26
4.05,-8.15,-8.34,1.07,0.56,-8.26
4.06,-8.11,-8.29,1.06,0.56,-8.25
4.06,-8.13,-8.24,1.05,0.56,-8.24
4.07,-8.15,-8.23,1.05,0.56,-8.24
4.08,-8.19,-8.23,1.03,0.57,-8.23
4.09,-8.22,-8.21,1.03,0.57,-8.23
4.09,-8.27,-8.19,1.02,0.57,-8.23
4.1,-8.29,-8.17,1.01,0.57,-8.23
4.1,-8.32,-8.16,1,0.58,-8.22
4.11,-8.34,-8.17,1,0.58,-8.22
4.11,-8.38,-8.18,1,0.58,-8.22
4.11,-8.42,-8.18,1,0.58,-8.21
4.11,-8.49,-8.19,1,0.58,-8.21
4.1,-8.53,-8.19,1.01,0.59,-8.2
4.09,-8.57,-8.15,1.01,0.59,-8.2
4.08,-8.57,-8.12,1.02,0.59,-8.19
4.09,-8.57,-8.11,1.02,0.59,-8.19
4.09,-8.57,-8.12,1.03,0.59,-8.19
4.08,-8.56,-8.12,1.05,0.59,-8.19
4.06,-8.55,-8.12,1.06,0.6,-8.18
4.04,-8.56,-8.15,1.08,0.6,-8.18
4,-8.57,-8.16,1.1,0.6,-8.18
3.99,-8.56,-8.16,1.11,0.6,-8.18
3.96,-8.49,-8.13,1.12,0.6,-8.18
3.93,-8.41,-8.1,1.11,0.6,-8.19
3.9,-8.25,-8.06,1.1,0.59,-8.2
3.89,-8.11,-8.01,1.09,0.59,-8.2
3.9,-7.87,-7.91,1.07,0.58,-8.21
3.92,-7.71,-7.86,1.04,0.58,-8.21
3.93,-7.51,-7.75,0.99,0.58,-8.21
3.93,-7.4,-7.67,0.95,0.58,-8.22
3.97,-7.27,-7.57,0.88,0.57,-8.22
4,-7.23,-7.51,0.83,0.57,-8.23
4.03,-7.21,-7.45,0.76,0.58,-8.23
4.05,-7.2,-7.42,0.7,0.58,-8.23
4.09,-7.26,-7.37,0.63,0.59,-8.24
4.12,-7.34,-7.35,0.55,0.59,-8.24
4.13,-7.41,-7.32,0.5,0.6,-8.24
4.13,-7.52,-7.32,0.44,0.61,-8.25
4.12,-7.61,-7.34,0.39,0.62,-8.25
4.11,-7.76,-7.38,0.34,0.63,-8.26
4.08,-7.86,-7.41,0.3,0.64,-8.26
4.03,-8.01,-7.44,0.26,0.65,-8.26
4,-8.13,-7.47,0.23,0.65,-8.27
3.96,-8.28,-7.53,0.2,0.66,-8.27
  ,,,,,
,,,,,
,,,,,
2.43,-11.15,-11.83,-0.93,2.26,-7.33
2.39,-11.22,-11.78,-0.89,2.24,-7.34
2.34,-11.31,-11.67,-0.83,2.21,-7.37
2.3,-11.36,-11.6,-0.79,2.19,-7.38
2.23,-11.42,-11.51,-0.74,2.16,-7.41
2.17,-11.46,-11.47,-0.71,2.14,-7.43
2.1,-11.57,-11.4,-0.67,2.1,-7.46
2.07,-11.67,-11.37,-0.65,2.08,-7.47
2.04,-11.84,-11.33,-0.61,2.04,-7.5
2.03,-11.97,-11.29,-0.58,2.01,-7.51
2.03,-12.19,-11.24,-0.54,1.97,-7.54
2.05,-12.33,-11.22,-0.5,1.95,-7.55
2.09,-12.54,-11.19,-0.45,1.91,-7.58
2.12,-12.63,-11.16,-0.41,1.88,-7.6
2.2,-12.68,-11.11,-0.35,1.84,-7.62
2.28,-12.62,-11.06,-0.3,1.8,-7.65
2.31,-12.55,-11.05,-0.27,1.77,-7.67
2.35,-12.4,-11.04,-0.24,1.73,-7.71
2.36,-12.32,-11.06,-0.21,1.7,-7.72
2.38,-12.2,-11.09,-0.19,1.66,-7.75
2.39,-12.12,-11.12,-0.18,1.63,-7.77
2.42,-12.03,-11.15,-0.17,1.59,-7.81
2.45,-12,-11.18,-0.16,1.56,-7.83
2.46,-11.99,-11.24,-0.15,1.52,-7.86
2.48,-12.01,-11.28,-0.14,1.49,-7.88
2.51,-12.06,-11.29,-0.12,1.45,-7.9
2.5,-12.11,-11.31,-0.1,1.43,-7.92
2.5,-12.2,-11.33,-0.07,1.39,-7.94
2.51,-12.24,-11.34,-0.05,1.36,-7.96
2.52,-12.26,-11.33,-0.01,1.32,-7.99
2.51,-12.21,-11.31,0.03,1.28,-8.02
2.52,-12.15,-11.29,0.06,1.26,-8.04
2.52,-12.03,-11.27,0.1,1.22,-8.07
2.52,-11.94,-11.25,0.12,1.19,-8.09
2.5,-11.8,-11.26,0.15,1.15,-8.12
2.49,-11.72,-11.26,0.17,1.12,-8.14
2.47,-11.61,-11.28,0.2,1.08,-8.17
2.46,-11.56,-11.27,0.22,1.05,-8.19
2.46,-11.51,-11.26,0.25,1.02,-8.21
2.46,-11.49,-11.26,0.27,0.99,-8.23
2.46,-11.43,-11.29,0.31,0.95,-8.26
2.46,-11.37,-11.3,0.33,0.93,-8.28
2.48,-11.28,-11.34,0.36,0.89,-8.31
2.49,-11.22,-11.35,0.38,0.86,-8.33
2.53,-11.15,-11.37,0.42,0.83,-8.35
2.54,-11.11,-11.4,0.45,0.81,-8.37
2.54,-11.08,-11.43,0.49,0.77,-8.39
2.55,-11.09,-11.46,0.54,0.74,-8.41
2.55,-11.13,-11.49,0.57,0.71,-8.42
2.55,-11.18,-11.54,0.64,0.68,-8.43
2.54,-11.23,-11.56,0.68,0.66,-8.44
2.52,-11.32,-11.59,0.76,0.62,-8.45
2.52,-11.38,-11.65,0.83,0.6,-8.45
2.53,-11.48,-11.72,0.93,0.56,-8.46
2.52,-11.54,-11.75,1,0.54,-8.46
2.54,-11.63,-11.8,1.12,0.5,-8.46
2.56,-11.67,-11.84,1.21,0.48,-8.46
2.59,-11.7,-11.89,1.35,0.44,-8.46
2.61,-11.69,-11.92,1.45,0.41,-8.46
2.61,-11.67,-11.99,1.6,0.38,-8.46
2.6,-11.64,-12.02,1.7,0.35,-8.46
2.6,-11.62,-12.08,1.87,0.31,-8.45
2.59,-11.62,-12.14,1.98,0.28,-8.44
2.58,-11.65,-12.22,2.16,0.24,-8.43
2.59,-11.72,-12.34,2.35,0.2,-8.42
2.59,-11.77,-12.42,2.48,0.16,-8.4
2.59,-11.85,-12.53,2.68,0.12,-8.39
2.59,-11.9,-12.6,2.82,0.08,-8.37
2.61,-11.97,-12.72,3.03,0.03,-8.35
2.63,-12,-12.8,3.18,0,-8.34
2.66,-11.99,-12.92,3.41,-0.05,-8.32
2.7,-11.94,-12.96,3.56,-0.08,-8.3
2.76,-11.71,-12.96,3.77,-0.13,-8.29
2.81,-11.43,-12.94,3.88,-0.16,-8.28
2.89,-10.85,-12.91,4.02,-0.21,-8.29
2.96,-10.39,-12.89,4.08,-0.24,-8.3
3.07,-9.64,-12.84,4.16,-0.28,-8.31
3.14,-9.14,-12.77,4.19,-0.3,-8.32
3.25,-8.49,-12.69,4.22,-0.32,-8.31
3.3,-8.13,-12.62,4.23,-0.34,-8.31
3.39,-7.73,-12.51,4.23,-0.37,-8.29
3.46,-7.53,-12.39,4.22,-0.39,-8.27
3.53,-7.51,-12.31,4.21,-0.4,-8.26
3.65,-7.57,-12.23,4.2,-0.42,-8.24
3.73,-7.66,-12.17,4.2,-0.43,-8.23
3.85,-7.81,-12.11,4.2,-0.44,-8.22
3.93,-7.91,-12.07,4.21,-0.45,-8.21
4.03,-8.09,-12.03,4.24,-0.46,-8.2
4.09,-8.21,-12,4.26,-0.46,-8.19
4.12,-8.4,-12,4.32,-0.46,-8.17
4.11,-8.54,-12.01,4.36,-0.46,-8.15
4.05,-8.79,-12.03,4.45,-0.47,-8.12
4,-8.99,-12.03,4.51,-0.47,-8.1
3.91,-9.31,-12.03,4.62,-0.48,-8.07
3.86,-9.53,-12.04,4.7,-0.49,-8.04
3.77,-9.85,-12.06,4.84,-0.51,-8.01
3.73,-10.04,-12.08,4.94,-0.52,-7.98
3.68,-10.27,-12.07,5.1,-0.54,-7.95
3.64,-10.44,-12.05,5.28,-0.56,-7.92
3.65,-10.54,-12.05,5.4,-0.58,-7.9
  ,,,,,
,,,,,
,,,,,
5.18,-4.68,-3.84,7.04,-0.11,-7.01
5.16,-4.39,-3.66,6.99,-0.07,-7.01
5.15,-4.19,-3.56,6.95,-0.04,-7.01
5.13,-3.92,-3.46,6.88,-0.01,-7.02
5.13,-3.75,-3.42,6.84,0.02,-7.02
5.16,-3.54,-3.29,6.76,0.06,-7.03
5.17,-3.39,-3.21,6.65,0.1,-7.04
5.19,-3.29,-3.12,6.57,0.12,-7.04
5.23,-3.11,-2.98,6.42,0.16,-7.05
5.26,-2.97,-2.87,6.31,0.18,-7.05
5.29,-2.77,-2.71,6.13,0.23,-7.06
5.31,-2.65,-2.59,6,0.26,-7.07
5.32,-2.48,-2.41,5.8,0.31,-7.08
5.3,-2.4,-2.31,5.66,0.34,-7.09
5.23,-2.33,-2.17,5.46,0.39,-7.1
5.16,-2.3,-2.11,5.33,0.42,-7.11
5.07,-2.28,-2.07,5.14,0.46,-7.12
5,-2.3,-2.06,5.02,0.49,-7.12
4.91,-2.35,-2.05,4.85,0.52,-7.14
4.85,-2.41,-2.07,4.75,0.54,-7.15
4.78,-2.48,-2.15,4.61,0.56,-7.16
4.75,-2.49,-2.23,4.47,0.58,-7.18
4.74,-2.46,-2.27,4.37,0.6,-7.19
4.73,-2.42,-2.29,4.22,0.62,-7.21
4.75,-2.37,-2.3,4.13,0.63,-7.22
4.76,-2.27,-2.33,3.98,0.65,-7.24
4.79,-2.19,-2.36,3.88,0.67,-7.25
4.82,-2.06,-2.37,3.73,0.69,-7.26
4.82,-1.96,-2.38,3.63,0.71,-7.28
4.83,-1.8,-2.33,3.47,0.74,-7.3
4.82,-1.73,-2.27,3.36,0.76,-7.31
4.78,-1.64,-2.18,3.21,0.79,-7.33
4.76,-1.6,-2.13,3.11,0.8,-7.35
4.71,-1.6,-2.08,2.97,0.83,-7.37
4.66,-1.62,-2.01,2.88,0.85,-7.39
4.57,-1.7,-1.92,2.75,0.87,-7.42
4.5,-1.75,-1.87,2.68,0.89,-7.43
4.41,-1.84,-1.81,2.57,0.91,-7.46
4.32,-1.92,-1.73,2.47,0.93,-7.49
4.26,-1.97,-1.66,2.4,0.94,-7.51
4.17,-2.01,-1.52,2.31,0.96,-7.53
4.13,-2.01,-1.44,2.25,0.97,-7.55
4.07,-1.99,-1.31,2.15,0.98,-7.58
4.03,-1.94,-1.22,2.09,0.99,-7.6
3.99,-1.83,-1.11,1.99,1.01,-7.63
3.95,-1.76,-1.02,1.92,1.02,-7.65
3.9,-1.65,-0.88,1.81,1.04,-7.68
3.88,-1.61,-0.79,1.74,1.05,-7.7
3.83,-1.57,-0.68,1.64,1.06,-7.73
3.8,-1.58,-0.63,1.57,1.07,-7.75
3.74,-1.65,-0.61,1.48,1.08,-7.78
3.69,-1.71,-0.62,1.43,1.09,-7.8
3.62,-1.83,-0.65,1.35,1.09,-7.82
3.57,-1.9,-0.66,1.31,1.09,-7.84
3.51,-2.03,-0.74,1.25,1.09,-7.86
3.47,-2.15,-0.85,1.2,1.09,-7.88
3.45,-2.22,-0.93,1.17,1.08,-7.9
3.45,-2.28,-1.04,1.14,1.08,-7.91
3.46,-2.31,-1.12,1.11,1.07,-7.93
3.48,-2.32,-1.23,1.08,1.06,-7.94
3.53,-2.31,-1.26,1.07,1.06,-7.95
3.59,-2.27,-1.3,1.04,1.05,-7.97
3.63,-2.23,-1.32,1.02,1.04,-7.98
3.69,-2.15,-1.34,1.01,1.04,-7.99
3.72,-2.11,-1.34,1,1.03,-8
3.75,-2.03,-1.29,0.99,1.03,-8.02
3.76,-1.99,-1.24,0.99,1.03,-8.03
3.8,-1.92,-1.14,0.98,1.03,-8.04
3.8,-1.87,-1.08,0.98,1.03,-8.05
3.78,-1.82,-0.96,0.98,1.03,-8.06
3.76,-1.77,-0.86,0.98,1.03,-8.07
3.75,-1.67,-0.72,0.97,1.03,-8.08
3.73,-1.53,-0.55,0.96,1.04,-8.09
3.71,-1.43,-0.43,0.95,1.04,-8.1
3.69,-1.25,-0.22,0.93,1.04,-8.11
3.69,-1.13,-0.08,0.92,1.04,-8.13
3.68,-0.94,0.1,0.89,1.04,-8.14
3.68,-0.83,0.23,0.87,1.04,-8.16
3.66,-0.69,0.4,0.83,1.04,-8.17
3.65,-0.6,0.49,0.81,1.04,-8.18
3.64,-0.49,0.64,0.78,1.04,-8.2
3.63,-0.42,0.72,0.76,1.04,-8.21
3.62,-0.34,0.82,0.73,1.04,-8.22
3.61,-0.3,0.89,0.71,1.04,-8.23
3.59,-0.27,0.97,0.68,1.03,-8.24
3.58,-0.26,1.01,0.67,1.03,-8.25
3.55,-0.26,1.04,0.65,1.03,-8.26
3.54,-0.27,1.05,0.64,1.02,-8.26
3.52,-0.27,1.07,0.62,1.02,-8.27
3.52,-0.25,1.08,0.6,1.01,-8.28
3.53,-0.24,1.08,0.59,1.01,-8.28
3.54,-0.17,1.07,0.56,1,-8.29
3.53,-0.12,1.06,0.54,1,-8.3
3.52,-0.05,1.04,0.52,0.99,-8.3
3.52,0,1.03,0.49,0.99,-8.31
3.51,0.06,1.02,0.46,0.99,-8.32
3.51,0.08,1.01,0.44,0.98,-8.32
3.5,0.12,0.98,0.4,0.98,-8.33
3.48,0.15,0.95,0.38,0.97,-8.33
3.45,0.17,0.91,0.35,0.96,-8.34
  ,,,,,
,,,,,
,,,,,
4.3,-6,-5.2,3.47,-0.82,-6.71
4.29,-5.79,-5.07,3.42,-0.78,-6.71
4.28,-5.63,-4.94,3.36,-0.74,-6.71
4.25,-5.56,-4.85,3.31,-0.71,-6.71
4.18,-5.55,-4.76,3.23,-0.67,-6.72
4.1,-5.59,-4.7,3.19,-0.64,-6.72
3.98,-5.72,-4.62,3.12,-0.6,-6.73
3.88,-5.85,-4.6,3.09,-0.58,-6.74
3.76,-6.06,-4.59,3.04,-0.54,-6.74
3.69,-6.18,-4.57,3.01,-0.52,-6.75
3.59,-6.31,-4.54,2.97,-0.49,-6.76
3.54,-6.37,-4.51,2.93,-0.47,-6.77
3.48,-6.44,-4.47,2.87,-0.44,-6.79
3.46,-6.46,-4.43,2.83,-0.42,-6.8
3.43,-6.47,-4.39,2.76,-0.39,-6.83
3.42,-6.48,-4.35,2.72,-0.37,-6.85
3.4,-6.51,-4.3,2.67,-0.34,-6.87
3.35,-6.6,-4.28,2.64,-0.31,-6.89
3.3,-6.7,-4.28,2.64,-0.29,-6.91
3.23,-6.9,-4.34,2.65,-0.26,-6.93
3.19,-7.04,-4.41,2.66,-0.25,-6.95
3.15,-7.26,-4.48,2.7,-0.23,-6.97
3.14,-7.37,-4.53,2.72,-0.21,-6.98
3.15,-7.49,-4.58,2.76,-0.19,-7.01
3.21,-7.52,-4.59,2.78,-0.18,-7.02
3.31,-7.49,-4.61,2.8,-0.16,-7.05
3.4,-7.42,-4.59,2.81,-0.15,-7.07
3.56,-7.25,-4.54,2.81,-0.12,-7.09
3.66,-7.1,-4.49,2.81,-0.1,-7.11
3.81,-6.84,-4.4,2.8,-0.07,-7.14
3.9,-6.67,-4.33,2.78,-0.04,-7.16
3.99,-6.45,-4.18,2.75,0,-7.19
4.04,-6.34,-4.08,2.72,0.02,-7.21
4.08,-6.21,-3.91,2.67,0.07,-7.25
4.08,-6.11,-3.77,2.61,0.11,-7.27
4.08,-6.06,-3.69,2.57,0.14,-7.29
4.06,-5.99,-3.54,2.5,0.18,-7.32
4.04,-5.96,-3.44,2.45,0.21,-7.33
4.02,-5.94,-3.27,2.38,0.24,-7.36
4.01,-5.93,-3.15,2.33,0.27,-7.37
4.01,-5.92,-2.97,2.25,0.3,-7.39
4.01,-5.92,-2.88,2.2,0.32,-7.41
3.99,-5.92,-2.78,2.12,0.35,-7.43
3.96,-5.92,-2.71,2.06,0.37,-7.45
3.92,-5.9,-2.61,1.97,0.4,-7.47
3.9,-5.87,-2.56,1.91,0.42,-7.49
3.87,-5.84,-2.5,1.81,0.44,-7.51
3.87,-5.82,-2.46,1.75,0.46,-7.52
3.9,-5.77,-2.41,1.65,0.48,-7.55
3.95,-5.72,-2.38,1.56,0.5,-7.57
3.97,-5.71,-2.37,1.5,0.51,-7.59
4.01,-5.68,-2.36,1.41,0.54,-7.61
4.04,-5.66,-2.37,1.35,0.55,-7.63
4.07,-5.61,-2.37,1.26,0.57,-7.66
4.08,-5.61,-2.36,1.2,0.59,-7.67
4.09,-5.62,-2.35,1.12,0.61,-7.7
4.08,-5.64,-2.33,1.08,0.62,-7.72
4.05,-5.72,-2.32,1.02,0.64,-7.74
4.05,-5.78,-2.33,1,0.65,-7.76
4.02,-5.88,-2.3,0.97,0.66,-7.79
3.99,-5.96,-2.28,0.95,0.67,-7.81
3.96,-6.08,-2.24,0.94,0.68,-7.83
3.96,-6.16,-2.21,0.93,0.68,-7.85
3.96,-6.25,-2.19,0.93,0.69,-7.87
3.97,-6.27,-2.17,0.93,0.7,-7.88
4,-6.24,-2.11,0.93,0.71,-7.91
4.01,-6.16,-2.05,0.93,0.72,-7.93
4.01,-6.1,-2.01,0.93,0.72,-7.95
3.99,-6.02,-1.89,0.93,0.73,-7.98
3.98,-5.98,-1.79,0.93,0.74,-7.99
3.96,-5.93,-1.64,0.93,0.75,-8.02
3.93,-5.89,-1.54,0.93,0.76,-8.04
3.91,-5.84,-1.42,0.93,0.77,-8.07
3.89,-5.8,-1.32,0.93,0.77,-8.08
3.84,-5.75,-1.16,0.93,0.79,-8.11
3.8,-5.71,-1.05,0.93,0.79,-8.13
3.74,-5.65,-0.93,0.93,0.81,-8.16
3.71,-5.6,-0.84,0.92,0.82,-8.18
3.67,-5.52,-0.73,0.92,0.83,-8.21
3.64,-5.47,-0.66,0.92,0.84,-8.23
3.59,-5.38,-0.58,0.92,0.85,-8.25
3.57,-5.3,-0.55,0.92,0.85,-8.27
3.53,-5.21,-0.5,0.91,0.86,-8.3
3.5,-5.13,-0.45,0.9,0.87,-8.32
3.49,-5.08,-0.44,0.89,0.88,-8.34
3.48,-5,-0.44,0.87,0.89,-8.37
3.47,-4.94,-0.43,0.86,0.9,-8.39
3.46,-4.84,-0.42,0.83,0.91,-8.41
3.46,-4.75,-0.43,0.81,0.92,-8.43
3.45,-4.65,-0.42,0.77,0.93,-8.45
3.45,-4.58,-0.44,0.75,0.93,-8.47
3.44,-4.47,-0.47,0.71,0.94,-8.49
3.44,-4.39,-0.49,0.69,0.95,-8.51
3.42,-4.28,-0.55,0.64,0.96,-8.53
3.4,-4.21,-0.59,0.62,0.96,-8.54
3.37,-4.11,-0.64,0.57,0.97,-8.56
3.36,-4.08,-0.68,0.55,0.97,-8.58
3.34,-4.05,-0.75,0.51,0.98,-8.6
3.32,-4.03,-0.79,0.49,0.98,-8.61
3.31,-4,-0.86,0.46,0.98,-8.63
  ,,,,,
,,,,,
,,,,,
4.75,-3.98,-0.29,-5.65,0.15,-9.02
4.75,-4.36,-0.6,-5.94,0.18,-9.07
4.74,-4.59,-0.82,-6.13,0.2,-9.1
4.74,-4.92,-1.14,-6.4,0.22,-9.15
4.76,-5.12,-1.31,-6.57,0.23,-9.19
4.82,-5.41,-1.61,-6.81,0.25,-9.24
4.9,-5.59,-1.79,-6.96,0.26,-9.27
4.98,-5.85,-2.02,-7.19,0.29,-9.33
5.03,-6.05,-2.26,-7.4,0.31,-9.38
5.02,-6.16,-2.47,-7.53,0.34,-9.41
4.94,-6.34,-2.83,-7.71,0.36,-9.46
4.89,-6.48,-3.06,-7.81,0.37,-9.5
4.86,-6.74,-3.43,-7.95,0.38,-9.55
4.81,-6.9,-3.68,-8.02,0.38,-9.59
4.74,-7.17,-4.11,-8.13,0.38,-9.63
4.66,-7.38,-4.41,-8.19,0.38,-9.66
4.58,-7.72,-4.84,-8.28,0.37,-9.7
4.62,-7.91,-5.01,-8.33,0.36,-9.72
4.67,-8.09,-5.36,-8.43,0.37,-9.73
4.73,-8.2,-5.63,-8.5,0.38,-9.74
4.89,-8.28,-5.97,-8.52,0.39,-9.75
5.01,-8.27,-6.19,-8.52,0.4,-9.76
5.13,-8.24,-6.56,-8.52,0.43,-9.79
5.16,-8.23,-6.8,-8.52,0.44,-9.8
5.17,-8.22,-7.22,-8.52,0.47,-9.83
5.17,-8.22,-7.64,-8.52,0.49,-9.86
5.15,-8.23,-7.93,-8.52,0.51,-9.87
5.08,-8.27,-8.45,-8.52,0.53,-9.89
5.06,-8.3,-8.79,-8.52,0.54,-9.89
5.04,-8.3,-9.33,-8.52,0.56,-9.9
5.02,-8.29,-9.73,-8.52,0.58,-9.9
5,-8.35,-10.24,-8.52,0.61,-9.89
4.98,-8.35,-10.54,-8.52,0.63,-9.88
4.98,-8.35,-11.02,-8.52,0.67,-9.87
5.01,-8.35,-11.33,-8.52,0.7,-9.86
5.03,-8.32,-11.78,-8.52,0.76,-9.85
5.01,-8.31,-12.06,-8.52,0.81,-9.84
4.96,-8.27,-12.45,-8.52,0.89,-9.81
4.93,-8.22,-12.67,-8.52,0.95,-9.79
4.91,-8.16,-12.95,-8.52,1.05,-9.75
4.9,-8.17,-13.08,-8.52,1.13,-9.72
4.86,-8.23,-13.22,-8.52,1.25,-9.67
4.84,-8.45,-13.26,-8.52,1.39,-9.62
4.81,-8.65,-13.25,-8.52,1.49,-9.58
4.71,-8.98,-13.25,-8.52,1.64,-9.53
4.62,-9.24,-13.27,-8.52,1.75,-9.49
4.49,-9.62,-13.24,-8.52,1.92,-9.43
4.4,-9.79,-13.28,-8.52,2.03,-9.38
4.34,-10.01,-13.21,-8.52,2.19,-9.31
4.28,-10.05,-13.23,-8.52,2.31,-9.26
4.22,-9.9,-13.33,-8.52,2.49,-9.18
4.21,-9.77,-13.36,-8.52,2.6,-9.13
4.21,-9.43,-13.46,-8.52,2.78,-9.04
4.2,-9.14,-13.54,-8.52,2.9,-8.99
4.16,-8.71,-13.63,-8.52,3.09,-8.91
4.1,-8.41,-13.82,-8.52,3.2,-8.85
4.07,-8.01,-13.79,-8.52,3.37,-8.76
4.02,-7.7,-13.85,-8.52,3.5,-8.7
3.9,-7.22,-14.03,-8.52,3.68,-8.61
3.78,-6.72,-14.28,-8.49,3.83,-8.53
3.76,-6.5,-14.3,-8.34,3.92,-8.47
3.71,-6.18,-14.26,-8.08,4.07,-8.38
3.62,-5.93,-14.36,-7.9,4.17,-8.31
3.49,-5.58,-14.44,-7.62,4.3,-8.2
3.42,-5.39,-14.46,-7.43,4.37,-8.13
3.35,-5.19,-14.53,-7.14,4.47,-8.03
3.31,-5.08,-14.57,-6.95,4.53,-7.95
3.25,-4.97,-14.68,-6.67,4.61,-7.85
3.2,-4.95,-14.75,-6.49,4.66,-7.79
3.12,-4.97,-14.89,-6.21,4.73,-7.7
3.06,-5,-14.95,-6.02,4.76,-7.64
2.95,-5.07,-15.05,-5.74,4.8,-7.55
2.88,-5.09,-15.13,-5.55,4.83,-7.49
2.79,-5.12,-15.21,-5.27,4.85,-7.41
2.72,-5.17,-15.25,-5.08,4.87,-7.35
2.62,-5.28,-15.24,-4.81,4.88,-7.28
2.56,-5.4,-15.18,-4.56,4.88,-7.21
2.54,-5.49,-15.09,-4.41,4.88,-7.16
2.52,-5.63,-14.95,-4.18,4.87,-7.08
2.52,-5.76,-14.86,-4.04,4.87,-7.03
2.49,-5.96,-14.7,-3.82,4.87,-6.96
2.44,-6.11,-14.61,-3.69,4.87,-6.92
2.37,-6.34,-14.49,-3.5,4.86,-6.87
2.32,-6.44,-14.43,-3.38,4.85,-6.84
2.25,-6.53,-14.3,-3.22,4.83,-6.8
2.22,-6.56,-14.23,-3.12,4.83,-6.79
2.2,-6.62,-14.09,-3,4.82,-6.77
2.17,-6.67,-13.97,-2.94,4.81,-6.76
2.1,-6.83,-13.84,-2.86,4.8,-6.75
2.02,-7,-13.77,-2.82,4.79,-6.75
1.91,-7.29,-13.61,-2.76,4.75,-6.74
1.85,-7.53,-13.47,-2.72,4.72,-6.73
1.76,-7.93,-13.22,-2.68,4.67,-6.71
1.65,-8.4,-12.97,-2.63,4.62,-6.7
1.62,-8.72,-12.78,-2.59,4.58,-6.69
1.29,-9.05,-12.43,-2.52,4.52,-6.69
1.09,-9.44,-12.38,-2.47,4.48,-6.73
1.22,-10.1,-12.13,-2.36,4.36,-6.74
1.36,-10.37,-11.93,-2.28,4.29,-6.71
1.5,-10.58,-11.84,-2.13,4.19,-6.68
  ,,,,,
,,,,,
,,,,,
6.3,-7.47,-5.9,-6.93,-0.54,-9.28
6.27,-7.43,-6.18,-7.01,-0.51,-9.3
6.26,-7.4,-6.37,-7.06,-0.49,-9.32
6.27,-7.37,-6.64,-7.13,-0.47,-9.34
6.28,-7.35,-6.82,-7.19,-0.44,-9.35
6.29,-7.26,-7.11,-7.27,-0.4,-9.35
6.29,-7.13,-7.31,-7.34,-0.36,-9.36
6.28,-6.84,-7.65,-7.5,-0.31,-9.37
6.32,-6.63,-7.89,-7.62,-0.27,-9.38
6.42,-6.31,-8.25,-7.82,-0.21,-9.4
6.47,-6.11,-8.51,-7.97,-0.17,-9.41
6.51,-5.9,-8.88,-8.18,-0.11,-9.43
6.51,-5.83,-9.19,-8.32,-0.07,-9.44
6.48,-5.83,-9.66,-8.52,-0.01,-9.45
6.44,-5.9,-9.96,-8.52,0.04,-9.46
6.35,-6.07,-10.47,-8.52,0.1,-9.47
6.31,-6.2,-10.81,-8.52,0.14,-9.47
6.29,-6.39,-11.29,-8.52,0.2,-9.49
6.31,-6.56,-11.71,-8.52,0.26,-9.51
6.31,-6.66,-11.99,-8.52,0.31,-9.51
6.31,-6.73,-12.35,-8.52,0.37,-9.52
6.31,-6.74,-12.58,-8.52,0.41,-9.52
6.29,-6.74,-12.87,-8.52,0.47,-9.52
6.25,-6.73,-13.03,-8.52,0.51,-9.52
6.16,-6.7,-13.24,-8.52,0.57,-9.51
6.09,-6.67,-13.36,-8.52,0.62,-9.5
5.96,-6.62,-13.56,-8.52,0.68,-9.48
5.88,-6.58,-13.68,-8.52,0.72,-9.46
5.76,-6.53,-13.82,-8.52,0.78,-9.43
5.72,-6.5,-13.88,-8.52,0.81,-9.41
5.68,-6.41,-13.99,-8.52,0.86,-9.38
5.64,-6.29,-14.07,-8.52,0.89,-9.35
5.56,-6.09,-14.21,-8.52,0.94,-9.32
5.47,-5.97,-14.29,-8.52,0.98,-9.29
5.34,-5.77,-14.43,-8.52,1.02,-9.24
5.22,-5.56,-14.6,-8.52,1.07,-9.18
5.17,-5.43,-14.72,-8.52,1.09,-9.13
5.05,-5.25,-14.91,-8.52,1.13,-9.06
4.97,-5.18,-15.01,-8.52,1.16,-9.01
4.85,-5.09,-15.22,-8.52,1.2,-8.93
4.78,-5.06,-15.34,-8.52,1.23,-8.87
4.66,-5.07,-15.55,-8.52,1.29,-8.78
4.54,-5.1,-15.71,-8.52,1.33,-8.72
4.34,-5.17,-15.92,-8.52,1.39,-8.62
4.2,-5.23,-16.04,-8.52,1.44,-8.55
4.01,-5.33,-16.16,-8.52,1.5,-8.44
3.93,-5.37,-16.21,-8.52,1.55,-8.37
3.84,-5.38,-16.24,-8.52,1.63,-8.27
3.77,-5.3,-16.25,-8.44,1.68,-8.2
3.69,-5.14,-16.24,-8.26,1.76,-8.09
3.63,-5.02,-16.25,-8.14,1.81,-8.02
3.51,-4.75,-16.28,-7.95,1.9,-7.91
3.4,-4.44,-16.33,-7.76,1.99,-7.8
3.31,-4.28,-16.4,-7.64,2.05,-7.72
3.2,-4.02,-16.57,-7.47,2.15,-7.6
3.14,-3.85,-16.68,-7.35,2.22,-7.53
3.1,-3.6,-16.83,-7.18,2.31,-7.41
3.09,-3.44,-16.92,-7.06,2.38,-7.34
3.08,-3.24,-17.07,-6.87,2.47,-7.24
3.07,-3.14,-17.15,-6.74,2.53,-7.17
3.06,-3.02,-17.15,-6.54,2.62,-7.07
2.96,-2.95,-17.24,-6.39,2.68,-7
2.75,-2.86,-17.44,-6.18,2.75,-6.89
2.62,-2.81,-17.61,-6.03,2.79,-6.82
2.48,-2.79,-17.82,-5.78,2.84,-6.72
2.41,-2.82,-17.95,-5.61,2.87,-6.65
2.37,-2.89,-18.07,-5.34,2.92,-6.55
2.36,-2.99,-18.12,-5.15,2.95,-6.48
2.37,-3.17,-18.15,-4.87,3,-6.38
2.4,-3.33,-18.13,-4.59,3.05,-6.29
2.42,-3.46,-18.09,-4.41,3.08,-6.23
2.4,-3.73,-18,-4.13,3.13,-6.15
2.35,-3.96,-17.95,-3.95,3.16,-6.09
2.28,-4.33,-17.83,-3.68,3.2,-6.01
2.23,-4.58,-17.73,-3.5,3.23,-5.96
2.14,-4.98,-17.52,-3.23,3.27,-5.89
2.07,-5.24,-17.37,-3.06,3.29,-5.85
1.97,-5.65,-17.13,-2.82,3.31,-5.79
1.89,-5.93,-16.96,-2.67,3.33,-5.76
1.74,-6.33,-16.69,-2.46,3.34,-5.71
1.63,-6.59,-16.52,-2.33,3.34,-5.67
1.51,-6.91,-16.3,-2.15,3.33,-5.63
1.48,-7.1,-16.16,-2.05,3.33,-5.61
1.45,-7.38,-15.95,-1.9,3.33,-5.59
1.44,-7.57,-15.82,-1.81,3.33,-5.58
1.43,-7.87,-15.62,-1.69,3.33,-5.56
1.42,-8.15,-15.43,-1.58,3.33,-5.54
1.4,-8.37,-15.28,-1.52,3.33,-5.54
1.4,-8.72,-15.03,-1.44,3.33,-5.53
1.39,-8.94,-14.83,-1.4,3.33,-5.53
1.33,-9.28,-14.55,-1.34,3.33,-5.54
1.28,-9.5,-14.4,-1.32,3.32,-5.55
1.21,-9.87,-14.27,-1.29,3.29,-5.56
1.19,-10.12,-14.22,-1.27,3.27,-5.58
1.2,-10.48,-14.17,-1.23,3.24,-5.61
1.25,-10.71,-14.12,-1.2,3.22,-5.64
1.35,-11.02,-14.03,-1.15,3.18,-5.68
1.41,-11.23,-13.99,-1.12,3.15,-5.72
1.53,-11.58,-13.92,-1.06,3.11,-5.79
1.64,-11.81,-13.89,-1.02,3.08,-5.83
  ,,,,,
,,,,,
,,,,,
0.78,-10.22,-9.06,2.67,-0.41,-8.47
0.82,-10.17,-9.13,2.7,-0.45,-8.46
0.9,-10.14,-9.24,2.74,-0.51,-8.45
0.95,-10.15,-9.3,2.78,-0.55,-8.44
1.04,-10.2,-9.38,2.84,-0.6,-8.42
1.11,-10.24,-9.41,2.88,-0.64,-8.41
1.22,-10.32,-9.43,2.96,-0.69,-8.39
1.29,-10.36,-9.45,3.02,-0.73,-8.38
1.38,-10.41,-9.45,3.11,-0.78,-8.36
1.43,-10.41,-9.43,3.17,-0.81,-8.35
1.49,-10.38,-9.41,3.27,-0.86,-8.33
1.51,-10.34,-9.4,3.34,-0.89,-8.32
1.53,-10.28,-9.38,3.45,-0.93,-8.3
1.54,-10.21,-9.34,3.55,-0.98,-8.27
1.53,-10.16,-9.31,3.62,-1.01,-8.26
1.54,-10.09,-9.29,3.72,-1.06,-8.23
1.53,-10.04,-9.28,3.79,-1.09,-8.22
1.53,-9.95,-9.28,3.89,-1.14,-8.19
1.53,-9.89,-9.27,3.96,-1.17,-8.17
1.56,-9.81,-9.31,4.07,-1.21,-8.15
1.59,-9.79,-9.34,4.14,-1.25,-8.13
1.65,-9.79,-9.41,4.27,-1.29,-8.1
1.69,-9.8,-9.46,4.37,-1.33,-8.08
1.75,-9.83,-9.55,4.52,-1.37,-8.04
1.79,-9.87,-9.63,4.63,-1.41,-8.02
1.87,-9.91,-9.74,4.8,-1.46,-7.98
1.94,-9.93,-9.79,4.92,-1.49,-7.96
2.07,-9.91,-9.84,5.11,-1.54,-7.93
2.18,-9.89,-9.87,5.23,-1.57,-7.91
2.33,-9.79,-9.92,5.41,-1.61,-7.88
2.5,-9.65,-9.94,5.58,-1.65,-7.85
2.61,-9.52,-9.96,5.68,-1.67,-7.83
2.74,-9.31,-9.98,5.83,-1.69,-7.8
2.83,-9.17,-9.99,5.92,-1.7,-7.78
2.91,-8.94,-10,6.05,-1.71,-7.76
2.94,-8.8,-9.99,6.12,-1.71,-7.74
2.95,-8.57,-9.96,6.22,-1.71,-7.71
2.93,-8.43,-9.93,6.27,-1.7,-7.69
2.86,-8.23,-9.91,6.36,-1.7,-7.65
2.82,-8.11,-9.87,6.41,-1.69,-7.63
2.73,-7.94,-9.8,6.48,-1.68,-7.59
2.68,-7.84,-9.74,6.52,-1.67,-7.56
2.6,-7.71,-9.66,6.58,-1.66,-7.52
2.56,-7.63,-9.6,6.62,-1.66,-7.49
2.53,-7.49,-9.51,6.66,-1.65,-7.45
2.52,-7.38,-9.47,6.68,-1.65,-7.43
2.5,-7.27,-9.42,6.7,-1.64,-7.39
2.52,-7.18,-9.39,6.72,-1.63,-7.35
2.55,-7.16,-9.39,6.74,-1.62,-7.33
2.59,-7.16,-9.37,6.77,-1.62,-7.29
2.64,-7.16,-9.35,6.79,-1.61,-7.26
2.71,-7.19,-9.33,6.81,-1.6,-7.22
2.76,-7.18,-9.31,6.82,-1.6,-7.19
2.85,-7.19,-9.3,6.84,-1.59,-7.16
2.91,-7.19,-9.3,6.85,-1.58,-7.15
3,-7.2,-9.32,6.87,-1.56,-7.12
3.04,-7.24,-9.34,6.9,-1.55,-7.1
3.07,-7.35,-9.41,6.95,-1.53,-7.07
3.08,-7.44,-9.46,6.99,-1.51,-7.05
3.08,-7.57,-9.5,7.07,-1.49,-7.02
3.1,-7.65,-9.5,7.12,-1.46,-7
3.11,-7.72,-9.5,7.19,-1.43,-6.97
3.12,-7.73,-9.48,7.24,-1.4,-6.96
3.16,-7.7,-9.37,7.3,-1.36,-6.95
3.18,-7.58,-9.22,7.35,-1.32,-6.94
3.19,-7.49,-9.09,7.37,-1.29,-6.93
3.18,-7.32,-8.88,7.41,-1.25,-6.92
3.14,-7.2,-8.73,7.43,-1.22,-6.91
3.07,-7.01,-8.56,7.45,-1.18,-6.89
3.03,-6.88,-8.45,7.46,-1.15,-6.88
2.97,-6.72,-8.23,7.46,-1.11,-6.86
2.96,-6.62,-8.08,7.45,-1.09,-6.85
2.98,-6.49,-7.81,7.42,-1.06,-6.83
3.03,-6.4,-7.61,7.4,-1.04,-6.83
3.14,-6.31,-7.28,7.34,-1.01,-6.82
3.21,-6.28,-7.07,7.3,-0.98,-6.81
3.32,-6.24,-6.78,7.23,-0.93,-6.81
3.4,-6.25,-6.62,7.18,-0.9,-6.8
3.48,-6.33,-6.38,7.11,-0.85,-6.79
3.54,-6.46,-6.16,7.04,-0.8,-6.79
3.58,-6.56,-6.01,6.99,-0.77,-6.79
3.63,-6.76,-5.8,6.9,-0.73,-6.79
3.65,-6.9,-5.69,6.85,-0.7,-6.8
3.66,-7.11,-5.6,6.78,-0.66,-6.8
3.68,-7.24,-5.55,6.74,-0.63,-6.81
3.72,-7.41,-5.49,6.67,-0.59,-6.81
3.75,-7.46,-5.42,6.61,-0.56,-6.82
3.76,-7.46,-5.31,6.52,-0.51,-6.82
3.78,-7.42,-5.21,6.45,-0.49,-6.83
3.8,-7.35,-5.06,6.33,-0.44,-6.84
3.82,-7.3,-4.97,6.26,-0.42,-6.84
3.82,-7.23,-4.89,6.16,-0.38,-6.85
3.81,-7.19,-4.89,6.09,-0.35,-6.86
3.8,-7.13,-4.86,6,-0.31,-6.86
3.78,-7.09,-4.83,5.94,-0.28,-6.87
3.74,-7.04,-4.78,5.85,-0.23,-6.88
3.74,-7.03,-4.68,5.75,-0.19,-6.89
3.74,-7,-4.66,5.69,-0.16,-6.9
3.76,-6.95,-4.57,5.61,-0.12,-6.92
3.78,-6.9,-4.5,5.55,-0.09,-6.93
  ,,,,,
,,,,,
,,,,,
1.82,-10.73,-9.6,3.7,-1.12,-8.53
1.9,-10.7,-9.6,3.81,-1.15,-8.52
2.03,-10.62,-9.55,3.97,-1.21,-8.49
2.1,-10.58,-9.5,4.09,-1.25,-8.47
2.21,-10.5,-9.41,4.26,-1.3,-8.43
2.28,-10.46,-9.36,4.37,-1.33,-8.41
2.37,-10.41,-9.32,4.55,-1.38,-8.37
2.43,-10.34,-9.26,4.72,-1.43,-8.34
2.47,-10.29,-9.26,4.84,-1.46,-8.32
2.54,-10.19,-9.26,5.02,-1.51,-8.28
2.59,-10.11,-9.23,5.14,-1.54,-8.25
2.64,-9.95,-9.22,5.32,-1.58,-8.21
2.69,-9.81,-9.21,5.44,-1.6,-8.19
2.74,-9.6,-9.21,5.6,-1.63,-8.15
2.79,-9.47,-9.2,5.71,-1.66,-8.12
2.85,-9.28,-9.17,5.86,-1.69,-8.09
2.88,-9.18,-9.16,5.96,-1.71,-8.06
2.92,-9.07,-9.12,6.11,-1.73,-8.03
2.94,-9.03,-9.12,6.21,-1.75,-8
2.96,-9,-9.14,6.36,-1.77,-7.96
2.97,-8.99,-9.14,6.46,-1.79,-7.93
2.98,-8.97,-9.14,6.61,-1.81,-7.88
2.98,-8.98,-9.14,6.72,-1.83,-7.85
3.02,-8.94,-9.15,6.87,-1.86,-7.81
3.06,-8.85,-9.11,7.02,-1.88,-7.77
3.09,-8.78,-9.1,7.11,-1.9,-7.74
3.17,-8.64,-9.08,7.25,-1.92,-7.7
3.22,-8.52,-9.07,7.35,-1.93,-7.68
3.3,-8.31,-9.07,7.49,-1.95,-7.63
3.36,-8.18,-9.08,7.58,-1.96,-7.6
3.44,-7.97,-9.12,7.72,-1.98,-7.55
3.48,-7.82,-9.14,7.8,-1.98,-7.52
3.58,-7.61,-9.16,7.91,-1.99,-7.47
3.65,-7.46,-9.19,7.96,-1.99,-7.44
3.75,-7.24,-9.23,8.04,-1.99,-7.39
3.83,-7.09,-9.24,8.07,-1.99,-7.36
3.93,-6.86,-9.23,8.11,-1.98,-7.32
3.99,-6.72,-9.21,8.13,-1.97,-7.29
4.09,-6.56,-9.13,8.15,-1.95,-7.24
4.16,-6.43,-9.05,8.15,-1.93,-7.19
4.21,-6.38,-9,8.15,-1.91,-7.16
4.27,-6.36,-8.94,8.14,-1.87,-7.12
4.27,-6.37,-8.88,8.14,-1.85,-7.08
4.27,-6.46,-8.82,8.13,-1.8,-7.04
4.24,-6.52,-8.77,8.12,-1.78,-7.01
4.18,-6.61,-8.67,8.09,-1.73,-6.97
4.15,-6.69,-8.61,8.07,-1.7,-6.95
4.06,-6.84,-8.49,8.04,-1.65,-6.92
4,-6.94,-8.4,8.02,-1.62,-6.9
3.86,-7.07,-8.27,8,-1.57,-6.86
3.77,-7.17,-8.19,7.99,-1.54,-6.84
3.65,-7.27,-7.99,7.97,-1.49,-6.81
3.58,-7.33,-7.86,7.96,-1.46,-6.78
3.48,-7.38,-7.65,7.94,-1.42,-6.75
3.45,-7.38,-7.51,7.92,-1.39,-6.73
3.43,-7.35,-7.35,7.9,-1.35,-6.71
3.46,-7.25,-7.22,7.88,-1.31,-6.69
3.51,-7.15,-7.12,7.86,-1.28,-6.68
3.6,-7,-6.94,7.82,-1.24,-6.66
3.68,-6.9,-6.85,7.79,-1.21,-6.65
3.8,-6.77,-6.72,7.74,-1.16,-6.64
3.88,-6.7,-6.65,7.7,-1.12,-6.64
4,-6.62,-6.54,7.64,-1.07,-6.63
4.07,-6.56,-6.47,7.59,-1.03,-6.62
4.18,-6.45,-6.3,7.51,-0.96,-6.61
4.24,-6.38,-6.21,7.45,-0.92,-6.6
4.31,-6.29,-6.06,7.34,-0.86,-6.6
4.34,-6.26,-5.98,7.27,-0.81,-6.6
4.37,-6.21,-5.89,7.17,-0.75,-6.6
4.38,-6.2,-5.84,7.1,-0.7,-6.59
4.39,-6.23,-5.82,7,-0.64,-6.59
4.39,-6.26,-5.81,6.94,-0.59,-6.59
4.42,-6.25,-5.83,6.84,-0.52,-6.59
4.46,-6.14,-5.87,6.72,-0.45,-6.59
4.47,-6.04,-5.89,6.64,-0.4,-6.6
4.5,-5.83,-5.86,6.49,-0.33,-6.61
4.52,-5.68,-5.82,6.38,-0.28,-6.63
4.53,-5.46,-5.72,6.21,-0.21,-6.65
4.51,-5.3,-5.69,6.09,-0.16,-6.67
4.47,-5.09,-5.61,5.91,-0.09,-6.69
4.43,-5.01,-5.55,5.79,-0.04,-6.71
4.35,-4.95,-5.43,5.6,0.03,-6.74
4.26,-4.98,-5.33,5.47,0.08,-6.76
4.14,-5.1,-5.19,5.27,0.13,-6.79
4.07,-5.23,-5.09,5.15,0.17,-6.81
3.99,-5.43,-4.96,4.97,0.22,-6.84
3.93,-5.55,-4.86,4.86,0.25,-6.86
3.86,-5.72,-4.72,4.7,0.29,-6.89
3.79,-5.86,-4.61,4.55,0.33,-6.92
3.75,-5.94,-4.51,4.45,0.35,-6.95
3.69,-6.06,-4.32,4.32,0.39,-6.98
3.65,-6.14,-4.22,4.25,0.4,-7.01
3.6,-6.28,-4.12,4.17,0.43,-7.05
3.56,-6.37,-4.08,4.13,0.45,-7.07
3.47,-6.5,-4,4.08,0.48,-7.11
3.42,-6.58,-3.96,4.05,0.49,-7.13
3.34,-6.7,-3.88,4.03,0.51,-7.17
3.3,-6.79,-3.87,4.01,0.52,-7.19
3.26,-6.85,-3.83,3.99,0.53,-7.22
3.24,-6.85,-3.76,3.98,0.53,-7.24
  ,,,,,
,,,,,
,,,,,
-0.13,-13.04,-6.93,0.44,1.2,-8.39
-0.12,-13.04,-6.89,0.45,1.11,-8.41
-0.1,-13.03,-6.86,0.46,1.02,-8.43
-0.08,-13.01,-6.85,0.48,0.96,-8.44
-0.05,-13.01,-6.81,0.51,0.87,-8.46
-0.03,-13,-6.81,0.53,0.81,-8.47
0,-12.97,-6.83,0.58,0.73,-8.48
0.03,-12.96,-6.85,0.61,0.67,-8.48
0.07,-12.94,-6.9,0.68,0.59,-8.48
0.1,-12.93,-6.94,0.72,0.54,-8.48
0.11,-12.9,-7,0.79,0.46,-8.49
0.12,-12.87,-7.06,0.84,0.41,-8.49
0.15,-12.79,-7.18,0.92,0.33,-8.49
0.15,-12.73,-7.28,0.97,0.28,-8.49
0.17,-12.64,-7.45,1.06,0.21,-8.5
0.18,-12.6,-7.62,1.16,0.13,-8.49
0.17,-12.59,-7.74,1.23,0.09,-8.49
0.18,-12.58,-7.92,1.33,0.01,-8.49
0.18,-12.56,-8.03,1.4,-0.04,-8.48
0.19,-12.48,-8.19,1.51,-0.12,-8.48
0.2,-12.42,-8.31,1.57,-0.17,-8.47
0.24,-12.26,-8.5,1.67,-0.25,-8.47
0.27,-12.13,-8.64,1.74,-0.3,-8.47
0.35,-11.91,-8.81,1.84,-0.38,-8.47
0.42,-11.75,-8.9,1.91,-0.43,-8.46
0.51,-11.54,-9.03,2.02,-0.5,-8.46
0.6,-11.41,-9.11,2.09,-0.55,-8.45
0.71,-11.24,-9.22,2.21,-0.61,-8.44
0.79,-11.15,-9.28,2.29,-0.65,-8.43
0.91,-11.04,-9.38,2.41,-0.72,-8.42
0.98,-10.96,-9.44,2.49,-0.76,-8.41
1.09,-10.82,-9.54,2.6,-0.81,-8.4
1.19,-10.66,-9.6,2.71,-0.87,-8.4
1.26,-10.54,-9.61,2.79,-0.9,-8.4
1.32,-10.37,-9.62,2.9,-0.95,-8.39
1.36,-10.27,-9.61,2.97,-0.98,-8.38
1.39,-10.2,-9.62,3.07,-1.02,-8.36
1.4,-10.16,-9.62,3.15,-1.05,-8.34
1.39,-10.18,-9.64,3.26,-1.1,-8.32
1.39,-10.24,-9.64,3.33,-1.13,-8.3
1.37,-10.33,-9.63,3.45,-1.18,-8.28
1.36,-10.41,-9.62,3.54,-1.21,-8.26
1.35,-10.52,-9.61,3.68,-1.26,-8.24
1.35,-10.58,-9.62,3.77,-1.29,-8.22
1.37,-10.65,-9.66,3.93,-1.35,-8.19
1.39,-10.67,-9.67,4.03,-1.38,-8.17
1.43,-10.64,-9.71,4.2,-1.44,-8.15
1.48,-10.59,-9.72,4.3,-1.47,-8.13
1.57,-10.45,-9.74,4.45,-1.52,-8.11
1.67,-10.3,-9.8,4.59,-1.57,-8.08
1.74,-10.17,-9.84,4.67,-1.6,-8.07
1.86,-9.96,-9.93,4.78,-1.64,-8.05
1.94,-9.81,-9.97,4.84,-1.66,-8.03
2.06,-9.56,-10.01,4.92,-1.69,-8.01
2.15,-9.4,-10.02,4.96,-1.71,-7.99
2.26,-9.11,-10.02,4.99,-1.72,-7.97
2.33,-8.89,-10.03,5,-1.73,-7.96
2.43,-8.53,-10.04,4.99,-1.74,-7.95
2.48,-8.29,-10.05,4.97,-1.75,-7.94
2.55,-7.98,-10.06,4.94,-1.75,-7.92
2.6,-7.82,-10.05,4.91,-1.76,-7.91
2.64,-7.65,-10.01,4.86,-1.76,-7.89
2.66,-7.59,-9.99,4.83,-1.75,-7.87
2.66,-7.58,-9.95,4.77,-1.74,-7.84
2.65,-7.64,-9.9,4.72,-1.73,-7.81
2.63,-7.7,-9.86,4.7,-1.72,-7.79
2.56,-7.83,-9.82,4.66,-1.71,-7.76
2.53,-7.91,-9.79,4.64,-1.71,-7.74
2.47,-8.03,-9.77,4.63,-1.7,-7.71
2.43,-8.12,-9.77,4.63,-1.7,-7.69
2.36,-8.26,-9.76,4.64,-1.7,-7.66
2.32,-8.34,-9.73,4.66,-1.71,-7.64
2.26,-8.49,-9.72,4.7,-1.71,-7.6
2.23,-8.57,-9.71,4.72,-1.72,-7.58
2.19,-8.68,-9.7,4.77,-1.74,-7.54
2.19,-8.74,-9.69,4.81,-1.75,-7.52
2.22,-8.81,-9.69,4.88,-1.77,-7.49
2.25,-8.87,-9.69,4.93,-1.79,-7.47
2.34,-8.96,-9.72,5.02,-1.81,-7.45
2.4,-9.04,-9.73,5.09,-1.82,-7.43
2.52,-9.15,-9.77,5.2,-1.84,-7.4
2.64,-9.28,-9.82,5.32,-1.86,-7.37
2.71,-9.36,-9.83,5.41,-1.87,-7.35
2.82,-9.47,-9.91,5.54,-1.88,-7.33
2.9,-9.52,-9.97,5.62,-1.89,-7.31
2.99,-9.56,-10.03,5.75,-1.89,-7.28
3.04,-9.56,-10.1,5.83,-1.89,-7.27
3.12,-9.55,-10.23,5.96,-1.89,-7.24
3.16,-9.54,-10.27,6.05,-1.89,-7.23
3.2,-9.53,-10.3,6.19,-1.88,-7.2
3.2,-9.53,-10.32,6.28,-1.86,-7.19
3.18,-9.56,-10.31,6.43,-1.84,-7.16
3.14,-9.63,-10.31,6.54,-1.82,-7.13
3.03,-9.75,-10.3,6.73,-1.8,-7.09
2.93,-9.84,-10.32,6.86,-1.79,-7.07
2.78,-9.99,-10.35,7.08,-1.78,-7.03
2.68,-10.07,-10.38,7.23,-1.78,-7
2.57,-10.14,-10.38,7.47,-1.78,-6.96
2.5,-10.18,-10.36,7.7,-1.78,-6.93
2.46,-10.19,-10.34,7.86,-1.79,-6.91
  ,,,,,
,,,,,
,,,,,
4.65,-1.92,-1.38,-3.55,-0.77,-8.35
4.73,-2.1,-1.51,-3.64,-0.77,-8.36
4.84,-2.38,-1.7,-3.78,-0.77,-8.37
4.9,-2.55,-1.82,-3.87,-0.77,-8.38
4.97,-2.77,-1.98,-4,-0.77,-8.4
4.99,-2.9,-2.12,-4.09,-0.77,-8.41
5.01,-3.09,-2.32,-4.21,-0.77,-8.42
5,-3.21,-2.43,-4.29,-0.78,-8.43
4.98,-3.38,-2.6,-4.4,-0.78,-8.44
4.94,-3.59,-2.77,-4.5,-0.79,-8.44
4.93,-3.74,-2.86,-4.55,-0.8,-8.44
4.95,-3.95,-3.02,-4.62,-0.81,-8.44
4.97,-4.1,-3.11,-4.66,-0.82,-8.44
5.05,-4.34,-3.22,-4.71,-0.84,-8.44
5.11,-4.51,-3.25,-4.73,-0.84,-8.44
5.2,-4.8,-3.28,-4.74,-0.86,-8.44
5.24,-5.05,-3.31,-4.72,-0.87,-8.44
5.24,-5.55,-3.39,-4.64,-0.88,-8.43
5.19,-5.94,-3.5,-4.55,-0.9,-8.43
5.08,-6.55,-3.69,-4.36,-0.92,-8.41
5.02,-6.9,-3.85,-4.21,-0.92,-8.4
4.9,-7.3,-4.1,-3.97,-0.94,-8.39
4.84,-7.46,-4.27,-3.81,-0.95,-8.39
4.82,-7.58,-4.38,-3.58,-0.98,-8.39
4.85,-7.51,-4.44,-3.37,-1.02,-8.39
4.91,-7.38,-4.48,-3.23,-1.03,-8.39
5.02,-7.1,-4.5,-3.05,-1.05,-8.39
5.06,-6.89,-4.57,-2.95,-1.06,-8.38
5.09,-6.58,-4.71,-2.82,-1.08,-8.37
5.12,-6.39,-4.79,-2.76,-1.1,-8.37
5.19,-6.16,-4.93,-2.69,-1.12,-8.36
5.25,-6.01,-5.06,-2.67,-1.13,-8.36
5.32,-5.79,-5.23,-2.67,-1.14,-8.36
5.37,-5.65,-5.31,-2.68,-1.14,-8.36
5.39,-5.46,-5.5,-2.72,-1.13,-8.37
5.4,-5.36,-5.63,-2.75,-1.12,-8.38
5.44,-5.24,-5.79,-2.83,-1.11,-8.4
5.45,-5.19,-5.91,-2.9,-1.1,-8.42
5.5,-5.14,-6.09,-3.02,-1.08,-8.45
5.54,-5.08,-6.2,-3.13,-1.06,-8.47
5.55,-5.02,-6.41,-3.32,-1.03,-8.5
5.53,-4.97,-6.58,-3.45,-1.01,-8.53
5.52,-4.94,-6.81,-3.69,-0.98,-8.57
5.48,-4.95,-7.06,-3.94,-0.94,-8.6
5.46,-4.95,-7.18,-4.13,-0.92,-8.62
5.42,-4.97,-7.42,-4.42,-0.87,-8.66
5.38,-5.04,-7.59,-4.62,-0.84,-8.68
5.3,-5.16,-7.85,-4.93,-0.8,-8.72
5.26,-5.29,-8.04,-5.13,-0.77,-8.74
5.23,-5.51,-8.29,-5.43,-0.73,-8.77
5.22,-5.7,-8.46,-5.63,-0.71,-8.79
5.16,-6.01,-8.76,-5.9,-0.67,-8.81
5.09,-6.26,-9,-6.06,-0.64,-8.82
4.92,-6.72,-9.35,-6.24,-0.59,-8.84
4.8,-7.06,-9.55,-6.34,-0.56,-8.84
4.7,-7.58,-9.83,-6.46,-0.51,-8.84
4.64,-7.89,-9.98,-6.51,-0.48,-8.85
4.6,-8.31,-10.17,-6.58,-0.42,-8.85
4.6,-8.51,-10.29,-6.62,-0.39,-8.85
4.62,-8.71,-10.46,-6.65,-0.33,-8.86
4.65,-8.8,-10.64,-6.66,-0.27,-8.87
4.65,-8.82,-10.75,-6.65,-0.23,-8.87
4.65,-8.79,-10.91,-6.64,-0.18,-8.87
4.64,-8.75,-11.03,-6.62,-0.14,-8.87
4.65,-8.67,-11.19,-6.58,-0.08,-8.87
4.64,-8.59,-11.28,-6.54,-0.03,-8.86
4.63,-8.44,-11.42,-6.48,0.03,-8.86
4.64,-8.32,-11.51,-6.44,0.08,-8.85
4.65,-8.13,-11.65,-6.38,0.15,-8.85
4.65,-7.97,-11.77,-6.34,0.19,-8.85
4.65,-7.75,-11.93,-6.28,0.25,-8.86
4.65,-7.6,-12.08,-6.25,0.29,-8.86
4.65,-7.4,-12.38,-6.2,0.36,-8.86
4.63,-7.26,-12.59,-6.17,0.4,-8.86
4.61,-7.06,-12.88,-6.14,0.47,-8.86
4.61,-6.85,-13.18,-6.12,0.54,-8.86
4.64,-6.73,-13.38,-6.12,0.59,-8.86
4.67,-6.6,-13.65,-6.12,0.66,-8.86
4.66,-6.53,-13.83,-6.11,0.71,-8.86
4.57,-6.47,-14.06,-6.1,0.78,-8.85
4.51,-6.46,-14.2,-6.09,0.83,-8.85
4.4,-6.51,-14.41,-6.08,0.9,-8.83
4.31,-6.56,-14.51,-6.07,0.96,-8.82
4.2,-6.64,-14.61,-6.06,1.04,-8.79
4.12,-6.67,-14.64,-6.04,1.09,-8.77
4.03,-6.7,-14.61,-6.02,1.18,-8.74
4,-6.75,-14.58,-6.01,1.24,-8.71
3.96,-6.85,-14.5,-5.97,1.35,-8.66
3.94,-6.94,-14.45,-5.94,1.42,-8.62
3.9,-7.07,-14.39,-5.88,1.54,-8.55
3.87,-7.19,-14.34,-5.83,1.62,-8.5
3.81,-7.36,-14.24,-5.75,1.75,-8.42
3.74,-7.51,-14.16,-5.65,1.89,-8.33
3.67,-7.58,-14.17,-5.58,1.98,-8.28
3.55,-7.68,-14.25,-5.46,2.12,-8.2
3.48,-7.72,-14.3,-5.37,2.21,-8.14
3.43,-7.72,-14.39,-5.21,2.36,-8.06
3.45,-7.65,-14.48,-5.1,2.46,-8
3.52,-7.44,-14.62,-4.95,2.61,-7.92
3.56,-7.21,-14.7,-4.85,2.71,-7.86
  ,,,,,
,,,,,
,,,,,
3.12,-4.81,-1.04,-5.78,-1.01,-8.48
3.33,-5,-1.41,-5.93,-1.05,-8.5
3.53,-5.17,-1.8,-6.09,-1.09,-8.52
3.65,-5.28,-2.09,-6.19,-1.12,-8.53
3.85,-5.46,-2.5,-6.35,-1.15,-8.55
4,-5.59,-2.77,-6.46,-1.16,-8.56
4.21,-5.77,-3.16,-6.62,-1.18,-8.58
4.35,-5.89,-3.42,-6.73,-1.19,-8.59
4.5,-6.14,-3.91,-6.87,-1.2,-8.62
4.58,-6.37,-4.22,-6.96,-1.21,-8.63
4.71,-6.7,-4.67,-7.07,-1.22,-8.66
4.81,-6.94,-4.97,-7.13,-1.23,-8.67
4.95,-7.31,-5.42,-7.2,-1.23,-8.69
5.03,-7.54,-5.74,-7.24,-1.23,-8.7
5.2,-7.84,-6.17,-7.28,-1.22,-8.71
5.31,-7.98,-6.43,-7.3,-1.21,-8.73
5.46,-8.08,-6.79,-7.33,-1.19,-8.75
5.56,-8.1,-7.18,-7.36,-1.18,-8.79
5.63,-8.09,-7.43,-7.38,-1.17,-8.82
5.75,-8.02,-7.75,-7.41,-1.14,-8.86
5.8,-7.98,-8.02,-7.43,-1.12,-8.88
5.86,-7.96,-8.45,-7.45,-1.1,-8.92
5.91,-7.98,-8.72,-7.45,-1.08,-8.94
5.99,-8.1,-9.14,-7.44,-1.05,-8.97
6.01,-8.25,-9.4,-7.43,-1.04,-8.98
6.01,-8.52,-9.81,-7.38,-1.01,-9
6.01,-8.7,-10.05,-7.34,-0.99,-9.02
6,-8.94,-10.36,-7.27,-0.96,-9.04
6,-9.09,-10.56,-7.22,-0.93,-9.06
5.98,-9.23,-10.85,-7.15,-0.89,-9.08
5.96,-9.24,-11.03,-7.1,-0.86,-9.1
5.96,-9.15,-11.26,-7.04,-0.82,-9.13
6,-8.88,-11.45,-6.99,-0.77,-9.15
6.04,-8.62,-11.59,-6.97,-0.74,-9.16
6.12,-8.17,-11.8,-6.97,-0.68,-9.19
6.17,-7.84,-11.94,-6.98,-0.64,-9.21
6.23,-7.37,-12.18,-7.01,-0.57,-9.23
6.27,-7.12,-12.34,-7.05,-0.53,-9.25
6.31,-6.9,-12.67,-7.12,-0.46,-9.26
6.34,-6.83,-12.93,-7.17,-0.41,-9.27
6.43,-6.86,-13.34,-7.25,-0.34,-9.28
6.5,-6.96,-13.58,-7.31,-0.3,-9.28
6.61,-7.17,-13.98,-7.4,-0.22,-9.28
6.68,-7.32,-14.24,-7.45,-0.16,-9.28
6.76,-7.6,-14.63,-7.54,-0.08,-9.28
6.82,-7.79,-14.89,-7.59,-0.01,-9.28
6.84,-8,-15.22,-7.65,0.09,-9.26
6.83,-8.12,-15.42,-7.68,0.15,-9.25
6.78,-8.21,-15.7,-7.72,0.26,-9.23
6.72,-8.23,-15.94,-7.74,0.36,-9.21
6.65,-8.23,-16.09,-7.74,0.44,-9.19
6.52,-8.2,-16.27,-7.74,0.55,-9.16
6.42,-8.16,-16.35,-7.73,0.62,-9.14
6.24,-8.11,-16.42,-7.71,0.73,-9.1
6.15,-8.06,-16.43,-7.69,0.81,-9.07
6.06,-7.95,-16.45,-7.65,0.92,-9.02
6.03,-7.86,-16.48,-7.62,1,-8.98
5.98,-7.68,-16.49,-7.56,1.12,-8.91
5.95,-7.54,-16.47,-7.52,1.2,-8.86
5.88,-7.34,-16.45,-7.44,1.33,-8.78
5.81,-7.18,-16.43,-7.39,1.4,-8.72
5.68,-6.96,-16.4,-7.31,1.53,-8.64
5.58,-6.8,-16.42,-7.25,1.61,-8.58
5.47,-6.63,-16.39,-7.15,1.73,-8.5
5.37,-6.46,-16.39,-7.03,1.86,-8.4
5.3,-6.34,-16.38,-6.95,1.94,-8.34
5.2,-6.13,-16.31,-6.82,2.07,-8.24
5.13,-5.97,-16.28,-6.73,2.15,-8.18
5.01,-5.65,-16.21,-6.61,2.27,-8.09
4.92,-5.42,-16.18,-6.53,2.35,-8.04
4.81,-5.02,-16.15,-6.41,2.46,-7.96
4.73,-4.77,-16.12,-6.33,2.53,-7.91
4.62,-4.42,-16.13,-6.23,2.64,-7.83
4.55,-4.17,-16.18,-6.16,2.71,-7.78
4.42,-3.87,-16.31,-6.06,2.81,-7.7
4.32,-3.74,-16.42,-6,2.87,-7.64
4.27,-3.63,-16.28,-5.87,2.96,-7.56
4.19,-3.55,-16.35,-5.78,3.04,-7.5
4.03,-3.46,-16.46,-5.63,3.14,-7.41
3.93,-3.44,-16.53,-5.52,3.21,-7.35
3.79,-3.45,-16.62,-5.35,3.29,-7.27
3.67,-3.45,-16.7,-5.17,3.38,-7.19
3.61,-3.44,-16.75,-5.04,3.43,-7.13
3.55,-3.42,-16.79,-4.83,3.51,-7.04
3.52,-3.37,-16.81,-4.7,3.56,-6.98
3.48,-3.33,-16.81,-4.48,3.63,-6.9
3.44,-3.29,-16.83,-4.34,3.68,-6.85
3.37,-3.25,-16.91,-4.12,3.74,-6.77
3.31,-3.23,-16.93,-3.97,3.79,-6.72
3.19,-3.25,-16.98,-3.74,3.85,-6.64
3.09,-3.3,-17.03,-3.59,3.89,-6.58
2.89,-3.45,-17.1,-3.36,3.95,-6.5
2.74,-3.59,-17.14,-3.2,3.99,-6.44
2.53,-3.84,-17.16,-2.96,4.03,-6.36
2.41,-4.01,-17.15,-2.81,4.06,-6.3
2.26,-4.32,-17.09,-2.58,4.1,-6.23
2.15,-4.56,-17.02,-2.43,4.13,-6.18
2.02,-4.95,-16.86,-2.21,4.17,-6.11
1.89,-5.35,-16.67,-2.01,4.2,-6.05
1.8,-5.61,-16.56,-1.88,4.22,-6.01
  ,,,,,
,,,,,
,,,,,
3.82,-2.58,1.42,-1.32,0.21,-8.46
3.93,-2.65,1.39,-1.41,0.18,-8.46
4.01,-2.67,1.35,-1.48,0.16,-8.47
4.11,-2.71,1.29,-1.59,0.13,-8.49
4.19,-2.73,1.27,-1.68,0.12,-8.5
4.31,-2.76,1.22,-1.83,0.1,-8.51
4.36,-2.79,1.18,-1.93,0.09,-8.53
4.43,-2.85,1.13,-2.11,0.08,-8.55
4.46,-2.95,1.05,-2.29,0.07,-8.58
4.47,-3.05,0.97,-2.42,0.06,-8.59
4.48,-3.21,0.85,-2.61,0.04,-8.62
4.47,-3.35,0.72,-2.74,0.03,-8.64
4.45,-3.57,0.52,-2.93,0.01,-8.67
4.46,-3.72,0.4,-3.05,-0.01,-8.68
4.46,-3.96,0.16,-3.24,-0.03,-8.71
4.48,-4.11,0.02,-3.37,-0.05,-8.73
4.52,-4.36,-0.13,-3.55,-0.08,-8.76
4.55,-4.54,-0.27,-3.67,-0.1,-8.78
4.61,-4.83,-0.45,-3.81,-0.13,-8.81
4.65,-5.07,-0.59,-3.89,-0.15,-8.83
4.73,-5.5,-0.87,-3.98,-0.19,-8.86
4.77,-5.8,-1.1,-4.01,-0.2,-8.88
4.81,-6.24,-1.4,-4.05,-0.24,-8.92
4.87,-6.63,-1.62,-4.08,-0.27,-8.95
4.92,-6.83,-1.78,-4.09,-0.28,-8.98
4.95,-7.03,-1.98,-4.09,-0.31,-9.01
4.96,-7.11,-2.11,-4.09,-0.33,-9.03
4.97,-7.17,-2.27,-4.09,-0.35,-9.07
4.97,-7.17,-2.38,-4.09,-0.37,-9.09
4.96,-7.18,-2.51,-4.09,-0.39,-9.12
4.93,-7.2,-2.62,-4.1,-0.4,-9.14
4.89,-7.23,-2.76,-4.12,-0.43,-9.18
4.87,-7.26,-2.86,-4.13,-0.44,-9.2
4.84,-7.29,-3,-4.17,-0.47,-9.24
4.83,-7.33,-3.12,-4.2,-0.48,-9.26
4.82,-7.4,-3.3,-4.24,-0.5,-9.3
4.82,-7.45,-3.45,-4.27,-0.52,-9.33
4.88,-7.52,-3.62,-4.31,-0.54,-9.37
4.93,-7.58,-3.74,-4.34,-0.55,-9.39
4.96,-7.62,-3.98,-4.39,-0.55,-9.42
4.98,-7.63,-4.2,-4.43,-0.56,-9.45
5.01,-7.65,-4.35,-4.45,-0.57,-9.47
5.06,-7.69,-4.56,-4.5,-0.59,-9.49
5.1,-7.69,-4.67,-4.53,-0.6,-9.5
5.12,-7.68,-4.86,-4.59,-0.61,-9.51
5.14,-7.66,-5.03,-4.64,-0.61,-9.52
5.2,-7.59,-5.31,-4.71,-0.61,-9.52
5.25,-7.54,-5.54,-4.77,-0.61,-9.53
5.35,-7.48,-5.88,-4.85,-0.61,-9.54
5.44,-7.48,-6.1,-4.92,-0.61,-9.55
5.56,-7.5,-6.4,-5.01,-0.6,-9.54
5.64,-7.5,-6.56,-5.08,-0.6,-9.54
5.74,-7.53,-6.77,-5.18,-0.58,-9.54
5.76,-7.55,-6.91,-5.24,-0.56,-9.53
5.75,-7.55,-7.13,-5.35,-0.53,-9.52
5.65,-7.58,-7.34,-5.46,-0.5,-9.52
5.58,-7.58,-7.47,-5.54,-0.49,-9.51
5.49,-7.54,-7.61,-5.67,-0.47,-9.5
5.42,-7.51,-7.72,-5.76,-0.44,-9.5
5.26,-7.46,-7.93,-5.91,-0.41,-9.49
5.17,-7.4,-8.11,-6,-0.39,-9.49
5.06,-7.33,-8.34,-6.14,-0.35,-9.48
4.98,-7.31,-8.52,-6.23,-0.33,-9.48
4.87,-7.29,-8.75,-6.36,-0.29,-9.47
4.81,-7.25,-8.88,-6.46,-0.27,-9.46
4.79,-7.18,-9.12,-6.63,-0.23,-9.46
4.81,-7.12,-9.3,-6.75,-0.2,-9.45
4.86,-7.03,-9.54,-6.93,-0.15,-9.44
4.89,-6.96,-9.73,-7.05,-0.12,-9.43
4.92,-6.87,-9.99,-7.23,-0.07,-9.41
4.91,-6.83,-10.16,-7.36,-0.04,-9.39
4.91,-6.75,-10.4,-7.54,0.02,-9.36
4.92,-6.72,-10.66,-7.7,0.08,-9.34
4.92,-6.73,-10.88,-7.79,0.12,-9.32
4.89,-6.75,-11.18,-7.93,0.19,-9.28
4.86,-6.81,-11.38,-8.01,0.24,-9.26
4.81,-6.88,-11.71,-8.1,0.31,-9.21
4.78,-6.93,-11.91,-8.14,0.37,-9.17
4.75,-7.01,-12.21,-8.17,0.46,-9.11
4.72,-7.03,-12.39,-8.17,0.52,-9.06
4.72,-7.05,-12.64,-8.14,0.62,-9
4.71,-7.02,-12.8,-8.11,0.69,-8.95
4.7,-6.9,-13.02,-8.06,0.81,-8.88
4.69,-6.81,-13.13,-8.02,0.89,-8.84
4.67,-6.62,-13.24,-7.95,1.03,-8.76
4.66,-6.48,-13.3,-7.91,1.12,-8.71
4.58,-6.31,-13.34,-7.82,1.27,-8.64
4.48,-6.21,-13.39,-7.76,1.37,-8.58
4.28,-6.11,-13.46,-7.67,1.52,-8.5
4.1,-6.09,-13.51,-7.56,1.68,-8.42
3.98,-6.11,-13.59,-7.48,1.78,-8.36
3.87,-6.17,-13.7,-7.36,1.94,-8.28
3.81,-6.16,-13.79,-7.26,2.05,-8.22
3.76,-6.07,-13.95,-7.11,2.21,-8.14
3.73,-5.95,-14.07,-7.01,2.32,-8.09
3.67,-5.68,-14.25,-6.87,2.49,-8.01
3.62,-5.47,-14.39,-6.77,2.59,-7.96
3.55,-5.1,-14.59,-6.63,2.76,-7.89
3.49,-4.85,-14.7,-6.53,2.86,-7.85
3.43,-4.48,-14.85,-6.4,3.02,-7.78
  ,,,,,
,,,,,
,,,,,
3.54,-3.88,-1.1,2.76,0.86,-7.39
3.49,-3.76,-0.96,2.69,0.87,-7.41
3.48,-3.64,-0.89,2.65,0.88,-7.42
3.48,-3.45,-0.78,2.59,0.9,-7.43
3.47,-3.32,-0.73,2.54,0.91,-7.44
3.47,-3.14,-0.65,2.45,0.93,-7.46
3.47,-3.01,-0.61,2.38,0.94,-7.47
3.48,-2.86,-0.57,2.26,0.95,-7.49
3.49,-2.78,-0.53,2.18,0.96,-7.5
3.51,-2.69,-0.5,2.05,0.97,-7.52
3.54,-2.66,-0.47,1.97,0.98,-7.53
3.57,-2.66,-0.5,1.83,0.99,-7.56
3.62,-2.7,-0.57,1.71,1,-7.58
3.64,-2.74,-0.61,1.63,1,-7.59
3.67,-2.82,-0.69,1.52,1.01,-7.62
3.69,-2.87,-0.76,1.45,1.01,-7.63
3.73,-2.94,-0.9,1.37,1.02,-7.66
3.74,-2.95,-0.99,1.32,1.03,-7.67
3.78,-2.96,-1.12,1.24,1.03,-7.69
3.82,-2.95,-1.2,1.2,1.04,-7.71
3.86,-2.89,-1.28,1.13,1.04,-7.73
3.87,-2.88,-1.33,1.09,1.05,-7.74
3.9,-2.87,-1.35,1.04,1.05,-7.76
3.91,-2.86,-1.38,1.01,1.06,-7.78
3.91,-2.86,-1.39,0.97,1.07,-7.8
3.91,-2.87,-1.39,0.95,1.08,-7.82
3.88,-2.89,-1.4,0.93,1.09,-7.84
3.84,-2.9,-1.42,0.92,1.1,-7.85
3.8,-2.91,-1.42,0.9,1.11,-7.87
3.74,-2.89,-1.38,0.89,1.11,-7.89
3.71,-2.87,-1.33,0.89,1.12,-7.9
3.65,-2.82,-1.26,0.88,1.13,-7.92
3.61,-2.78,-1.22,0.88,1.13,-7.93
3.56,-2.71,-1.13,0.88,1.14,-7.95
3.51,-2.67,-1.07,0.88,1.15,-7.96
3.47,-2.57,-0.96,0.87,1.16,-7.98
3.43,-2.51,-0.89,0.87,1.16,-8
3.4,-2.41,-0.78,0.87,1.17,-8.02
3.37,-2.32,-0.7,0.87,1.18,-8.03
3.34,-2.2,-0.57,0.86,1.19,-8.05
3.33,-2.12,-0.47,0.86,1.19,-8.07
3.34,-1.99,-0.31,0.86,1.2,-8.09
3.35,-1.9,-0.2,0.86,1.2,-8.1
3.39,-1.76,-0.05,0.85,1.21,-8.12
3.43,-1.68,0.07,0.85,1.22,-8.13
3.47,-1.59,0.24,0.84,1.23,-8.15
3.5,-1.5,0.45,0.83,1.24,-8.16
3.53,-1.45,0.59,0.82,1.25,-8.16
3.53,-1.37,0.82,0.79,1.27,-8.16
3.55,-1.33,0.96,0.77,1.28,-8.16
3.55,-1.29,1.21,0.74,1.29,-8.16
3.55,-1.29,1.38,0.72,1.3,-8.15
3.55,-1.3,1.63,0.68,1.3,-8.15
3.54,-1.34,1.81,0.66,1.31,-8.14
3.54,-1.41,2.05,0.62,1.31,-8.14
3.55,-1.44,2.2,0.59,1.31,-8.14
3.56,-1.48,2.43,0.55,1.32,-8.13
3.56,-1.49,2.57,0.52,1.32,-8.13
3.56,-1.48,2.79,0.48,1.32,-8.13
3.56,-1.45,2.93,0.45,1.32,-8.14
3.58,-1.4,3.11,0.4,1.32,-8.15
3.59,-1.36,3.22,0.37,1.32,-8.16
3.58,-1.29,3.36,0.32,1.31,-8.18
3.58,-1.19,3.45,0.27,1.31,-8.2
3.57,-1.13,3.48,0.24,1.3,-8.22
3.54,-1.05,3.47,0.18,1.29,-8.23
3.52,-0.99,3.44,0.15,1.29,-8.25
3.48,-0.93,3.37,0.11,1.27,-8.26
3.45,-0.89,3.32,0.08,1.26,-8.27
3.4,-0.84,3.2,0.04,1.24,-8.29
3.36,-0.81,3.11,0.02,1.22,-8.3
3.29,-0.77,2.93,-0.01,1.2,-8.33
3.22,-0.75,2.81,-0.02,1.18,-8.34
3.11,-0.73,2.64,-0.03,1.16,-8.37
3.04,-0.72,2.54,-0.03,1.14,-8.38
2.92,-0.69,2.36,-0.03,1.1,-8.4
2.85,-0.67,2.23,-0.02,1.08,-8.42
2.72,-0.63,2.07,-0.01,1.04,-8.44
2.59,-0.58,1.91,0.01,1.01,-8.46
2.51,-0.57,1.81,0.03,0.98,-8.48
2.38,-0.6,1.65,0.05,0.95,-8.49
2.3,-0.63,1.54,0.07,0.92,-8.51
2.19,-0.67,1.4,0.1,0.89,-8.52
2.12,-0.7,1.3,0.12,0.86,-8.53
2.01,-0.71,1.15,0.15,0.83,-8.54
1.95,-0.73,1.06,0.17,0.8,-8.55
1.85,-0.74,0.91,0.2,0.77,-8.56
1.8,-0.75,0.8,0.22,0.74,-8.57
1.74,-0.79,0.64,0.25,0.71,-8.57
1.7,-0.83,0.53,0.27,0.69,-8.58
1.68,-0.87,0.36,0.3,0.66,-8.59
1.68,-0.88,0.28,0.31,0.64,-8.59
1.7,-0.85,0.15,0.33,0.62,-8.6
1.75,-0.81,0.07,0.34,0.6,-8.61
1.81,-0.7,-0.02,0.35,0.58,-8.61
1.91,-0.59,-0.11,0.35,0.57,-8.62
1.97,-0.52,-0.17,0.35,0.56,-8.63
2.06,-0.45,-0.23,0.35,0.55,-8.64
2.11,-0.41,-0.27,0.34,0.55,-8.64
2.19,-0.38,-0.33,0.33,0.55,-8.65
  ,,,,,
,,,,,
,,,,,
4.01,-3.6,-2.38,3.01,1.01,-7.54
4.03,-3.42,-2.33,2.88,1.03,-7.57
4.05,-3.31,-2.28,2.79,1.05,-7.59
4.09,-3.19,-2.21,2.66,1.07,-7.62
4.14,-3.14,-2.19,2.53,1.09,-7.65
4.18,-3.14,-2.2,2.45,1.1,-7.67
4.23,-3.19,-2.22,2.35,1.12,-7.7
4.25,-3.26,-2.23,2.29,1.13,-7.72
4.3,-3.37,-2.24,2.21,1.15,-7.75
4.34,-3.44,-2.25,2.15,1.17,-7.77
4.36,-3.51,-2.29,2.06,1.19,-7.79
4.36,-3.53,-2.32,2.01,1.21,-7.81
4.38,-3.52,-2.32,1.93,1.23,-7.82
4.38,-3.48,-2.29,1.87,1.25,-7.84
4.36,-3.4,-2.23,1.8,1.27,-7.85
4.36,-3.35,-2.18,1.75,1.28,-7.86
4.33,-3.28,-2.12,1.68,1.3,-7.88
4.31,-3.24,-2.05,1.64,1.32,-7.9
4.26,-3.2,-1.98,1.58,1.34,-7.92
4.22,-3.16,-1.94,1.54,1.35,-7.93
4.16,-3.08,-1.88,1.48,1.36,-7.94
4.09,-2.99,-1.8,1.43,1.38,-7.96
4.04,-2.93,-1.73,1.39,1.38,-7.97
3.98,-2.86,-1.63,1.35,1.39,-7.98
3.93,-2.82,-1.58,1.33,1.39,-7.98
3.89,-2.77,-1.5,1.3,1.39,-7.99
3.88,-2.74,-1.45,1.28,1.39,-7.99
3.87,-2.7,-1.37,1.27,1.39,-8
3.86,-2.65,-1.32,1.26,1.39,-8.01
3.86,-2.53,-1.22,1.24,1.39,-8.02
3.86,-2.43,-1.16,1.23,1.39,-8.03
3.86,-2.22,-1.06,1.21,1.39,-8.04
3.85,-2.08,-0.98,1.2,1.39,-8.04
3.81,-1.87,-0.84,1.17,1.39,-8.05
3.78,-1.75,-0.75,1.16,1.39,-8.06
3.73,-1.61,-0.64,1.13,1.39,-8.07
3.65,-1.5,-0.49,1.1,1.39,-8.08
3.59,-1.46,-0.42,1.08,1.39,-8.09
3.52,-1.4,-0.35,1.04,1.38,-8.1
3.47,-1.36,-0.31,1.02,1.38,-8.11
3.4,-1.31,-0.26,0.98,1.37,-8.12
3.37,-1.27,-0.23,0.96,1.37,-8.12
3.34,-1.22,-0.18,0.92,1.36,-8.13
3.33,-1.18,-0.12,0.9,1.35,-8.14
3.32,-1.14,-0.05,0.86,1.34,-8.15
3.32,-1.11,0.01,0.84,1.34,-8.16
3.32,-1.08,0.1,0.81,1.33,-8.17
3.31,-1.05,0.17,0.79,1.33,-8.17
3.32,-1,0.26,0.76,1.32,-8.18
3.32,-0.98,0.34,0.74,1.32,-8.19
3.32,-0.93,0.48,0.72,1.32,-8.2
3.33,-0.9,0.56,0.71,1.31,-8.21
3.35,-0.83,0.72,0.69,1.31,-8.22
3.4,-0.75,0.88,0.67,1.31,-8.23
3.43,-0.68,0.99,0.66,1.3,-8.23
3.48,-0.58,1.16,0.65,1.3,-8.24
3.5,-0.51,1.3,0.64,1.3,-8.24
3.51,-0.44,1.48,0.63,1.3,-8.24
3.51,-0.4,1.59,0.62,1.3,-8.24
3.52,-0.36,1.77,0.61,1.3,-8.23
3.51,-0.35,1.89,0.6,1.3,-8.23
3.49,-0.35,2.1,0.58,1.29,-8.22
3.48,-0.37,2.23,0.56,1.29,-8.22
3.45,-0.38,2.43,0.53,1.28,-8.21
3.43,-0.4,2.57,0.51,1.27,-8.21
3.39,-0.4,2.78,0.47,1.26,-8.2
3.38,-0.38,2.91,0.44,1.25,-8.2
3.35,-0.35,3.08,0.39,1.23,-8.21
3.34,-0.33,3.2,0.36,1.22,-8.21
3.34,-0.32,3.35,0.31,1.21,-8.22
3.33,-0.32,3.48,0.26,1.19,-8.24
3.3,-0.32,3.55,0.23,1.18,-8.25
3.27,-0.35,3.61,0.18,1.17,-8.28
3.24,-0.36,3.64,0.14,1.16,-8.29
3.24,-0.36,3.66,0.1,1.14,-8.31
3.23,-0.36,3.66,0.07,1.13,-8.33
3.21,-0.37,3.63,0.04,1.11,-8.35
3.19,-0.38,3.6,0.02,1.1,-8.36
3.17,-0.39,3.54,-0.01,1.08,-8.37
3.15,-0.39,3.47,-0.02,1.06,-8.38
3.08,-0.41,3.33,-0.04,1.04,-8.4
3.02,-0.43,3.21,-0.04,1.03,-8.41
2.94,-0.42,3.02,-0.05,1.01,-8.42
2.88,-0.41,2.87,-0.06,1,-8.43
2.78,-0.36,2.65,-0.06,0.98,-8.45
2.71,-0.34,2.49,-0.06,0.96,-8.46
2.59,-0.31,2.21,-0.05,0.93,-8.48
2.48,-0.3,1.93,-0.03,0.9,-8.49
2.41,-0.31,1.74,-0.01,0.88,-8.5
2.35,-0.31,1.47,0.02,0.85,-8.52
2.3,-0.31,1.29,0.05,0.83,-8.53
2.26,-0.29,1.05,0.09,0.8,-8.54
2.24,-0.28,0.9,0.11,0.78,-8.55
2.22,-0.25,0.7,0.16,0.75,-8.56
2.2,-0.22,0.58,0.18,0.73,-8.57
2.16,-0.18,0.41,0.22,0.7,-8.57
2.14,-0.15,0.31,0.25,0.69,-8.57
2.11,-0.1,0.18,0.29,0.66,-8.57
2.09,-0.06,0.11,0.31,0.65,-8.57
2.07,-0.03,0,0.34,0.63,-8.57
  ,,,,,
,,,,,
,,,,,
4.4,-2.09,-3.62,5.2,0.57,-7.23
4.36,-2.17,-3.54,4.94,0.61,-7.26
4.34,-2.25,-3.49,4.77,0.63,-7.27
4.3,-2.38,-3.44,4.53,0.66,-7.3
4.29,-2.48,-3.41,4.38,0.68,-7.32
4.27,-2.63,-3.37,4.16,0.7,-7.35
4.28,-2.75,-3.34,4.03,0.72,-7.37
4.3,-2.93,-3.26,3.83,0.74,-7.39
4.3,-3.06,-3.18,3.72,0.76,-7.41
4.3,-3.27,-3.15,3.57,0.78,-7.43
4.28,-3.4,-3.18,3.49,0.79,-7.45
4.25,-3.55,-3.27,3.38,0.81,-7.47
4.24,-3.63,-3.29,3.31,0.83,-7.48
4.22,-3.69,-3.26,3.22,0.85,-7.49
4.21,-3.67,-3.27,3.17,0.86,-7.5
4.22,-3.58,-3.26,3.09,0.88,-7.52
4.25,-3.5,-3.22,3.04,0.89,-7.53
4.28,-3.36,-3.07,2.97,0.9,-7.55
4.31,-3.22,-2.92,2.91,0.92,-7.57
4.33,-3.13,-2.83,2.87,0.94,-7.58
4.34,-3.03,-2.65,2.82,0.96,-7.6
4.33,-2.99,-2.53,2.78,0.98,-7.62
4.28,-2.91,-2.36,2.71,1.01,-7.63
4.24,-2.86,-2.24,2.67,1.04,-7.64
4.16,-2.79,-2.07,2.61,1.06,-7.66
4.09,-2.74,-1.98,2.57,1.08,-7.67
3.99,-2.66,-1.88,2.52,1.1,-7.68
3.95,-2.6,-1.84,2.49,1.11,-7.69
3.9,-2.49,-1.76,2.44,1.13,-7.71
3.88,-2.41,-1.72,2.4,1.13,-7.73
3.86,-2.33,-1.69,2.35,1.14,-7.75
3.86,-2.27,-1.68,2.31,1.15,-7.76
3.89,-2.18,-1.68,2.25,1.16,-7.78
3.92,-2.09,-1.65,2.21,1.16,-7.79
3.96,-2,-1.63,2.14,1.18,-7.81
3.99,-1.94,-1.64,2.08,1.18,-7.83
4.03,-1.91,-1.65,2.03,1.19,-7.85
4.08,-1.87,-1.67,1.96,1.2,-7.86
4.08,-1.84,-1.67,1.92,1.22,-7.87
4.09,-1.77,-1.65,1.85,1.23,-7.88
4.08,-1.73,-1.66,1.8,1.25,-7.89
4.06,-1.67,-1.65,1.72,1.27,-7.91
4.03,-1.61,-1.61,1.67,1.29,-7.92
3.96,-1.52,-1.57,1.6,1.31,-7.94
3.92,-1.48,-1.56,1.56,1.32,-7.95
3.84,-1.43,-1.49,1.49,1.33,-7.96
3.77,-1.41,-1.42,1.45,1.34,-7.97
3.65,-1.4,-1.34,1.4,1.35,-7.99
3.59,-1.4,-1.29,1.37,1.36,-7.99
3.49,-1.38,-1.22,1.34,1.36,-8.01
3.42,-1.37,-1.16,1.31,1.37,-8.02
3.33,-1.32,-1.06,1.28,1.37,-8.03
3.25,-1.27,-0.97,1.25,1.37,-8.04
3.21,-1.22,-0.89,1.23,1.36,-8.04
3.2,-1.14,-0.74,1.21,1.36,-8.05
3.2,-1.08,-0.62,1.19,1.35,-8.05
3.23,-1.01,-0.42,1.17,1.35,-8.06
3.25,-0.97,-0.32,1.16,1.34,-8.06
3.3,-0.91,-0.18,1.14,1.34,-8.07
3.34,-0.86,-0.07,1.13,1.34,-8.07
3.4,-0.79,0.14,1.11,1.34,-8.07
3.42,-0.73,0.3,1.09,1.35,-8.08
3.47,-0.62,0.51,1.07,1.35,-8.08
3.49,-0.55,0.66,1.06,1.36,-8.07
3.48,-0.45,0.85,1.03,1.37,-8.07
3.46,-0.38,0.98,1,1.37,-8.06
3.44,-0.3,1.2,0.96,1.38,-8.05
3.42,-0.24,1.36,0.94,1.38,-8.04
3.37,-0.18,1.58,0.89,1.39,-8.03
3.32,-0.12,1.76,0.84,1.38,-8.02
3.31,-0.1,1.87,0.81,1.38,-8.01
3.26,-0.06,2.04,0.76,1.38,-8
3.24,-0.03,2.15,0.72,1.37,-8
3.22,0,2.3,0.67,1.36,-8
3.22,0.01,2.41,0.63,1.36,-8
3.23,0.03,2.54,0.58,1.35,-8.01
3.25,0.04,2.64,0.54,1.35,-8.01
3.26,0.02,2.78,0.48,1.34,-8.02
3.26,0,2.86,0.44,1.34,-8.03
3.26,-0.04,2.96,0.38,1.33,-8.04
3.24,-0.07,3,0.34,1.33,-8.05
3.22,-0.11,3.06,0.29,1.33,-8.07
3.18,-0.1,3.08,0.25,1.32,-8.08
3.13,-0.11,3.1,0.19,1.31,-8.09
3.11,-0.12,3.11,0.15,1.31,-8.1
3.08,-0.11,3.1,0.1,1.3,-8.12
3.04,-0.12,3.09,0.05,1.28,-8.14
3.01,-0.14,3.06,0.02,1.27,-8.15
2.95,-0.21,3.01,-0.02,1.26,-8.17
2.9,-0.28,2.97,-0.05,1.25,-8.18
2.83,-0.41,2.88,-0.08,1.23,-8.2
2.76,-0.52,2.81,-0.09,1.22,-8.22
2.65,-0.69,2.67,-0.1,1.2,-8.23
2.57,-0.8,2.55,-0.1,1.19,-8.25
2.45,-0.92,2.36,-0.09,1.16,-8.26
2.38,-0.97,2.23,-0.08,1.15,-8.27
2.28,-1.03,2.02,-0.06,1.12,-8.29
2.22,-1.04,1.87,-0.04,1.1,-8.3
2.13,-1.07,1.67,0,1.07,-8.32
2.07,-1.08,1.52,0.03,1.05,-8.33
  ,,,,,
,,,,,
,,,,,
3.8,-2.17,-1.51,0.99,1.38,-8.13
3.79,-2.05,-1.48,0.96,1.39,-8.14
3.79,-1.91,-1.38,0.92,1.41,-8.16
3.81,-1.82,-1.3,0.9,1.42,-8.17
3.86,-1.68,-1.16,0.86,1.44,-8.19
3.9,-1.6,-1.05,0.84,1.45,-8.2
3.96,-1.47,-0.87,0.81,1.47,-8.22
4.03,-1.34,-0.64,0.79,1.49,-8.23
4.08,-1.29,-0.5,0.78,1.5,-8.24
4.15,-1.21,-0.28,0.78,1.52,-8.25
4.19,-1.17,-0.13,0.77,1.53,-8.26
4.23,-1.13,0.13,0.77,1.56,-8.25
4.26,-1.09,0.3,0.76,1.57,-8.25
4.28,-1,0.58,0.75,1.6,-8.23
4.27,-0.93,0.78,0.74,1.61,-8.22
4.27,-0.83,1.08,0.71,1.63,-8.2
4.27,-0.76,1.3,0.69,1.64,-8.18
4.27,-0.66,1.64,0.65,1.66,-8.15
4.27,-0.6,1.86,0.63,1.67,-8.14
4.25,-0.54,2.21,0.58,1.69,-8.12
4.22,-0.53,2.47,0.54,1.7,-8.1
4.17,-0.53,2.86,0.48,1.71,-8.09
4.12,-0.54,3.1,0.44,1.72,-8.08
4.05,-0.56,3.46,0.37,1.73,-8.07
3.95,-0.6,3.78,0.3,1.74,-8.07
3.87,-0.63,3.99,0.26,1.74,-8.07
3.75,-0.66,4.26,0.19,1.75,-8.08
3.68,-0.66,4.4,0.14,1.74,-8.09
3.57,-0.65,4.53,0.07,1.74,-8.1
3.51,-0.65,4.58,0.03,1.73,-8.11
3.42,-0.65,4.59,-0.02,1.72,-8.13
3.37,-0.65,4.57,-0.06,1.71,-8.15
3.29,-0.67,4.45,-0.11,1.69,-8.17
3.24,-0.71,4.33,-0.13,1.67,-8.18
3.16,-0.77,4.08,-0.17,1.64,-8.2
3.09,-0.84,3.89,-0.18,1.63,-8.22
2.96,-0.95,3.57,-0.2,1.59,-8.24
2.87,-1.03,3.33,-0.2,1.57,-8.25
2.74,-1.15,2.98,-0.18,1.53,-8.27
2.65,-1.23,2.73,-0.17,1.5,-8.29
2.49,-1.33,2.35,-0.13,1.46,-8.31
2.36,-1.42,2.01,-0.08,1.41,-8.34
2.29,-1.46,1.81,-0.04,1.37,-8.36
2.18,-1.48,1.56,0.03,1.32,-8.38
2.12,-1.48,1.4,0.08,1.29,-8.4
2.04,-1.47,1.22,0.16,1.24,-8.42
1.99,-1.44,1.13,0.22,1.21,-8.44
1.92,-1.37,1.05,0.3,1.16,-8.46
1.88,-1.3,1.02,0.35,1.13,-8.47
1.81,-1.18,1.02,0.42,1.09,-8.49
1.76,-1.08,1.04,0.46,1.06,-8.5
1.67,-0.94,1.05,0.51,1.02,-8.51
1.62,-0.85,1.05,0.55,1,-8.52
1.53,-0.76,1.04,0.59,0.96,-8.53
1.47,-0.73,1.03,0.61,0.93,-8.54
1.4,-0.69,1,0.64,0.9,-8.55
1.37,-0.67,0.98,0.65,0.88,-8.56
1.32,-0.65,0.93,0.66,0.84,-8.57
1.28,-0.61,0.85,0.66,0.81,-8.59
1.26,-0.59,0.79,0.66,0.79,-8.59
1.26,-0.57,0.69,0.66,0.77,-8.6
1.26,-0.54,0.62,0.65,0.75,-8.61
1.27,-0.51,0.52,0.63,0.73,-8.61
1.27,-0.49,0.44,0.62,0.71,-8.62
1.28,-0.44,0.34,0.59,0.69,-8.62
1.28,-0.42,0.24,0.57,0.68,-8.62
1.31,-0.4,0.1,0.55,0.67,-8.62
1.33,-0.4,0,0.53,0.66,-8.62
1.35,-0.42,-0.12,0.5,0.65,-8.62
1.35,-0.42,-0.19,0.48,0.64,-8.62
1.39,-0.41,-0.32,0.45,0.64,-8.61
1.41,-0.41,-0.37,0.43,0.63,-8.61
1.45,-0.4,-0.45,0.39,0.63,-8.6
1.49,-0.4,-0.5,0.37,0.62,-8.6
1.55,-0.39,-0.56,0.34,0.62,-8.59
1.61,-0.38,-0.63,0.3,0.62,-8.58
1.65,-0.4,-0.64,0.27,0.62,-8.57
1.72,-0.43,-0.67,0.24,0.63,-8.57
1.76,-0.45,-0.7,0.22,0.63,-8.56
1.84,-0.5,-0.71,0.18,0.64,-8.55
1.88,-0.52,-0.71,0.16,0.64,-8.54
1.94,-0.57,-0.7,0.13,0.65,-8.53
1.97,-0.59,-0.68,0.11,0.66,-8.52
2.02,-0.6,-0.65,0.08,0.67,-8.51
2.05,-0.59,-0.64,0.06,0.67,-8.5
2.09,-0.59,-0.59,0.04,0.69,-8.49
2.11,-0.59,-0.56,0.03,0.69,-8.49
2.15,-0.6,-0.55,0.01,0.7,-8.48
2.16,-0.62,-0.54,0,0.71,-8.47
2.17,-0.65,-0.49,-0.02,0.72,-8.46
2.18,-0.66,-0.46,-0.03,0.73,-8.46
2.19,-0.7,-0.41,-0.04,0.74,-8.45
2.22,-0.74,-0.34,-0.04,0.74,-8.44
2.23,-0.77,-0.29,-0.05,0.75,-8.44
2.25,-0.8,-0.25,-0.05,0.76,-8.43
2.26,-0.82,-0.21,-0.05,0.76,-8.42
2.27,-0.84,-0.2,-0.05,0.77,-8.42
2.28,-0.84,-0.18,-0.05,0.77,-8.41
2.29,-0.85,-0.14,-0.04,0.77,-8.41
2.3,-0.86,-0.12,-0.04,0.78,-8.4
  ,,,,,
,,,,,
,,,,,
3.46,-3.75,-1.9,-6.19,-0.59,-8.44
3.56,-4.2,-2.42,-6.38,-0.64,-8.46
3.63,-4.69,-2.92,-6.56,-0.69,-8.48
3.69,-5.05,-3.26,-6.67,-0.72,-8.49
3.76,-5.63,-3.71,-6.81,-0.77,-8.52
3.81,-6.01,-4.03,-6.89,-0.8,-8.53
3.88,-6.52,-4.54,-7,-0.84,-8.56
3.93,-6.82,-4.86,-7.06,-0.86,-8.58
3.98,-7.23,-5.33,-7.13,-0.9,-8.61
4.03,-7.47,-5.63,-7.16,-0.93,-8.64
4.09,-7.81,-6.1,-7.19,-0.96,-8.68
4.12,-8,-6.39,-7.21,-0.97,-8.7
4.16,-8.23,-6.85,-7.21,-0.99,-8.74
4.18,-8.38,-7.13,-7.21,-1,-8.76
4.22,-8.54,-7.52,-7.21,-1.02,-8.8
4.28,-8.69,-7.86,-7.2,-1.05,-8.86
4.32,-8.8,-8.06,-7.19,-1.06,-8.89
4.41,-8.95,-8.33,-7.19,-1.08,-8.94
4.45,-9.04,-8.51,-7.2,-1.08,-8.97
4.49,-9.14,-8.82,-7.23,-1.08,-9.01
4.51,-9.17,-9,-7.25,-1.08,-9.04
4.56,-9.15,-9.25,-7.29,-1.07,-9.07
4.57,-9.11,-9.45,-7.32,-1.06,-9.09
4.61,-9.07,-9.7,-7.35,-1.04,-9.11
4.65,-9.04,-9.83,-7.37,-1.03,-9.14
4.72,-9,-10.06,-7.4,-1,-9.17
4.73,-9.02,-10.23,-7.41,-0.97,-9.2
4.72,-9.06,-10.45,-7.43,-0.92,-9.24
4.71,-9.09,-10.57,-7.45,-0.89,-9.26
4.66,-9.14,-10.75,-7.48,-0.84,-9.3
4.63,-9.18,-10.88,-7.5,-0.8,-9.32
4.6,-9.23,-11.01,-7.55,-0.74,-9.35
4.58,-9.25,-11.13,-7.59,-0.67,-9.38
4.55,-9.29,-11.23,-7.62,-0.62,-9.4
4.53,-9.36,-11.37,-7.67,-0.54,-9.42
4.51,-9.39,-11.49,-7.7,-0.48,-9.44
4.45,-9.48,-11.7,-7.76,-0.39,-9.46
4.4,-9.52,-11.87,-7.79,-0.32,-9.48
4.36,-9.58,-12.13,-7.83,-0.22,-9.5
4.34,-9.6,-12.32,-7.86,-0.15,-9.51
4.32,-9.59,-12.66,-7.89,-0.02,-9.53
4.31,-9.54,-12.93,-7.9,0.06,-9.54
4.3,-9.46,-13.32,-7.91,0.18,-9.56
4.3,-9.39,-13.58,-7.9,0.27,-9.56
4.3,-9.24,-14.01,-7.89,0.4,-9.57
4.28,-9.11,-14.29,-7.88,0.49,-9.56
4.24,-8.88,-14.72,-7.86,0.63,-9.55
4.17,-8.63,-15.13,-7.85,0.77,-9.53
4.13,-8.46,-15.39,-7.84,0.86,-9.51
4.09,-8.2,-15.78,-7.84,1,-9.48
4.05,-8.02,-16.04,-7.85,1.1,-9.45
3.99,-7.76,-16.42,-7.85,1.24,-9.4
3.96,-7.61,-16.63,-7.85,1.34,-9.37
3.85,-7.4,-16.97,-7.85,1.49,-9.32
3.73,-7.29,-17.16,-7.85,1.58,-9.29
3.56,-7.18,-17.35,-7.83,1.73,-9.23
3.46,-7.14,-17.49,-7.81,1.82,-9.18
3.34,-7.05,-17.64,-7.77,1.96,-9.11
3.28,-6.99,-17.72,-7.73,2.06,-9.05
3.19,-6.83,-17.8,-7.68,2.2,-8.96
3.13,-6.71,-17.82,-7.65,2.29,-8.89
2.99,-6.52,-17.84,-7.6,2.43,-8.8
2.88,-6.4,-17.83,-7.56,2.53,-8.73
2.71,-6.28,-17.77,-7.49,2.67,-8.62
2.52,-6.19,-17.7,-7.39,2.8,-8.51
2.38,-6.15,-17.6,-7.32,2.9,-8.43
2.21,-6.08,-17.46,-7.21,3.03,-8.31
2.11,-6.03,-17.37,-7.13,3.12,-8.23
2,-5.92,-17.24,-7.01,3.26,-8.11
1.95,-5.82,-17.14,-6.92,3.35,-8.03
1.88,-5.64,-16.99,-6.8,3.48,-7.91
1.84,-5.5,-16.91,-6.71,3.56,-7.83
1.75,-5.25,-16.78,-6.58,3.69,-7.72
1.67,-5.07,-16.72,-6.5,3.77,-7.64
1.56,-4.8,-16.64,-6.38,3.88,-7.53
1.49,-4.63,-16.61,-6.3,3.95,-7.46
1.39,-4.37,-16.59,-6.18,4.05,-7.36
1.35,-4.23,-16.54,-6.1,4.11,-7.29
1.34,-4.09,-16.44,-5.98,4.21,-7.18
1.33,-4.05,-16.38,-5.89,4.27,-7.1
1.33,-4.09,-16.27,-5.76,4.37,-6.99
1.33,-4.29,-16.08,-5.63,4.45,-6.88
1.33,-4.52,-15.92,-5.53,4.5,-6.81
1.29,-4.99,-15.67,-5.37,4.57,-6.7
1.27,-5.36,-15.47,-5.26,4.61,-6.63
1.24,-5.98,-15.13,-5.06,4.67,-6.52
1.24,-6.37,-14.87,-4.92,4.69,-6.46
1.26,-6.94,-14.46,-4.69,4.73,-6.37
1.27,-7.3,-14.17,-4.54,4.75,-6.31
1.27,-7.81,-13.72,-4.3,4.77,-6.24
1.24,-8.1,-13.39,-4.14,4.77,-6.19
1.13,-8.54,-12.92,-3.9,4.76,-6.13
1.03,-8.83,-12.67,-3.74,4.74,-6.1
0.89,-9.18,-12.47,-3.52,4.69,-6.06
0.84,-9.36,-12.45,-3.37,4.65,-6.04
0.86,-9.5,-12.51,-3.16,4.59,-6.03
0.94,-9.55,-12.59,-3.03,4.55,-6.03
1.12,-9.53,-12.77,-2.84,4.49,-6.03
1.33,-9.49,-13.01,-2.65,4.44,-6.05
1.46,-9.48,-13.16,-2.53,4.4,-6.06
  ,,,,,
,,,,,
,,,,,
1.04,-9.65,-8.87,5.49,-0.32,-8.31
1.09,-9.7,-8.9,5.64,-0.37,-8.28
1.12,-9.71,-8.94,5.8,-0.43,-8.25
1.15,-9.74,-9,5.91,-0.46,-8.22
1.18,-9.79,-9.09,6.1,-0.52,-8.18
1.2,-9.83,-9.15,6.23,-0.56,-8.15
1.22,-9.86,-9.27,6.44,-0.62,-8.11
1.24,-9.87,-9.34,6.59,-0.66,-8.07
1.27,-9.88,-9.47,6.81,-0.72,-8.02
1.3,-9.86,-9.56,6.97,-0.76,-7.98
1.35,-9.79,-9.69,7.21,-0.81,-7.92
1.38,-9.72,-9.78,7.37,-0.85,-7.88
1.44,-9.63,-9.9,7.61,-0.89,-7.82
1.47,-9.53,-9.98,7.78,-0.93,-7.78
1.53,-9.35,-10.12,8.02,-0.98,-7.71
1.57,-9.21,-10.2,8.18,-1.02,-7.67
1.66,-8.97,-10.28,8.42,-1.07,-7.61
1.73,-8.77,-10.31,8.57,-1.1,-7.57
1.87,-8.43,-10.38,8.78,-1.14,-7.52
2.01,-8.03,-10.41,8.94,-1.17,-7.46
2.11,-7.71,-10.43,8.94,-1.19,-7.43
2.25,-7.18,-10.41,8.94,-1.22,-7.38
2.35,-6.82,-10.38,8.94,-1.23,-7.35
2.49,-6.29,-10.35,8.94,-1.24,-7.31
2.57,-5.95,-10.31,8.94,-1.24,-7.29
2.68,-5.49,-10.25,8.94,-1.24,-7.25
2.73,-5.21,-10.21,8.94,-1.23,-7.22
2.81,-4.86,-10.14,8.94,-1.21,-7.19
2.86,-4.67,-10.06,8.94,-1.2,-7.17
2.9,-4.42,-10,8.94,-1.17,-7.14
2.9,-4.28,-9.93,8.94,-1.15,-7.12
2.87,-4.12,-9.64,8.94,-1.11,-7.08
2.85,-4.02,-9.43,8.94,-1.09,-7.06
2.82,-3.87,-9.18,8.94,-1.05,-7.03
2.8,-3.74,-8.93,8.88,-1.01,-7.01
2.79,-3.68,-8.76,8.76,-0.98,-7
2.75,-3.59,-8.5,8.57,-0.93,-6.98
2.73,-3.55,-8.32,8.43,-0.9,-6.97
2.68,-3.52,-8.08,8.21,-0.86,-6.95
2.64,-3.54,-7.91,8.06,-0.83,-6.94
2.57,-3.6,-7.66,7.84,-0.79,-6.92
2.53,-3.67,-7.47,7.68,-0.76,-6.91
2.5,-3.82,-7.19,7.46,-0.72,-6.89
2.49,-3.96,-6.99,7.32,-0.69,-6.88
2.48,-4.22,-6.73,7.12,-0.65,-6.87
2.48,-4.42,-6.56,7,-0.62,-6.86
2.47,-4.8,-6.36,6.84,-0.58,-6.85
2.46,-5.08,-6.23,6.75,-0.56,-6.84
2.45,-5.54,-6.07,6.65,-0.53,-6.83
2.45,-5.84,-6,6.61,-0.5,-6.82
2.47,-6.25,-5.91,6.56,-0.47,-6.81
2.5,-6.56,-5.81,6.52,-0.44,-6.79
2.54,-6.69,-5.74,6.5,-0.43,-6.78
2.62,-6.76,-5.62,6.47,-0.41,-6.76
2.72,-6.72,-5.53,6.45,-0.39,-6.75
2.89,-6.57,-5.4,6.42,-0.37,-6.74
3.01,-6.42,-5.32,6.4,-0.35,-6.74
3.17,-6.12,-5.23,6.36,-0.32,-6.73
3.27,-5.93,-5.16,6.33,-0.3,-6.72
3.39,-5.65,-5.06,6.27,-0.26,-6.71
3.46,-5.5,-5,6.23,-0.24,-6.7
3.54,-5.32,-4.91,6.16,-0.2,-6.69
3.58,-5.22,-4.86,6.11,-0.18,-6.69
3.63,-5.09,-4.82,6.03,-0.14,-6.68
3.65,-5.03,-4.79,5.97,-0.12,-6.68
3.68,-4.96,-4.72,5.88,-0.08,-6.68
3.7,-4.89,-4.64,5.77,-0.04,-6.68
3.71,-4.84,-4.58,5.7,-0.02,-6.68
3.7,-4.79,-4.45,5.58,0.02,-6.68
3.69,-4.75,-4.37,5.5,0.05,-6.69
3.66,-4.72,-4.25,5.38,0.08,-6.69
3.62,-4.74,-4.18,5.3,0.1,-6.7
3.57,-4.82,-4.11,5.19,0.13,-6.72
3.53,-4.92,-4.07,5.12,0.15,-6.72
3.45,-5.07,-3.98,5.02,0.19,-6.73
3.42,-5.16,-3.9,4.96,0.21,-6.73
3.34,-5.3,-3.83,4.88,0.23,-6.75
3.3,-5.38,-3.79,4.83,0.24,-6.76
3.28,-5.49,-3.74,4.76,0.26,-6.77
3.26,-5.52,-3.68,4.71,0.27,-6.78
3.23,-5.52,-3.55,4.63,0.29,-6.79
3.21,-5.48,-3.47,4.58,0.31,-6.8
3.2,-5.38,-3.39,4.5,0.33,-6.82
3.21,-5.25,-3.3,4.4,0.34,-6.83
3.21,-5.16,-3.22,4.34,0.36,-6.85
3.24,-5.06,-3.11,4.24,0.38,-6.87
3.25,-5.02,-3.02,4.17,0.39,-6.88
3.28,-5.01,-2.92,4.06,0.4,-6.9
3.3,-5.03,-2.85,3.99,0.41,-6.91
3.35,-5.04,-2.7,3.89,0.43,-6.93
3.38,-5.05,-2.6,3.83,0.44,-6.94
3.46,-5.06,-2.48,3.73,0.45,-6.96
3.51,-5.06,-2.43,3.67,0.46,-6.97
3.59,-5.05,-2.33,3.58,0.48,-6.99
3.65,-5.03,-2.28,3.52,0.49,-7.01
3.73,-5,-2.21,3.42,0.51,-7.03
3.77,-4.97,-2.15,3.36,0.52,-7.04
3.83,-4.91,-2.08,3.27,0.55,-7.06
3.86,-4.87,-2.06,3.21,0.56,-7.08
3.9,-4.82,-2.02,3.12,0.59,-7.1
  ,,,,,
,,,,,
,,,,,
2.39,-10.69,-11.63,6.23,-1.44,-7.9
2.43,-10.53,-11.67,6.4,-1.47,-7.88
2.47,-10.24,-11.7,6.67,-1.51,-7.84
2.3,-9.92,-11.73,6.85,-1.54,-7.82
2.41,-9.74,-11.84,7.11,-1.59,-7.79
2.57,-9.6,-11.82,7.29,-1.63,-7.75
2.73,-9.23,-11.8,7.54,-1.67,-7.69
2.8,-8.95,-11.79,7.7,-1.69,-7.66
2.91,-8.52,-11.77,7.94,-1.72,-7.62
2.99,-8.25,-11.74,8.09,-1.74,-7.6
3.12,-7.87,-11.69,8.3,-1.75,-7.57
3.2,-7.61,-11.66,8.43,-1.76,-7.54
3.27,-7.27,-11.6,8.61,-1.77,-7.51
3.31,-7.04,-11.57,8.73,-1.77,-7.48
3.35,-6.73,-11.52,8.88,-1.77,-7.44
3.37,-6.46,-11.46,8.94,-1.77,-7.4
3.37,-6.31,-11.44,8.94,-1.76,-7.38
3.37,-6.13,-11.43,8.94,-1.75,-7.34
3.36,-6.04,-11.4,8.94,-1.74,-7.31
3.36,-5.93,-11.35,8.94,-1.73,-7.27
3.36,-5.87,-11.31,8.94,-1.72,-7.24
3.36,-5.79,-11.2,8.94,-1.7,-7.2
3.36,-5.73,-11.13,8.94,-1.68,-7.17
3.36,-5.65,-11.01,8.94,-1.65,-7.12
3.36,-5.6,-10.92,8.94,-1.64,-7.09
3.36,-5.51,-10.74,8.94,-1.61,-7.05
3.38,-5.46,-10.61,8.94,-1.58,-7.01
3.42,-5.4,-10.44,8.94,-1.54,-6.97
3.45,-5.38,-10.4,8.94,-1.51,-6.94
3.44,-5.34,-10.15,8.94,-1.47,-6.89
3.44,-5.33,-9.88,8.94,-1.44,-6.86
3.46,-5.34,-9.55,8.94,-1.4,-6.83
3.5,-5.35,-9.27,8.94,-1.34,-6.8
3.51,-5.34,-9.11,8.94,-1.31,-6.78
3.5,-5.3,-8.9,8.94,-1.25,-6.76
3.49,-5.24,-8.76,8.94,-1.21,-6.75
3.47,-5.17,-8.52,8.82,-1.15,-6.73
3.45,-5.11,-8.34,8.72,-1.11,-6.72
3.41,-5.02,-8.06,8.55,-1.05,-6.7
3.37,-4.96,-7.89,8.42,-1.01,-6.69
3.32,-4.88,-7.59,8.21,-0.94,-6.68
3.27,-4.85,-7.38,8.05,-0.89,-6.67
3.2,-4.85,-7.02,7.81,-0.82,-6.67
3.15,-4.86,-6.8,7.64,-0.77,-6.66
3.07,-4.85,-6.52,7.38,-0.69,-6.65
3,-4.86,-6.34,7.2,-0.65,-6.65
2.93,-4.89,-6.07,6.93,-0.58,-6.65
2.85,-4.92,-5.85,6.66,-0.52,-6.66
2.81,-4.94,-5.7,6.49,-0.48,-6.67
2.77,-4.96,-5.5,6.22,-0.42,-6.67
2.75,-4.98,-5.36,6.05,-0.38,-6.68
2.73,-5.02,-5.15,5.79,-0.32,-6.69
2.74,-5.04,-5.01,5.62,-0.29,-6.69
2.72,-5.1,-4.81,5.36,-0.25,-6.7
2.71,-5.16,-4.7,5.2,-0.22,-6.7
2.72,-5.25,-4.58,4.96,-0.19,-6.71
2.74,-5.31,-4.52,4.79,-0.16,-6.72
2.8,-5.4,-4.45,4.55,-0.13,-6.73
2.86,-5.47,-4.37,4.39,-0.1,-6.74
2.93,-5.61,-4.28,4.16,-0.06,-6.76
2.98,-5.73,-4.22,4.02,-0.03,-6.78
3.06,-5.92,-4.12,3.83,0,-6.8
3.11,-6.07,-4.06,3.72,0.03,-6.81
3.17,-6.33,-3.96,3.58,0.07,-6.83
3.22,-6.57,-3.87,3.45,0.11,-6.85
3.25,-6.68,-3.8,3.38,0.14,-6.86
3.24,-6.79,-3.68,3.28,0.18,-6.88
3.22,-6.81,-3.56,3.22,0.2,-6.89
3.19,-6.8,-3.39,3.14,0.24,-6.92
3.16,-6.79,-3.29,3.1,0.26,-6.93
3.07,-6.72,-3.19,3.06,0.3,-6.96
2.99,-6.66,-3.14,3.03,0.32,-6.97
2.87,-6.59,-3.08,2.99,0.34,-6.99
2.78,-6.55,-3.04,2.97,0.36,-7.01
2.67,-6.52,-3.03,2.95,0.37,-7.02
2.6,-6.52,-3.05,2.94,0.37,-7.03
2.56,-6.55,-3.08,2.94,0.37,-7.04
2.55,-6.59,-3.08,2.95,0.37,-7.05
2.54,-6.7,-3.11,2.98,0.37,-7.07
2.56,-6.79,-3.18,3.02,0.36,-7.08
2.62,-6.91,-3.29,3.09,0.34,-7.09
2.73,-6.97,-3.42,3.16,0.34,-7.1
2.84,-6.97,-3.5,3.21,0.33,-7.11
3.02,-6.85,-3.51,3.28,0.33,-7.13
3.15,-6.72,-3.5,3.31,0.33,-7.15
3.35,-6.45,-3.47,3.34,0.33,-7.16
3.46,-6.23,-3.42,3.36,0.34,-7.18
3.61,-5.86,-3.33,3.37,0.36,-7.19
3.67,-5.64,-3.27,3.37,0.38,-7.21
3.76,-5.35,-3.14,3.37,0.41,-7.23
3.78,-5.19,-3.06,3.35,0.44,-7.25
3.74,-5.02,-2.92,3.32,0.48,-7.27
3.68,-4.96,-2.85,3.29,0.5,-7.29
3.57,-4.9,-2.77,3.25,0.53,-7.31
3.5,-4.87,-2.72,3.22,0.56,-7.33
3.39,-4.84,-2.67,3.17,0.59,-7.35
3.32,-4.83,-2.64,3.14,0.61,-7.36
3.23,-4.79,-2.59,3.08,0.63,-7.39
3.16,-4.77,-2.57,3.03,0.65,-7.41
3.14,-4.75,-2.57,2.99,0.66,-7.42
  ,,,,,
,,,,,
,,,,,
1.97,-13.24,-6.25,0.17,2.06,-7.79
1.91,-13.4,-6.3,0.13,2,-7.83
1.82,-13.65,-6.4,0.09,1.91,-7.89
1.77,-13.84,-6.47,0.07,1.85,-7.94
1.7,-14.14,-6.61,0.05,1.76,-8
1.67,-14.34,-6.69,0.05,1.69,-8.04
1.62,-14.59,-6.79,0.07,1.59,-8.09
1.63,-14.76,-6.84,0.1,1.52,-8.13
1.63,-14.98,-6.91,0.15,1.42,-8.18
1.62,-15.1,-6.94,0.19,1.36,-8.21
1.62,-15.26,-6.98,0.27,1.26,-8.26
1.61,-15.33,-7.01,0.33,1.19,-8.29
1.61,-15.41,-7.03,0.43,1.1,-8.33
1.62,-15.42,-7.02,0.55,1,-8.37
1.62,-15.39,-7,0.64,0.93,-8.39
1.62,-15.31,-6.96,0.77,0.84,-8.43
1.63,-15.21,-6.93,0.87,0.77,-8.45
1.64,-15.03,-6.91,1.01,0.68,-8.47
1.64,-14.9,-6.88,1.1,0.62,-8.49
1.63,-14.66,-6.88,1.25,0.53,-8.52
1.64,-14.5,-6.89,1.35,0.46,-8.53
1.67,-14.24,-6.9,1.49,0.37,-8.55
1.69,-14.05,-6.9,1.59,0.31,-8.56
1.72,-13.77,-6.94,1.75,0.22,-8.57
1.75,-13.61,-6.95,1.85,0.16,-8.58
1.78,-13.37,-6.99,2,0.08,-8.58
1.82,-13.21,-7.02,2.1,0.02,-8.59
1.88,-12.99,-7.12,2.26,-0.07,-8.59
1.9,-12.85,-7.21,2.36,-0.12,-8.59
1.94,-12.67,-7.34,2.52,-0.2,-8.59
1.98,-12.48,-7.48,2.68,-0.28,-8.59
2,-12.38,-7.57,2.78,-0.33,-8.58
2.01,-12.25,-7.7,2.94,-0.41,-8.57
2.01,-12.19,-7.8,3.06,-0.46,-8.56
1.99,-12.13,-7.98,3.24,-0.54,-8.53
1.97,-12.11,-8.08,3.36,-0.59,-8.52
1.96,-12.1,-8.23,3.57,-0.67,-8.48
1.96,-12.11,-8.33,3.71,-0.72,-8.46
1.99,-12.13,-8.49,3.94,-0.8,-8.43
2.01,-12.13,-8.59,4.1,-0.85,-8.4
2.06,-12.11,-8.73,4.35,-0.94,-8.36
2.1,-12.07,-8.82,4.52,-0.99,-8.33
2.19,-11.97,-8.96,4.79,-1.07,-8.29
2.26,-11.87,-9.08,4.97,-1.13,-8.26
2.39,-11.69,-9.27,5.24,-1.2,-8.21
2.48,-11.55,-9.41,5.41,-1.25,-8.18
2.6,-11.3,-9.63,5.67,-1.32,-8.13
2.7,-11.02,-9.8,5.93,-1.39,-8.08
2.77,-10.83,-9.94,6.09,-1.43,-8.04
2.86,-10.56,-10.14,6.32,-1.48,-7.99
2.91,-10.38,-10.26,6.48,-1.52,-7.95
2.97,-10.12,-10.4,6.7,-1.56,-7.89
3.02,-9.96,-10.48,6.84,-1.59,-7.84
3.06,-9.71,-10.59,7.05,-1.63,-7.78
3.1,-9.55,-10.63,7.19,-1.65,-7.73
3.15,-9.31,-10.69,7.38,-1.69,-7.67
3.19,-9.14,-10.7,7.5,-1.7,-7.62
3.24,-8.92,-10.76,7.69,-1.73,-7.56
3.25,-8.8,-10.79,7.81,-1.74,-7.51
3.26,-8.64,-10.8,7.98,-1.76,-7.44
3.27,-8.56,-10.82,8.09,-1.77,-7.39
3.29,-8.43,-10.81,8.23,-1.79,-7.33
3.3,-8.34,-10.81,8.32,-1.8,-7.28
3.34,-8.22,-10.79,8.44,-1.81,-7.22
3.38,-8.08,-10.73,8.55,-1.82,-7.16
3.4,-8,-10.7,8.62,-1.82,-7.12
3.43,-7.88,-10.64,8.71,-1.82,-7.06
3.45,-7.81,-10.59,8.77,-1.82,-7.02
3.48,-7.7,-10.51,8.85,-1.81,-6.96
3.49,-7.64,-10.44,8.9,-1.8,-6.93
3.49,-7.56,-10.35,8.94,-1.79,-6.88
3.48,-7.51,-10.3,8.94,-1.78,-6.84
3.49,-7.43,-10.25,8.94,-1.77,-6.79
3.49,-7.38,-10.22,8.94,-1.76,-6.76
3.48,-7.29,-10.21,8.94,-1.74,-6.71
3.48,-7.21,-10.18,8.94,-1.74,-6.67
3.49,-7.05,-10.05,8.94,-1.72,-6.62
3.5,-6.92,-9.95,8.94,-1.72,-6.59
3.55,-6.74,-9.81,8.94,-1.7,-6.55
3.59,-6.56,-9.71,8.94,-1.68,-6.51
3.6,-6.47,-9.64,8.94,-1.66,-6.48
3.62,-6.34,-9.51,8.94,-1.64,-6.45
3.63,-6.27,-9.42,8.94,-1.62,-6.43
3.63,-6.15,-9.28,8.94,-1.58,-6.4
3.63,-6.09,-9.19,8.94,-1.56,-6.38
3.64,-5.99,-9.05,8.94,-1.53,-6.35
3.63,-5.92,-8.96,8.94,-1.51,-6.33
3.65,-5.83,-8.82,8.94,-1.48,-6.31
3.68,-5.8,-8.72,8.94,-1.46,-6.29
3.72,-5.77,-8.58,8.94,-1.43,-6.27
3.76,-5.76,-8.47,8.94,-1.41,-6.25
3.83,-5.78,-8.3,8.94,-1.37,-6.23
3.9,-5.79,-8.18,8.94,-1.34,-6.21
4,-5.81,-8,8.86,-1.29,-6.19
4.06,-5.82,-7.88,8.8,-1.26,-6.18
4.14,-5.84,-7.69,8.7,-1.21,-6.16
4.19,-5.86,-7.48,8.61,-1.14,-6.15
4.2,-5.87,-7.33,8.54,-1.1,-6.14
4.19,-5.87,-7.14,8.43,-1.03,-6.13
4.18,-5.86,-7,8.35,-0.99,-6.13
  ,,,,,
,,,,,
,,,,,
3.28,-4.05,-0.74,-5.85,0.29,-8.7
3.28,-4.59,-0.94,-6.05,0.27,-8.73
3.27,-4.98,-1.08,-6.17,0.25,-8.75
3.27,-5.66,-1.29,-6.31,0.22,-8.77
3.26,-6.18,-1.44,-6.38,0.21,-8.79
3.21,-7,-1.74,-6.44,0.18,-8.81
3.17,-7.57,-1.95,-6.46,0.15,-8.83
3.11,-8.46,-2.26,-6.43,0.12,-8.85
3.06,-9.03,-2.48,-6.39,0.09,-8.87
3,-9.86,-2.78,-6.3,0.04,-8.9
2.95,-10.35,-2.96,-6.22,0,-8.92
2.9,-10.97,-3.21,-6.08,-0.05,-8.96
2.88,-11.26,-3.36,-5.97,-0.09,-8.98
2.85,-11.54,-3.55,-5.81,-0.14,-9.01
2.86,-11.63,-3.66,-5.7,-0.18,-9.04
2.87,-11.62,-3.85,-5.55,-0.23,-9.07
2.9,-11.49,-4.02,-5.41,-0.28,-9.11
2.95,-11.35,-4.17,-5.33,-0.31,-9.14
3.03,-11.1,-4.39,-5.23,-0.36,-9.18
3.11,-10.95,-4.53,-5.17,-0.39,-9.21
3.27,-10.8,-4.75,-5.11,-0.43,-9.27
3.37,-10.72,-4.9,-5.08,-0.45,-9.32
3.56,-10.68,-5.13,-5.03,-0.47,-9.38
3.69,-10.68,-5.29,-5.01,-0.48,-9.42
3.9,-10.7,-5.5,-4.99,-0.49,-9.49
4.03,-10.7,-5.66,-4.97,-0.49,-9.53
4.21,-10.67,-5.89,-4.96,-0.49,-9.59
4.32,-10.65,-6.04,-4.96,-0.48,-9.63
4.46,-10.57,-6.24,-4.96,-0.46,-9.7
4.53,-10.49,-6.34,-4.96,-0.45,-9.73
4.6,-10.38,-6.55,-4.98,-0.41,-9.79
4.61,-10.28,-6.69,-5,-0.39,-9.83
4.59,-10.13,-6.93,-5.04,-0.35,-9.89
4.53,-9.98,-7.23,-5.09,-0.3,-9.94
4.49,-9.89,-7.45,-5.13,-0.28,-9.97
4.46,-9.77,-7.85,-5.2,-0.25,-10.01
4.45,-9.74,-8.06,-5.26,-0.23,-10.03
4.5,-9.7,-8.32,-5.34,-0.19,-10.05
4.53,-9.69,-8.49,-5.39,-0.15,-10.07
4.56,-9.74,-8.8,-5.46,-0.09,-10.09
4.58,-9.78,-9.03,-5.51,-0.06,-10.1
4.67,-9.83,-9.43,-5.56,-0.01,-10.11
4.75,-9.88,-9.68,-5.59,0.02,-10.11
4.88,-9.95,-9.98,-5.61,0.08,-10.11
4.96,-10.03,-10.16,-5.62,0.11,-10.11
5.03,-10.12,-10.45,-5.61,0.18,-10.1
5.07,-10.16,-10.65,-5.6,0.22,-10.09
5.13,-10.2,-10.87,-5.59,0.28,-10.07
5.18,-10.2,-10.99,-5.57,0.33,-10.06
5.29,-10.17,-11.16,-5.55,0.39,-10.05
5.4,-10.07,-11.3,-5.53,0.46,-10.04
5.44,-9.97,-11.42,-5.52,0.51,-10.03
5.49,-9.78,-11.6,-5.51,0.59,-10.02
5.5,-9.64,-11.69,-5.51,0.64,-10.01
5.49,-9.4,-11.83,-5.5,0.72,-10
5.47,-9.23,-11.91,-5.49,0.78,-9.99
5.39,-8.98,-12.04,-5.48,0.87,-9.97
5.33,-8.81,-12.13,-5.47,0.93,-9.96
5.23,-8.57,-12.28,-5.44,1.02,-9.95
5.16,-8.43,-12.41,-5.42,1.08,-9.94
5.07,-8.22,-12.58,-5.39,1.17,-9.93
5.03,-8.09,-12.68,-5.37,1.23,-9.92
4.97,-7.89,-12.82,-5.34,1.32,-9.9
4.94,-7.75,-12.92,-5.31,1.38,-9.89
4.92,-7.55,-13.06,-5.27,1.46,-9.87
4.91,-7.42,-13.16,-5.24,1.52,-9.85
4.87,-7.24,-13.3,-5.18,1.61,-9.82
4.83,-7.06,-13.42,-5.12,1.71,-9.79
4.78,-6.96,-13.51,-5.07,1.77,-9.77
4.68,-6.8,-13.65,-5,1.85,-9.74
4.62,-6.72,-13.71,-4.95,1.91,-9.71
4.53,-6.59,-13.77,-4.87,2,-9.66
4.5,-6.48,-13.8,-4.82,2.06,-9.62
4.46,-6.25,-13.86,-4.74,2.15,-9.57
4.44,-6.06,-13.86,-4.69,2.21,-9.53
4.4,-5.77,-13.83,-4.62,2.3,-9.48
4.38,-5.6,-13.82,-4.58,2.36,-9.44
4.33,-5.39,-13.82,-4.52,2.45,-9.37
4.28,-5.26,-13.83,-4.48,2.51,-9.33
4.2,-5.09,-13.84,-4.44,2.6,-9.26
4.15,-5.01,-13.84,-4.42,2.66,-9.21
4.1,-4.93,-13.88,-4.39,2.75,-9.14
4.06,-4.86,-13.88,-4.38,2.81,-9.09
4.01,-4.76,-13.9,-4.37,2.9,-9.02
3.93,-4.67,-13.93,-4.37,2.99,-8.95
3.87,-4.63,-13.95,-4.37,3.05,-8.9
3.79,-4.56,-13.96,-4.38,3.14,-8.82
3.73,-4.53,-13.91,-4.39,3.19,-8.77
3.66,-4.54,-13.86,-4.39,3.28,-8.69
3.58,-4.52,-13.86,-4.41,3.34,-8.64
3.45,-4.51,-13.91,-4.43,3.42,-8.56
3.35,-4.49,-13.93,-4.45,3.48,-8.51
3.2,-4.45,-13.95,-4.49,3.55,-8.43
3.1,-4.43,-13.96,-4.51,3.6,-8.38
2.95,-4.37,-13.96,-4.56,3.66,-8.3
2.85,-4.32,-13.92,-4.59,3.7,-8.25
2.74,-4.21,-13.89,-4.64,3.76,-8.18
2.69,-4.11,-13.89,-4.68,3.79,-8.13
2.62,-3.96,-13.87,-4.75,3.84,-8.05
2.58,-3.87,-13.87,-4.8,3.87,-8.01
  ,,,,,
,,,,,
,,,,,
2.62,-3.33,2.74,-1.05,-0.27,-8.51
2.69,-3.39,2.75,-1.06,-0.31,-8.52
2.77,-3.48,2.73,-1.08,-0.38,-8.53
2.81,-3.55,2.72,-1.1,-0.42,-8.54
2.88,-3.64,2.66,-1.13,-0.49,-8.55
2.94,-3.71,2.64,-1.16,-0.54,-8.56
3.05,-3.83,2.6,-1.21,-0.61,-8.57
3.11,-3.91,2.55,-1.24,-0.65,-8.58
3.21,-4.05,2.44,-1.31,-0.72,-8.59
3.27,-4.17,2.35,-1.35,-0.77,-8.6
3.35,-4.35,2.19,-1.43,-0.84,-8.62
3.4,-4.46,2.08,-1.49,-0.87,-8.63
3.45,-4.6,1.88,-1.58,-0.93,-8.65
3.52,-4.73,1.67,-1.68,-0.98,-8.67
3.55,-4.8,1.52,-1.75,-1.02,-8.68
3.61,-4.87,1.28,-1.88,-1.07,-8.7
3.65,-4.9,1.14,-1.98,-1.11,-8.71
3.73,-4.94,0.96,-2.13,-1.15,-8.73
3.79,-4.92,0.8,-2.25,-1.18,-8.75
3.88,-4.86,0.56,-2.44,-1.22,-8.77
3.96,-4.81,0.4,-2.58,-1.24,-8.79
4.07,-4.74,0.16,-2.82,-1.27,-8.82
4.16,-4.68,0,-2.99,-1.29,-8.84
4.29,-4.6,-0.23,-3.27,-1.31,-8.88
4.39,-4.55,-0.38,-3.47,-1.32,-8.91
4.55,-4.49,-0.61,-3.8,-1.32,-8.95
4.66,-4.47,-0.78,-4.02,-1.32,-8.98
4.81,-4.45,-1.05,-4.36,-1.32,-9.02
4.94,-4.49,-1.33,-4.7,-1.31,-9.07
5.02,-4.54,-1.57,-4.93,-1.3,-9.09
5.12,-4.67,-1.95,-5.26,-1.28,-9.13
5.16,-4.8,-2.2,-5.47,-1.26,-9.16
5.21,-5.06,-2.62,-5.77,-1.24,-9.2
5.25,-5.25,-2.88,-5.97,-1.23,-9.23
5.29,-5.53,-3.28,-6.24,-1.2,-9.26
5.32,-5.7,-3.55,-6.42,-1.18,-9.28
5.34,-5.91,-3.97,-6.68,-1.14,-9.31
5.37,-6.02,-4.23,-6.84,-1.11,-9.33
5.39,-6.15,-4.65,-7.09,-1.07,-9.36
5.4,-6.23,-4.94,-7.24,-1.04,-9.38
5.43,-6.32,-5.42,-7.47,-1.02,-9.4
5.45,-6.36,-5.72,-7.63,-1,-9.41
5.5,-6.43,-6.18,-7.86,-0.96,-9.43
5.53,-6.46,-6.52,-8.01,-0.94,-9.44
5.61,-6.54,-6.99,-8.24,-0.91,-9.45
5.7,-6.69,-7.49,-8.46,-0.88,-9.46
5.76,-6.81,-7.79,-8.52,-0.85,-9.46
5.83,-6.95,-8.19,-8.52,-0.82,-9.47
5.86,-7.03,-8.44,-8.52,-0.79,-9.47
5.84,-7.15,-8.82,-8.52,-0.75,-9.47
5.79,-7.22,-9.09,-8.52,-0.72,-9.48
5.69,-7.34,-9.46,-8.52,-0.67,-9.48
5.61,-7.41,-9.68,-8.52,-0.63,-9.48
5.49,-7.49,-10.02,-8.52,-0.58,-9.48
5.4,-7.55,-10.25,-8.52,-0.55,-9.49
5.25,-7.67,-10.59,-8.52,-0.49,-9.49
5.15,-7.73,-10.84,-8.52,-0.46,-9.5
5.04,-7.79,-11.19,-8.52,-0.41,-9.5
5,-7.81,-11.36,-8.52,-0.37,-9.49
4.96,-7.78,-11.65,-8.52,-0.31,-9.49
4.97,-7.69,-11.96,-8.52,-0.25,-9.5
4.99,-7.59,-12.18,-8.52,-0.21,-9.5
5.03,-7.41,-12.5,-8.52,-0.13,-9.5
5.03,-7.29,-12.67,-8.52,-0.08,-9.5
5.03,-7.08,-12.94,-8.52,0,-9.48
5.01,-6.92,-13.12,-8.52,0.06,-9.47
4.98,-6.64,-13.37,-8.52,0.15,-9.44
4.95,-6.46,-13.55,-8.52,0.21,-9.43
4.9,-6.19,-13.8,-8.52,0.3,-9.4
4.84,-6.05,-14.01,-8.52,0.37,-9.38
4.74,-5.9,-14.24,-8.52,0.47,-9.34
4.67,-5.83,-14.39,-8.52,0.53,-9.3
4.54,-5.78,-14.61,-8.52,0.64,-9.24
4.48,-5.78,-14.68,-8.52,0.71,-9.19
4.41,-5.8,-14.78,-8.52,0.82,-9.11
4.4,-5.78,-14.81,-8.52,0.9,-9.06
4.39,-5.74,-14.78,-8.52,1.02,-8.98
4.4,-5.66,-14.74,-8.52,1.14,-8.9
4.4,-5.56,-14.69,-8.52,1.22,-8.84
4.35,-5.36,-14.64,-8.52,1.34,-8.76
4.3,-5.2,-14.63,-8.36,1.42,-8.7
4.2,-4.96,-14.6,-8.06,1.53,-8.62
4.12,-4.8,-14.6,-7.86,1.61,-8.56
3.95,-4.57,-14.65,-7.57,1.72,-8.47
3.87,-4.4,-14.66,-7.39,1.79,-8.41
3.75,-4.15,-14.7,-7.12,1.91,-8.33
3.68,-4,-14.75,-6.94,1.98,-8.28
3.57,-3.79,-14.85,-6.7,2.09,-8.2
3.5,-3.65,-14.93,-6.54,2.16,-8.16
3.38,-3.5,-15.05,-6.31,2.26,-8.08
3.28,-3.4,-15.14,-6.15,2.32,-8.03
3.17,-3.27,-15.31,-5.93,2.4,-7.96
3.11,-3.21,-15.42,-5.77,2.46,-7.91
3.03,-3.12,-15.64,-5.55,2.54,-7.84
2.97,-3,-15.85,-5.32,2.61,-7.76
2.94,-2.92,-15.99,-5.18,2.66,-7.72
2.91,-2.8,-16.23,-4.96,2.72,-7.64
2.88,-2.74,-16.41,-4.82,2.77,-7.6
2.82,-2.63,-16.68,-4.62,2.82,-7.52
2.78,-2.59,-16.8,-4.49,2.86,-7.48
  ,,,,,
,,,,,
,,,,,
3.07,-3.22,0.67,-1.79,-0.46,-7.83
3.05,-3.48,0.5,-1.83,-0.5,-7.84
3.03,-3.74,0.32,-1.87,-0.53,-7.85
3.01,-3.91,0.18,-1.88,-0.55,-7.85
3,-4.15,-0.05,-1.91,-0.59,-7.86
3.01,-4.28,-0.2,-1.93,-0.61,-7.87
3.03,-4.47,-0.41,-1.95,-0.64,-7.89
3.05,-4.58,-0.56,-1.97,-0.65,-7.9
3.07,-4.75,-0.81,-2.01,-0.68,-7.92
3.09,-4.86,-0.98,-2.04,-0.69,-7.93
3.11,-4.98,-1.27,-2.09,-0.7,-7.95
3.12,-5.05,-1.46,-2.13,-0.71,-7.97
3.14,-5.14,-1.79,-2.2,-0.72,-7.99
3.15,-5.21,-2.01,-2.25,-0.72,-8.01
3.17,-5.27,-2.32,-2.34,-0.72,-8.05
3.21,-5.31,-2.55,-2.41,-0.72,-8.08
3.25,-5.4,-2.89,-2.52,-0.72,-8.12
3.32,-5.45,-3.2,-2.65,-0.71,-8.17
3.38,-5.48,-3.38,-2.74,-0.7,-8.2
3.48,-5.52,-3.63,-2.88,-0.68,-8.25
3.55,-5.53,-3.75,-2.99,-0.67,-8.28
3.66,-5.54,-3.9,-3.16,-0.64,-8.34
3.75,-5.59,-3.99,-3.28,-0.62,-8.37
3.84,-5.77,-4.11,-3.43,-0.58,-8.43
3.89,-5.97,-4.19,-3.52,-0.55,-8.47
3.94,-6.34,-4.38,-3.61,-0.5,-8.52
3.94,-6.64,-4.56,-3.66,-0.47,-8.56
3.94,-7.09,-4.8,-3.72,-0.43,-8.62
3.94,-7.36,-4.95,-3.75,-0.4,-8.66
3.92,-7.66,-5.17,-3.78,-0.35,-8.71
3.91,-7.78,-5.31,-3.81,-0.33,-8.74
3.93,-7.85,-5.51,-3.84,-0.28,-8.78
3.95,-7.8,-5.68,-3.88,-0.24,-8.82
3.98,-7.72,-5.78,-3.9,-0.2,-8.84
4.03,-7.58,-5.95,-3.95,-0.15,-8.87
4.05,-7.48,-6.08,-3.98,-0.11,-8.89
4.1,-7.35,-6.26,-4.04,-0.06,-8.92
4.12,-7.3,-6.36,-4.07,-0.02,-8.94
4.17,-7.25,-6.48,-4.14,0.03,-8.96
4.21,-7.21,-6.53,-4.19,0.07,-8.98
4.24,-7.17,-6.64,-4.27,0.13,-9
4.24,-7.16,-6.7,-4.32,0.18,-9.01
4.27,-7.19,-6.77,-4.39,0.23,-9.03
4.3,-7.24,-6.84,-4.43,0.27,-9.04
4.36,-7.39,-6.91,-4.48,0.34,-9.06
4.4,-7.5,-6.93,-4.51,0.38,-9.06
4.45,-7.64,-6.96,-4.56,0.45,-9.08
4.47,-7.72,-7,-4.6,0.5,-9.09
4.49,-7.81,-7.01,-4.67,0.57,-9.1
4.47,-7.83,-7.01,-4.75,0.65,-9.1
4.44,-7.81,-7.01,-4.81,0.7,-9.11
4.37,-7.75,-6.96,-4.92,0.78,-9.11
4.31,-7.7,-6.92,-5.01,0.83,-9.12
4.22,-7.59,-6.85,-5.14,0.91,-9.13
4.15,-7.53,-6.82,-5.24,0.97,-9.14
4.06,-7.43,-6.77,-5.4,1.05,-9.15
4,-7.39,-6.76,-5.51,1.11,-9.16
3.91,-7.35,-6.78,-5.68,1.2,-9.17
3.85,-7.35,-6.79,-5.8,1.25,-9.17
3.77,-7.36,-6.81,-5.98,1.34,-9.18
3.74,-7.4,-6.82,-6.11,1.41,-9.18
3.67,-7.47,-6.89,-6.29,1.5,-9.17
3.65,-7.53,-6.95,-6.4,1.57,-9.16
3.63,-7.63,-7.09,-6.56,1.67,-9.14
3.62,-7.67,-7.22,-6.66,1.75,-9.12
3.63,-7.7,-7.42,-6.81,1.86,-9.1
3.63,-7.67,-7.64,-6.94,1.97,-9.08
3.63,-7.62,-7.77,-7.02,2.04,-9.06
3.64,-7.49,-7.97,-7.13,2.15,-9.05
3.65,-7.36,-8.1,-7.19,2.22,-9.04
3.65,-7.15,-8.38,-7.27,2.33,-9.02
3.63,-7.03,-8.57,-7.32,2.4,-9
3.58,-6.84,-8.86,-7.4,2.5,-8.98
3.54,-6.71,-9.1,-7.44,2.57,-8.96
3.47,-6.54,-9.46,-7.52,2.66,-8.93
3.44,-6.42,-9.71,-7.58,2.72,-8.91
3.39,-6.25,-10.11,-7.67,2.81,-8.88
3.36,-6.15,-10.34,-7.74,2.87,-8.85
3.33,-5.99,-10.66,-7.84,2.94,-8.82
3.32,-5.88,-10.9,-7.91,2.99,-8.8
3.32,-5.76,-11.22,-8.01,3.07,-8.78
3.32,-5.71,-11.44,-8.07,3.11,-8.77
3.28,-5.72,-11.8,-8.16,3.19,-8.74
3.2,-5.78,-12.19,-8.25,3.25,-8.7
3.14,-5.82,-12.35,-8.29,3.3,-8.68
3.05,-5.93,-12.63,-8.33,3.37,-8.63
2.98,-6.03,-12.8,-8.33,3.42,-8.6
2.86,-6.2,-13.06,-8.32,3.49,-8.56
2.78,-6.34,-13.23,-8.31,3.54,-8.53
2.67,-6.56,-13.51,-8.27,3.62,-8.49
2.58,-6.7,-13.67,-8.24,3.67,-8.47
2.46,-6.85,-13.87,-8.17,3.73,-8.43
2.4,-6.89,-14.01,-8.12,3.77,-8.41
2.31,-6.86,-14.21,-8.05,3.83,-8.38
2.28,-6.79,-14.3,-8.01,3.86,-8.36
2.21,-6.65,-14.48,-7.94,3.92,-8.34
2.18,-6.55,-14.64,-7.9,3.96,-8.32
2.12,-6.41,-14.95,-7.82,4.01,-8.29
2.03,-6.34,-15.25,-7.74,4.06,-8.26
1.98,-6.33,-15.43,-7.69,4.09,-8.23
  ,,,,,
,,,,,
,,,,,
2.65,-4.12,1.09,-1.9,-0.61,-8.42
2.68,-4.28,1.02,-1.95,-0.63,-8.43
2.76,-4.47,0.89,-2.02,-0.65,-8.45
2.81,-4.55,0.77,-2.08,-0.67,-8.47
2.89,-4.63,0.6,-2.16,-0.69,-8.49
2.99,-4.71,0.45,-2.26,-0.72,-8.51
3.08,-4.75,0.35,-2.32,-0.73,-8.53
3.21,-4.83,0.17,-2.43,-0.74,-8.57
3.29,-4.87,0.06,-2.51,-0.75,-8.59
3.4,-4.93,-0.15,-2.64,-0.76,-8.62
3.47,-5,-0.28,-2.73,-0.76,-8.64
3.6,-5.08,-0.47,-2.87,-0.76,-8.67
3.67,-5.14,-0.63,-2.97,-0.76,-8.69
3.78,-5.27,-0.88,-3.12,-0.77,-8.73
3.87,-5.37,-1.04,-3.23,-0.77,-8.75
4.03,-5.56,-1.23,-3.38,-0.77,-8.79
4.12,-5.68,-1.36,-3.49,-0.76,-8.81
4.24,-5.88,-1.56,-3.64,-0.75,-8.84
4.31,-6.02,-1.73,-3.74,-0.74,-8.86
4.43,-6.18,-1.98,-3.89,-0.73,-8.9
4.52,-6.28,-2.14,-3.99,-0.72,-8.92
4.66,-6.38,-2.36,-4.13,-0.7,-8.96
4.79,-6.5,-2.59,-4.27,-0.68,-9.01
4.86,-6.59,-2.75,-4.36,-0.67,-9.04
4.96,-6.75,-3,-4.48,-0.65,-9.08
5,-6.88,-3.16,-4.56,-0.63,-9.11
5.03,-7.1,-3.42,-4.66,-0.61,-9.14
5.04,-7.27,-3.61,-4.71,-0.59,-9.16
5.04,-7.49,-3.89,-4.78,-0.56,-9.19
5.02,-7.62,-4.1,-4.83,-0.55,-9.21
5.04,-7.79,-4.38,-4.88,-0.52,-9.25
5.07,-7.87,-4.53,-4.9,-0.51,-9.27
5.13,-7.96,-4.79,-4.94,-0.47,-9.3
5.15,-8.01,-4.96,-4.96,-0.45,-9.32
5.21,-8.04,-5.18,-4.98,-0.42,-9.34
5.23,-8.04,-5.36,-5,-0.4,-9.36
5.26,-8.03,-5.64,-5.01,-0.36,-9.38
5.31,-8.01,-5.9,-5.03,-0.32,-9.4
5.34,-7.99,-6.07,-5.04,-0.29,-9.41
5.4,-7.93,-6.31,-5.06,-0.25,-9.42
5.45,-7.91,-6.45,-5.08,-0.22,-9.42
5.52,-7.89,-6.63,-5.11,-0.17,-9.43
5.56,-7.87,-6.8,-5.14,-0.14,-9.44
5.58,-7.83,-7.05,-5.18,-0.09,-9.44
5.59,-7.81,-7.23,-5.21,-0.06,-9.45
5.61,-7.81,-7.47,-5.25,-0.01,-9.45
5.64,-7.82,-7.62,-5.28,0.03,-9.45
5.67,-7.85,-7.85,-5.32,0.08,-9.46
5.69,-7.86,-8.01,-5.36,0.11,-9.46
5.74,-7.89,-8.24,-5.42,0.17,-9.46
5.79,-7.9,-8.39,-5.46,0.21,-9.46
5.85,-7.9,-8.6,-5.52,0.27,-9.45
5.88,-7.89,-8.73,-5.56,0.31,-9.45
5.89,-7.86,-8.92,-5.63,0.38,-9.44
5.87,-7.83,-9.1,-5.7,0.44,-9.43
5.84,-7.81,-9.22,-5.76,0.49,-9.43
5.78,-7.82,-9.42,-5.85,0.57,-9.42
5.69,-7.81,-9.55,-5.91,0.62,-9.41
5.56,-7.81,-9.76,-6.01,0.7,-9.41
5.48,-7.82,-9.9,-6.08,0.75,-9.4
5.34,-7.82,-10.15,-6.18,0.83,-9.39
5.26,-7.81,-10.31,-6.25,0.89,-9.39
5.13,-7.74,-10.56,-6.36,0.97,-9.38
5.1,-7.66,-10.71,-6.44,1.03,-9.37
5.04,-7.52,-11.01,-6.55,1.12,-9.36
5.01,-7.42,-11.2,-6.63,1.18,-9.35
4.96,-7.24,-11.52,-6.75,1.27,-9.33
4.92,-7.11,-11.73,-6.82,1.33,-9.32
4.84,-6.96,-12.04,-6.93,1.42,-9.3
4.79,-6.88,-12.21,-7,1.48,-9.28
4.72,-6.78,-12.44,-7.09,1.58,-9.25
4.63,-6.68,-12.68,-7.17,1.68,-9.22
4.56,-6.61,-12.83,-7.21,1.74,-9.21
4.49,-6.5,-13.01,-7.27,1.83,-9.17
4.44,-6.41,-13.1,-7.3,1.9,-9.15
4.36,-6.27,-13.23,-7.35,1.99,-9.11
4.31,-6.16,-13.3,-7.37,2.06,-9.08
4.23,-6.04,-13.42,-7.39,2.15,-9.03
4.17,-5.98,-13.48,-7.4,2.22,-8.99
4.07,-5.85,-13.59,-7.41,2.31,-8.93
4,-5.76,-13.66,-7.42,2.37,-8.89
3.91,-5.67,-13.77,-7.44,2.47,-8.83
3.85,-5.61,-13.79,-7.44,2.53,-8.79
3.78,-5.51,-13.84,-7.44,2.62,-8.72
3.75,-5.48,-13.82,-7.44,2.68,-8.67
3.7,-5.48,-13.76,-7.43,2.78,-8.6
3.67,-5.49,-13.72,-7.43,2.84,-8.55
3.65,-5.5,-13.65,-7.42,2.93,-8.48
3.62,-5.53,-13.55,-7.39,3.02,-8.4
3.6,-5.53,-13.51,-7.37,3.07,-8.34
3.55,-5.51,-13.44,-7.33,3.15,-8.26
3.51,-5.52,-13.39,-7.31,3.2,-8.21
3.41,-5.5,-13.32,-7.29,3.28,-8.13
3.33,-5.46,-13.29,-7.27,3.32,-8.07
3.2,-5.37,-13.3,-7.25,3.37,-8
3.13,-5.32,-13.38,-7.24,3.41,-7.95
3.04,-5.25,-13.53,-7.22,3.46,-7.87
2.99,-5.22,-13.62,-7.2,3.49,-7.83
2.93,-5.19,-13.76,-7.17,3.53,-7.76
2.88,-5.17,-13.85,-7.15,3.56,-7.71
  ,,,,,
,,,,,
,,,,,
5,-8.9,-15.1,-6.69,0.17,-9.96
4.91,-8.93,-15.21,-6.61,0.24,-9.95
4.82,-8.92,-15.3,-6.47,0.33,-9.93
4.77,-8.87,-15.32,-6.36,0.4,-9.92
4.71,-8.71,-15.35,-6.19,0.49,-9.9
4.67,-8.56,-15.36,-6.08,0.56,-9.89
4.57,-8.27,-15.33,-5.9,0.66,-9.86
4.49,-8.02,-15.3,-5.79,0.73,-9.84
4.4,-7.62,-15.27,-5.61,0.83,-9.8
4.31,-7.23,-15.3,-5.44,0.93,-9.74
4.27,-6.99,-15.35,-5.33,1,-9.7
4.21,-6.69,-15.45,-5.16,1.1,-9.63
4.18,-6.54,-15.51,-5.04,1.17,-9.58
4.15,-6.4,-15.62,-4.84,1.27,-9.51
4.12,-6.38,-15.71,-4.7,1.34,-9.45
4.1,-6.37,-15.87,-4.47,1.45,-9.38
4.09,-6.36,-15.96,-4.31,1.52,-9.32
4.07,-6.33,-16.1,-4.07,1.62,-9.25
4.06,-6.27,-16.2,-3.89,1.69,-9.2
4.05,-6.13,-16.35,-3.63,1.79,-9.13
4.04,-6,-16.44,-3.46,1.86,-9.08
4.04,-5.78,-16.55,-3.21,1.96,-9.01
4.01,-5.58,-16.61,-3.05,2.03,-8.96
3.98,-5.29,-16.67,-2.83,2.13,-8.89
3.94,-5.08,-16.7,-2.69,2.2,-8.84
3.88,-4.78,-16.76,-2.49,2.3,-8.78
3.81,-4.54,-16.82,-2.32,2.4,-8.71
3.77,-4.4,-16.87,-2.21,2.46,-8.66
3.67,-4.25,-16.93,-2.07,2.56,-8.6
3.62,-4.15,-16.97,-1.98,2.63,-8.55
3.52,-4.01,-16.97,-1.87,2.73,-8.48
3.46,-3.91,-16.98,-1.81,2.8,-8.44
3.4,-3.78,-16.99,-1.73,2.9,-8.37
3.34,-3.69,-17,-1.69,2.97,-8.33
3.26,-3.55,-17,-1.64,3.08,-8.26
3.2,-3.47,-17.02,-1.61,3.15,-8.21
3.12,-3.37,-17.03,-1.59,3.25,-8.15
3.06,-3.31,-17.03,-1.58,3.32,-8.1
2.96,-3.27,-16.99,-1.58,3.43,-8.03
2.89,-3.25,-16.94,-1.59,3.5,-7.98
2.78,-3.22,-16.87,-1.61,3.61,-7.9
2.72,-3.22,-16.84,-1.63,3.68,-7.85
2.64,-3.24,-16.75,-1.65,3.78,-7.78
2.56,-3.29,-16.63,-1.69,3.88,-7.7
2.49,-3.33,-16.53,-1.71,3.95,-7.64
2.4,-3.37,-16.34,-1.75,4.05,-7.57
2.34,-3.39,-16.18,-1.78,4.11,-7.52
2.26,-3.39,-15.96,-1.85,4.2,-7.45
2.21,-3.45,-15.8,-1.91,4.24,-7.4
2.2,-3.59,-15.25,-2,4.32,-7.33
2.16,-3.67,-14.94,-2.05,4.39,-7.28
2.09,-3.78,-14.46,-2.13,4.48,-7.2
2.04,-3.91,-14.12,-2.19,4.54,-7.15
1.99,-4.17,-13.55,-2.27,4.62,-7.06
1.94,-4.38,-13.14,-2.33,4.68,-7.01
1.88,-4.76,-12.51,-2.43,4.75,-6.93
1.84,-5.02,-12.06,-2.5,4.8,-6.88
1.8,-5.41,-11.42,-2.59,4.86,-6.8
1.77,-5.65,-10.99,-2.66,4.89,-6.75
1.72,-5.99,-10.38,-2.76,4.94,-6.68
1.69,-6.24,-9.81,-2.87,4.97,-6.62
1.67,-6.36,-9.48,-2.95,4.98,-6.59
1.7,-6.49,-9.01,-3.09,5,-6.55
1.71,-6.57,-8.72,-3.19,5.01,-6.52
1.7,-6.69,-8.35,-3.35,5.02,-6.48
1.68,-6.78,-8.13,-3.46,5.02,-6.45
1.6,-6.93,-7.84,-3.64,5,-6.4
1.52,-7.06,-7.69,-3.76,4.98,-6.37
1.41,-7.27,-7.55,-3.95,4.93,-6.33
1.36,-7.44,-7.51,-4.07,4.9,-6.31
1.29,-7.76,-7.48,-4.24,4.85,-6.27
1.23,-8,-7.48,-4.35,4.82,-6.26
1.21,-8.43,-7.46,-4.49,4.75,-6.24
1.21,-8.74,-7.41,-4.57,4.71,-6.22
1.19,-9.24,-7.38,-4.69,4.64,-6.21
1.17,-9.59,-7.39,-4.74,4.59,-6.2
1.13,-10.11,-7.45,-4.8,4.51,-6.2
1.1,-10.58,-7.6,-4.83,4.43,-6.21
1.09,-10.86,-7.73,-4.83,4.36,-6.23
1.06,-11.27,-8.04,-4.79,4.27,-6.26
1.06,-11.51,-8.21,-4.75,4.2,-6.29
1.04,-11.87,-8.49,-4.66,4.11,-6.34
1.01,-12.15,-8.71,-4.57,4.04,-6.37
0.93,-12.57,-8.87,-4.42,3.92,-6.44
0.9,-12.91,-8.97,-4.3,3.84,-6.48
0.82,-13.44,-9.2,-4.09,3.71,-6.56
0.8,-13.76,-9.37,-3.94,3.62,-6.61
0.83,-14.18,-9.71,-3.68,3.48,-6.69
0.89,-14.41,-9.91,-3.49,3.39,-6.75
1.01,-14.77,-10.18,-3.18,3.28,-6.86
1.08,-15.05,-10.3,-2.96,3.21,-6.93
1.15,-15.59,-10.43,-2.61,3.11,-7.05
1.14,-16.04,-10.47,-2.37,3.04,-7.14
1.14,-16.83,-10.38,-2,2.92,-7.27
1.12,-17.7,-10.15,-1.62,2.8,-7.41
1.1,-18.29,-9.97,-1.38,2.72,-7.51
1.07,-19.09,-9.62,-1.01,2.61,-7.65
1.05,-19.53,-9.35,-0.78,2.53,-7.75
1.04,-20,-8.9,-0.44,2.42,-7.9
1.05,-20,-8.62,-0.22,2.35,-8
  ,,,,,
,,,,,
,,,,,
2.79,-2.39,2.34,-2.92,-1,-8.03
2.97,-2.57,2.06,-3.11,-1.06,-8.03
3.06,-2.69,1.82,-3.23,-1.11,-8.03
3.2,-2.94,1.51,-3.41,-1.17,-8.03
3.26,-3.14,1.27,-3.52,-1.21,-8.03
3.34,-3.49,0.86,-3.67,-1.27,-8.03
3.39,-3.79,0.6,-3.76,-1.31,-8.04
3.44,-4.33,0.25,-3.86,-1.37,-8.06
3.46,-4.75,-0.01,-3.91,-1.4,-8.08
3.48,-5.43,-0.41,-3.94,-1.46,-8.11
3.49,-5.91,-0.69,-3.94,-1.49,-8.13
3.5,-6.6,-1.16,-3.92,-1.53,-8.16
3.49,-7.02,-1.44,-3.89,-1.56,-8.18
3.49,-7.55,-1.84,-3.83,-1.6,-8.21
3.5,-7.85,-2.08,-3.79,-1.63,-8.23
3.51,-8.21,-2.38,-3.72,-1.67,-8.27
3.54,-8.37,-2.59,-3.67,-1.69,-8.3
3.6,-8.54,-2.88,-3.6,-1.72,-8.34
3.67,-8.61,-3.1,-3.53,-1.75,-8.38
3.73,-8.61,-3.27,-3.49,-1.76,-8.41
3.81,-8.59,-3.56,-3.44,-1.77,-8.45
3.87,-8.58,-3.75,-3.41,-1.78,-8.49
3.97,-8.57,-4.04,-3.38,-1.78,-8.53
4.05,-8.56,-4.23,-3.36,-1.78,-8.56
4.18,-8.54,-4.53,-3.34,-1.76,-8.61
4.26,-8.51,-4.73,-3.34,-1.75,-8.64
4.37,-8.46,-5.03,-3.34,-1.73,-8.69
4.46,-8.4,-5.22,-3.35,-1.71,-8.72
4.57,-8.32,-5.45,-3.38,-1.68,-8.76
4.65,-8.26,-5.62,-3.4,-1.66,-8.8
4.75,-8.16,-5.89,-3.44,-1.61,-8.84
4.82,-8.1,-6.07,-3.47,-1.57,-8.87
4.9,-7.98,-6.38,-3.53,-1.52,-8.91
4.95,-7.89,-6.56,-3.58,-1.48,-8.94
5.03,-7.78,-6.85,-3.67,-1.41,-8.99
5.08,-7.7,-7.1,-3.77,-1.35,-9.04
5.13,-7.65,-7.25,-3.85,-1.3,-9.07
5.19,-7.62,-7.53,-3.97,-1.22,-9.12
5.24,-7.62,-7.75,-4.05,-1.16,-9.14
5.31,-7.66,-8.04,-4.19,-1.09,-9.18
5.37,-7.7,-8.24,-4.3,-1.03,-9.21
5.46,-7.78,-8.51,-4.46,-0.95,-9.24
5.54,-7.84,-8.68,-4.58,-0.89,-9.26
5.63,-7.96,-8.95,-4.77,-0.81,-9.28
5.71,-8.02,-9.08,-4.91,-0.75,-9.29
5.74,-8.11,-9.34,-5.1,-0.65,-9.31
5.7,-8.2,-9.57,-5.23,-0.58,-9.32
5.64,-8.38,-9.93,-5.41,-0.48,-9.34
5.58,-8.54,-10.18,-5.51,-0.42,-9.35
5.46,-8.81,-10.54,-5.65,-0.32,-9.35
5.36,-9,-10.77,-5.73,-0.25,-9.36
5.19,-9.27,-11.05,-5.85,-0.14,-9.37
5.02,-9.47,-11.31,-5.94,-0.03,-9.38
4.93,-9.55,-11.44,-6,0.04,-9.39
4.82,-9.62,-11.62,-6.07,0.15,-9.4
4.77,-9.6,-11.73,-6.1,0.23,-9.41
4.71,-9.48,-11.86,-6.14,0.34,-9.42
4.67,-9.35,-11.95,-6.17,0.42,-9.43
4.64,-9.09,-12.09,-6.22,0.54,-9.44
4.59,-8.9,-12.21,-6.26,0.62,-9.45
4.52,-8.63,-12.39,-6.3,0.75,-9.45
4.45,-8.48,-12.51,-6.32,0.83,-9.45
4.33,-8.25,-12.67,-6.33,0.96,-9.44
4.24,-8.12,-12.79,-6.34,1.04,-9.43
4.1,-7.89,-12.94,-6.35,1.17,-9.42
4.02,-7.67,-13.04,-6.36,1.26,-9.41
3.98,-7.28,-13.2,-6.39,1.39,-9.39
3.97,-6.98,-13.3,-6.42,1.48,-9.38
3.98,-6.48,-13.43,-6.48,1.62,-9.36
3.99,-5.97,-13.6,-6.56,1.76,-9.34
3.98,-5.69,-13.74,-6.62,1.86,-9.32
3.93,-5.41,-13.95,-6.72,2.01,-9.29
3.89,-5.29,-14.08,-6.79,2.1,-9.25
3.8,-5.26,-14.3,-6.89,2.25,-9.21
3.75,-5.31,-14.45,-6.94,2.35,-9.17
3.61,-5.48,-14.68,-7.02,2.5,-9.12
3.52,-5.61,-14.81,-7.05,2.59,-9.08
3.41,-5.78,-14.97,-7.08,2.74,-9.02
3.36,-5.85,-15.05,-7.09,2.83,-8.98
3.25,-5.9,-15.15,-7.11,2.97,-8.91
3.19,-5.89,-15.19,-7.11,3.07,-8.86
3.07,-5.81,-15.24,-7.1,3.2,-8.79
2.98,-5.73,-15.28,-7.08,3.29,-8.73
2.87,-5.57,-15.25,-7.06,3.42,-8.65
2.82,-5.46,-15.24,-7.05,3.5,-8.6
2.77,-5.32,-15.25,-7.03,3.62,-8.52
2.72,-5.16,-15.26,-7.02,3.74,-8.44
2.67,-5.07,-15.26,-7.01,3.82,-8.38
2.64,-4.99,-15.17,-7,3.94,-8.29
2.61,-4.95,-15.1,-6.98,4.01,-8.23
2.56,-4.92,-14.97,-6.94,4.13,-8.13
2.52,-4.94,-14.84,-6.92,4.2,-8.07
2.49,-4.99,-14.63,-6.88,4.31,-7.97
2.47,-5.07,-14.47,-6.85,4.38,-7.9
2.43,-5.18,-14.25,-6.8,4.49,-7.8
2.38,-5.27,-14.09,-6.75,4.56,-7.73
2.3,-5.41,-13.81,-6.69,4.65,-7.63
2.23,-5.51,-13.64,-6.64,4.71,-7.56
2.1,-5.66,-13.37,-6.57,4.79,-7.47
2.04,-5.76,-13.22,-6.53,4.84,-7.41
  ,,,,,
,,,,,
,,,,,
2.61,-4.06,-2.89,-5.82,-0.79,-8.08
2.73,-4.52,-3.32,-6.01,-0.82,-8.09
2.87,-4.96,-3.77,-6.19,-0.85,-8.11
2.98,-5.23,-4.07,-6.3,-0.87,-8.13
3.11,-5.66,-4.51,-6.46,-0.89,-8.15
3.2,-5.92,-4.82,-6.56,-0.9,-8.17
3.35,-6.29,-5.29,-6.69,-0.93,-8.2
3.46,-6.55,-5.57,-6.78,-0.94,-8.22
3.63,-6.95,-5.95,-6.88,-0.95,-8.25
3.74,-7.24,-6.2,-6.94,-0.96,-8.28
3.89,-7.64,-6.55,-7.02,-0.96,-8.31
3.99,-7.9,-6.78,-7.07,-0.96,-8.33
4.06,-8.23,-7.19,-7.13,-0.97,-8.37
4.11,-8.41,-7.47,-7.17,-0.97,-8.4
4.21,-8.66,-7.83,-7.23,-0.98,-8.44
4.25,-8.83,-8.06,-7.26,-0.97,-8.46
4.24,-9.07,-8.46,-7.29,-0.97,-8.5
4.22,-9.32,-8.88,-7.3,-0.97,-8.55
4.2,-9.51,-9.12,-7.3,-0.97,-8.57
4.15,-9.84,-9.49,-7.28,-0.97,-8.61
4.12,-10.04,-9.71,-7.25,-0.97,-8.63
4.1,-10.35,-10,-7.2,-0.95,-8.67
4.06,-10.56,-10.2,-7.16,-0.94,-8.7
3.97,-10.88,-10.49,-7.09,-0.92,-8.73
3.95,-11.03,-10.63,-7.04,-0.91,-8.75
3.98,-11.23,-10.82,-6.96,-0.88,-8.77
3.99,-11.33,-10.95,-6.91,-0.85,-8.79
4.03,-11.43,-11.15,-6.81,-0.81,-8.81
4.07,-11.49,-11.3,-6.75,-0.78,-8.83
4.07,-11.58,-11.48,-6.64,-0.71,-8.85
4.05,-11.6,-11.6,-6.56,-0.66,-8.86
3.95,-11.53,-11.78,-6.43,-0.58,-8.89
3.85,-11.44,-11.88,-6.35,-0.53,-8.91
3.69,-11.3,-12.08,-6.25,-0.44,-8.94
3.61,-11.11,-12.25,-6.13,-0.34,-8.95
3.58,-10.96,-12.33,-6.05,-0.27,-8.97
3.61,-10.77,-12.39,-5.93,-0.14,-8.98
3.62,-10.64,-12.4,-5.85,-0.05,-8.98
3.62,-10.46,-12.45,-5.74,0.1,-8.98
3.59,-10.36,-12.47,-5.68,0.21,-8.98
3.53,-10.18,-12.5,-5.6,0.38,-8.97
3.48,-10.08,-12.58,-5.55,0.5,-8.96
3.4,-9.99,-12.78,-5.48,0.68,-8.94
3.35,-9.96,-12.92,-5.44,0.81,-8.92
3.31,-9.93,-13.14,-5.37,1.01,-8.89
3.28,-9.91,-13.28,-5.33,1.14,-8.87
3.25,-9.86,-13.55,-5.26,1.34,-8.83
3.25,-9.79,-13.76,-5.22,1.48,-8.8
3.25,-9.68,-14.1,-5.16,1.69,-8.76
3.28,-9.59,-14.35,-5.12,1.83,-8.74
3.37,-9.5,-14.76,-5.05,2.05,-8.69
3.45,-9.38,-15.18,-4.99,2.28,-8.65
3.46,-9.26,-15.4,-4.96,2.42,-8.61
3.46,-9.06,-15.68,-4.91,2.64,-8.56
3.45,-8.9,-15.86,-4.9,2.78,-8.53
3.46,-8.61,-16.13,-4.88,2.97,-8.5
3.47,-8.36,-16.34,-4.87,3.1,-8.47
3.53,-7.95,-16.64,-4.88,3.28,-8.45
3.59,-7.67,-16.76,-4.88,3.4,-8.43
3.67,-7.21,-16.99,-4.88,3.59,-8.38
3.72,-6.89,-17.09,-4.88,3.7,-8.35
3.75,-6.36,-17.19,-4.89,3.88,-8.29
3.75,-6.05,-17.21,-4.9,3.99,-8.25
3.74,-5.65,-17.2,-4.91,4.15,-8.19
3.73,-5.44,-17.19,-4.93,4.25,-8.15
3.67,-5.16,-17.01,-4.94,4.4,-8.07
3.61,-4.99,-16.92,-4.95,4.5,-8.03
3.51,-4.84,-16.78,-4.95,4.64,-7.96
3.37,-4.81,-16.58,-4.95,4.77,-7.89
3.26,-4.83,-16.44,-4.95,4.86,-7.84
3.04,-4.95,-16.2,-4.94,4.97,-7.75
2.88,-5.07,-16.05,-4.93,5.03,-7.7
2.64,-5.32,-15.76,-4.9,5.11,-7.62
2.47,-5.51,-15.5,-4.88,5.14,-7.57
2.22,-5.8,-15.22,-4.83,5.19,-7.49
2.08,-5.99,-15.04,-4.79,5.22,-7.44
1.89,-6.26,-14.82,-4.72,5.24,-7.37
1.8,-6.41,-14.75,-4.67,5.24,-7.33
1.74,-6.64,-14.53,-4.59,5.23,-7.27
1.73,-6.78,-14.41,-4.54,5.24,-7.24
1.73,-6.98,-14.25,-4.46,5.25,-7.19
1.7,-7.1,-14.21,-4.4,5.25,-7.15
1.64,-7.27,-14.22,-4.32,5.24,-7.1
1.61,-7.36,-14.28,-4.27,5.22,-7.06
1.56,-7.49,-14.44,-4.18,5.21,-7.02
1.53,-7.66,-14.7,-4.09,5.19,-6.99
1.56,-7.76,-14.85,-4.01,5.18,-6.97
1.56,-7.94,-15.1,-3.9,5.18,-6.94
1.58,-8.03,-15.23,-3.81,5.17,-6.92
1.58,-8.15,-15.42,-3.68,5.17,-6.89
1.56,-8.23,-15.54,-3.58,5.16,-6.88
1.5,-8.35,-15.66,-3.44,5.13,-6.86
1.47,-8.42,-15.68,-3.34,5.12,-6.84
1.4,-8.52,-15.65,-3.18,5.1,-6.83
1.34,-8.57,-15.58,-3.08,5.08,-6.82
1.22,-8.67,-15.43,-2.91,5.06,-6.81
1.14,-8.76,-15.31,-2.8,5.04,-6.8
0.97,-8.92,-15.05,-2.63,5,-6.8
0.86,-9.1,-14.81,-2.52,4.97,-6.81
0.68,-9.37,-14.31,-2.36,4.92,-6.81
  ,,,,,
,,,,,
,,,,,
4.08,-8.51,-11.85,-8.52,1.49,-9.23
4.09,-8.66,-11.98,-8.52,1.6,-9.19
4.09,-8.74,-12.09,-8.52,1.77,-9.12
4.07,-8.69,-12.14,-8.52,1.88,-9.08
4,-8.47,-12.22,-8.52,2.05,-9.02
3.93,-8.08,-12.27,-8.52,2.21,-8.96
3.87,-7.73,-12.32,-8.52,2.32,-8.92
3.79,-7.16,-12.42,-8.52,2.49,-8.86
3.71,-6.74,-12.52,-8.52,2.59,-8.82
3.64,-6.14,-12.69,-8.52,2.74,-8.75
3.6,-5.77,-12.82,-8.52,2.84,-8.7
3.52,-5.28,-13.08,-8.52,3,-8.62
3.48,-4.99,-13.23,-8.52,3.1,-8.56
3.47,-4.65,-13.45,-8.52,3.24,-8.47
3.48,-4.45,-13.62,-8.52,3.34,-8.4
3.48,-4.27,-13.94,-8.52,3.48,-8.3
3.45,-4.19,-14.15,-8.52,3.57,-8.23
3.4,-4.11,-14.37,-8.49,3.7,-8.12
3.33,-4.08,-14.57,-8.38,3.79,-8.05
3.18,-4.14,-14.85,-8.22,3.92,-7.94
3.05,-4.18,-14.99,-8.1,3.99,-7.86
2.81,-4.24,-15.14,-7.93,4.08,-7.76
2.54,-4.37,-15.23,-7.76,4.14,-7.65
2.37,-4.46,-15.37,-7.64,4.18,-7.58
2.15,-4.57,-15.68,-7.43,4.23,-7.48
2.07,-4.61,-15.86,-7.29,4.26,-7.41
1.99,-4.7,-16.07,-7.07,4.3,-7.31
1.97,-4.76,-16.17,-6.92,4.32,-7.25
1.94,-4.89,-16.23,-6.69,4.36,-7.15
1.93,-5,-16.23,-6.53,4.39,-7.08
1.87,-5.21,-16.15,-6.29,4.42,-6.98
1.78,-5.39,-16.07,-6.13,4.44,-6.91
1.61,-5.75,-15.92,-5.88,4.47,-6.82
1.49,-6,-15.83,-5.71,4.48,-6.76
1.3,-6.4,-15.72,-5.44,4.49,-6.67
1.17,-6.69,-15.64,-5.26,4.49,-6.62
0.98,-7.11,-15.53,-4.98,4.5,-6.55
0.79,-7.58,-15.42,-4.7,4.5,-6.49
0.68,-7.89,-15.32,-4.51,4.49,-6.45
0.56,-8.34,-15.16,-4.23,4.47,-6.41
0.52,-8.64,-15,-4.04,4.45,-6.38
0.46,-9.08,-14.75,-3.77,4.42,-6.35
0.43,-9.36,-14.59,-3.59,4.4,-6.33
0.38,-9.79,-14.38,-3.33,4.36,-6.32
0.38,-10.07,-14.22,-3.16,4.34,-6.32
0.38,-10.47,-14.01,-2.9,4.29,-6.31
0.36,-10.69,-13.87,-2.73,4.26,-6.31
0.33,-10.97,-13.59,-2.47,4.21,-6.31
0.31,-11.13,-13.39,-2.31,4.18,-6.31
0.24,-11.38,-13.06,-2.06,4.12,-6.33
0.18,-11.53,-12.83,-1.91,4.07,-6.34
0.09,-11.71,-12.57,-1.69,3.99,-6.37
0.06,-11.8,-12.46,-1.55,3.94,-6.39
0.05,-11.86,-12.35,-1.35,3.86,-6.43
0.06,-11.91,-12.31,-1.17,3.79,-6.48
0.1,-11.94,-12.26,-1.05,3.74,-6.53
0.18,-12.03,-12.23,-0.88,3.67,-6.6
0.25,-12.13,-12.2,-0.78,3.62,-6.65
0.35,-12.33,-12.15,-0.62,3.55,-6.73
0.44,-12.49,-12.07,-0.53,3.49,-6.79
0.59,-12.75,-11.88,-0.39,3.41,-6.88
0.67,-12.95,-11.71,-0.3,3.36,-6.94
0.79,-13.23,-11.39,-0.16,3.28,-7.02
0.82,-13.41,-11.14,-0.07,3.23,-7.08
0.83,-13.63,-10.7,0.05,3.15,-7.17
0.82,-13.75,-10.4,0.14,3.1,-7.22
0.76,-13.86,-9.9,0.26,3.02,-7.3
0.72,-13.91,-9.55,0.33,2.96,-7.36
0.64,-13.92,-9.02,0.44,2.87,-7.44
0.57,-13.88,-8.66,0.51,2.81,-7.49
0.49,-13.79,-8.16,0.59,2.71,-7.56
0.43,-13.68,-7.68,0.67,2.61,-7.63
0.41,-13.61,-7.36,0.7,2.54,-7.68
0.39,-13.52,-6.9,0.75,2.44,-7.74
0.41,-13.48,-6.63,0.77,2.37,-7.79
0.43,-13.44,-6.25,0.79,2.27,-7.85
0.46,-13.42,-6.04,0.79,2.21,-7.9
0.5,-13.41,-5.77,0.78,2.11,-7.96
0.53,-13.39,-5.64,0.76,2.05,-8
0.59,-13.37,-5.47,0.73,1.96,-8.07
0.62,-13.38,-5.4,0.71,1.91,-8.1
0.65,-13.36,-5.37,0.68,1.83,-8.16
0.66,-13.35,-5.39,0.65,1.78,-8.2
0.67,-13.34,-5.46,0.61,1.7,-8.25
0.67,-13.36,-5.53,0.59,1.65,-8.28
0.66,-13.38,-5.63,0.56,1.58,-8.33
0.65,-13.38,-5.71,0.54,1.53,-8.36
0.63,-13.39,-5.87,0.51,1.45,-8.4
0.61,-13.39,-6.02,0.5,1.38,-8.44
0.59,-13.39,-6.13,0.49,1.33,-8.46
0.57,-13.37,-6.28,0.49,1.25,-8.49
0.55,-13.36,-6.39,0.5,1.2,-8.51
0.53,-13.35,-6.54,0.52,1.12,-8.54
0.51,-13.33,-6.63,0.54,1.07,-8.55
0.5,-13.31,-6.75,0.58,0.99,-8.57
0.48,-13.29,-6.83,0.61,0.93,-8.59
0.45,-13.27,-6.96,0.68,0.85,-8.61
0.45,-13.27,-7.05,0.73,0.79,-8.62
0.44,-13.29,-7.16,0.82,0.7,-8.63
0.44,-13.32,-7.22,0.89,0.65,-8.63
