0.94,-3.57,4.51,-0.26,0.8,-8.92
0.75,-3.59,4.72,-0.21,0.79,-8.93
0.56,-3.58,5.02,-0.15,0.75,-8.96
0.49,-3.58,5.23,-0.12,0.72,-8.99
0.45,-3.68,5.55,-0.1,0.68,-9.03
0.39,-3.89,5.88,-0.07,0.64,-9.06
0.32,-4.07,6.05,-0.04,0.61,-9.08
0.13,-4.38,6.29,0,0.58,-9.11
-0.08,-4.56,6.39,0.04,0.55,-9.12
-0.49,-4.77,6.52,0.11,0.49,-9.14
-0.83,-4.88,6.59,0.16,0.44,-9.16
-1.39,-5,6.62,0.25,0.34,-9.17
-1.73,-5.06,6.64,0.31,0.25,-9.18
-2.14,-5.1,6.67,0.4,0.1,-9.19
-2.31,-5.1,6.68,0.45,-0.02,-9.21
-2.37,-5.04,6.7,0.52,-0.21,-9.22
-2.32,-4.95,6.7,0.56,-0.33,-9.24
-2.14,-4.76,6.66,0.61,-0.52,-9.26
-1.96,-4.58,6.63,0.63,-0.64,-9.28
-1.64,-4.24,6.61,0.66,-0.81,-9.3
-1.41,-3.99,6.56,0.67,-0.92,-9.31
-1.07,-3.62,6.48,0.67,-1.07,-9.32
-0.78,-3.3,6.4,0.67,-1.21,-9.32
-0.62,-3.12,6.37,0.66,-1.3,-9.33
-0.42,-2.95,6.29,0.63,-1.44,-9.33
-0.31,-2.9,6.2,0.61,-1.52,-9.32
-0.13,-2.83,6.09,0.58,-1.65,-9.31
0,-2.8,6.01,0.56,-1.73,-9.3
0.25,-2.75,5.92,0.52,-1.85,-9.29
0.45,-2.69,5.86,0.49,-1.93,-9.28
0.75,-2.56,5.76,0.46,-2.03,-9.27
0.96,-2.44,5.68,0.43,-2.09,-9.26
1.26,-2.25,5.55,0.38,-2.17,-9.26
1.44,-2.14,5.44,0.35,-2.21,-9.26
1.68,-2,5.21,0.3,-2.26,-9.26
1.81,-1.93,5.01,0.26,-2.29,-9.26
1.95,-1.86,4.68,0.2,-2.33,-9.27
2.07,-1.83,4.29,0.15,-2.36,-9.27
2.12,-1.85,4.03,0.11,-2.38,-9.27
2.19,-1.89,3.6,0.07,-2.4,-9.28
2.22,-1.93,3.29,0.05,-2.42,-9.28
2.26,-1.98,2.81,0.02,-2.43,-9.29
2.29,-1.99,2.47,0.01,-2.44,-9.3
2.36,-2,1.93,0,-2.45,-9.31
2.39,-1.99,1.56,-0.01,-2.45,-9.31
2.45,-1.94,1.02,-0.01,-2.45,-9.32
2.49,-1.89,0.63,-0.01,-2.45,-9.33
2.56,-1.78,0.04,-0.01,-2.43,-9.33
2.6,-1.7,-0.36,-0.01,-2.42,-9.34
2.64,-1.55,-0.96,0,-2.39,-9.34
2.66,-1.43,-1.36,0.01,-2.37,-9.34
2.7,-1.27,-1.93,0.03,-2.33,-9.34
2.7,-1.15,-2.3,0.04,-2.3,-9.34
2.68,-0.99,-2.87,0.06,-2.25,-9.34
2.66,-0.82,-3.42,0.08,-2.19,-9.34
2.64,-0.71,-3.78,0.1,-2.15,-9.34
2.59,-0.55,-4.31,0.12,-2.09,-9.34
2.56,-0.45,-4.66,0.14,-2.05,-9.33
2.53,-0.31,-5.16,0.17,-1.99,-9.33
2.53,-0.21,-5.46,0.19,-1.94,-9.32
2.52,-0.08,-5.91,0.22,-1.87,-9.31
2.52,0.03,-6.22,0.24,-1.82,-9.3
2.52,0.21,-6.67,0.27,-1.75,-9.28
2.55,0.33,-6.96,0.28,-1.7,-9.27
2.58,0.51,-7.34,0.31,-1.62,-9.25
2.61,0.62,-7.6,0.32,-1.56,-9.23
2.64,0.74,-7.94,0.33,-1.47,-9.21
2.65,0.83,-8.15,0.34,-1.41,-9.2
2.68,0.94,-8.48,0.35,-1.31,-9.18
2.69,1.03,-8.68,0.36,-1.25,-9.16
2.7,1.14,-8.96,0.36,-1.16,-9.14
2.71,1.22,-9.21,0.37,-1.06,-9.11
2.72,1.26,-9.36,0.37,-0.99,-9.1
2.75,1.32,-9.58,0.38,-0.88,-9.07
2.75,1.36,-9.74,0.38,-0.81,-9.06
2.77,1.38,-9.96,0.38,-0.7,-9.04
2.77,1.41,-10.09,0.38,-0.62,-9.02
2.78,1.44,-10.31,0.38,-0.51,-9
2.79,1.45,-10.42,0.38,-0.43,-8.98
2.8,1.47,-10.61,0.38,-0.31,-8.95
2.8,1.49,-10.74,0.37,-0.23,-8.94
2.82,1.53,-10.95,0.37,-0.11,-8.91
2.81,1.56,-11.09,0.37,-0.02,-8.9
2.79,1.61,-11.31,0.37,0.11,-8.87
2.79,1.64,-11.46,0.37,0.19,-8.86
2.77,1.64,-11.7,0.36,0.33,-8.83
2.73,1.64,-11.91,0.35,0.47,-8.81
2.72,1.61,-12.04,0.35,0.56,-8.79
2.67,1.56,-12.23,0.34,0.7,-8.76
2.64,1.53,-12.33,0.33,0.8,-8.74
2.6,1.48,-12.5,0.33,0.94,-8.72
2.58,1.44,-12.62,0.32,1.04,-8.7
2.55,1.4,-12.75,0.32,1.18,-8.68
2.53,1.37,-12.82,0.32,1.28,-8.66
2.49,1.32,-12.93,0.32,1.43,-8.63
2.48,1.28,-12.99,0.32,1.53,-8.61
2.45,1.23,-13.09,0.32,1.68,-8.59
2.42,1.21,-13.15,0.32,1.79,-8.57
2.39,1.18,-13.2,0.32,1.95,-8.54
2.35,1.15,-13.24,0.33,2.05,-8.52
  ,,,,,
,,,,,
,,,,,
2.35,2.17,4.4,-1.07,1.14,-8.58
2.39,2.9,4.96,-1.39,1.17,-8.62
2.36,3.5,5.26,-1.65,1.17,-8.65
2.29,4.59,5.66,-2.12,1.15,-8.72
2.3,5.7,6.17,-2.73,1.07,-8.84
2.34,6.4,6.79,-3.22,1.01,-8.94
2.41,6.84,8.37,-4.05,0.99,-9.12
2.23,6.26,9.8,-4.57,1.04,-9.23
1.07,3.99,11.51,-5.02,1.18,-9.3
-0.13,2.06,12.09,-5.07,1.23,-9.3
-1.99,-1.45,12.77,-4.99,1.24,-9.29
-3.24,-4.05,13.05,-4.9,1.22,-9.28
-5.04,-7.92,13.07,-4.73,1.1,-9.28
-6.02,-10.16,12.88,-4.58,0.97,-9.29
-7.08,-12.54,12.35,-4.27,0.7,-9.28
-7.51,-13.4,11.88,-4.02,0.48,-9.27
-7.75,-13.78,11.14,-3.6,0.11,-9.24
-7.66,-13.67,10.64,-3.31,-0.16,-9.22
-7.23,-13.33,9.84,-2.88,-0.58,-9.19
-6.5,-13.1,9.02,-2.46,-0.99,-9.18
-5.86,-13.07,8.53,-2.18,-1.27,-9.19
-4.73,-13.13,7.89,-1.78,-1.65,-9.21
-3.89,-13.16,7.53,-1.52,-1.88,-9.23
-2.63,-12.97,7.08,-1.14,-2.19,-9.26
-1.84,-12.63,6.83,-0.89,-2.37,-9.28
-0.81,-11.82,6.44,-0.53,-2.61,-9.31
-0.27,-11.11,6.2,-0.29,-2.75,-9.34
0.33,-9.95,5.86,0.04,-2.93,-9.37
0.61,-9.18,5.66,0.24,-3.05,-9.4
0.91,-8.04,5.35,0.5,-3.23,-9.42
1.07,-7.31,5.19,0.66,-3.35,-9.43
1.29,-6.27,4.94,0.86,-3.53,-9.43
1.47,-5.57,4.84,0.98,-3.65,-9.42
1.81,-4.51,4.74,1.13,-3.82,-9.39
2.08,-3.8,4.73,1.21,-3.93,-9.36
2.55,-2.79,4.72,1.3,-4.07,-9.32
3.04,-1.92,4.65,1.34,-4.18,-9.27
3.34,-1.42,4.53,1.35,-4.24,-9.24
3.74,-0.82,4.25,1.32,-4.3,-9.2
3.93,-0.54,3.99,1.29,-4.33,-9.18
4.17,-0.27,3.47,1.23,-4.34,-9.17
4.29,-0.21,3.04,1.17,-4.34,-9.16
4.4,-0.22,2.24,1.09,-4.33,-9.16
4.42,-0.31,1.59,1.03,-4.31,-9.16
4.43,-0.5,0.47,0.94,-4.28,-9.17
4.39,-0.65,-0.33,0.89,-4.25,-9.17
4.33,-0.89,-1.54,0.81,-4.2,-9.18
4.28,-1.05,-2.35,0.77,-4.16,-9.18
4.2,-1.3,-3.48,0.71,-4.1,-9.19
4.14,-1.5,-4.2,0.68,-4.05,-9.19
4.03,-1.77,-5.27,0.64,-3.97,-9.21
3.95,-1.95,-5.95,0.62,-3.91,-9.22
3.82,-2.18,-7.06,0.59,-3.81,-9.24
3.68,-2.34,-8.19,0.57,-3.69,-9.26
3.56,-2.36,-8.91,0.56,-3.6,-9.27
3.39,-2.26,-9.91,0.56,-3.46,-9.29
3.27,-2.08,-10.53,0.57,-3.36,-9.31
3.08,-1.7,-11.33,0.58,-3.2,-9.32
2.96,-1.41,-11.79,0.6,-3.08,-9.33
2.76,-0.92,-12.39,0.62,-2.89,-9.35
2.61,-0.63,-12.76,0.64,-2.76,-9.35
2.33,-0.32,-13.29,0.66,-2.55,-9.37
2.13,-0.17,-13.63,0.68,-2.41,-9.37
1.8,-0.05,-14.11,0.7,-2.19,-9.38
1.58,-0.03,-14.42,0.72,-2.05,-9.38
1.3,-0.05,-14.85,0.75,-1.84,-9.39
1.14,-0.08,-15.1,0.78,-1.7,-9.38
0.99,-0.12,-15.4,0.81,-1.49,-9.38
0.91,-0.11,-15.59,0.84,-1.35,-9.37
0.84,-0.05,-15.87,0.89,-1.13,-9.36
0.81,0.03,-16.16,0.94,-0.91,-9.35
0.79,0.08,-16.38,0.98,-0.75,-9.34
0.8,0.17,-16.72,1.05,-0.52,-9.32
0.81,0.23,-16.97,1.09,-0.37,-9.3
0.82,0.33,-17.39,1.16,-0.13,-9.28
0.85,0.42,-17.65,1.21,0.03,-9.26
0.9,0.59,-18.09,1.29,0.27,-9.23
0.94,0.74,-18.39,1.34,0.43,-9.21
1.03,1.03,-18.85,1.42,0.68,-9.17
1.12,1.3,-19.13,1.47,0.83,-9.14
1.28,1.76,-19.49,1.53,1.07,-9.08
1.41,2.12,-19.69,1.56,1.23,-9.04
1.65,2.7,-19.92,1.61,1.48,-8.96
1.8,3.11,-20,1.63,1.64,-8.91
2.03,3.74,-20,1.65,1.89,-8.83
2.18,4.16,-20,1.66,2.06,-8.78
2.42,4.74,-20,1.66,2.31,-8.69
2.63,5.24,-20,1.65,2.57,-8.61
2.75,5.54,-19.99,1.63,2.75,-8.56
2.91,5.88,-19.73,1.59,3.03,-8.48
2.99,6.06,-19.49,1.55,3.21,-8.43
3.08,6.24,-19.07,1.47,3.49,-8.36
3.13,6.31,-18.78,1.41,3.68,-8.32
3.18,6.34,-18.35,1.3,3.95,-8.25
3.21,6.34,-18.04,1.22,4.12,-8.21
3.26,6.36,-17.61,1.08,4.38,-8.14
3.31,6.39,-17.34,0.99,4.54,-8.1
3.42,6.43,-16.96,0.84,4.77,-8.03
3.48,6.46,-16.73,0.74,4.93,-7.98
3.57,6.48,-16.4,0.58,5.16,-7.9
  ,,,,,
,,,,,
,,,,,
3.57,0.95,4.61,-0.87,1.02,-8.89
3.56,1.08,5.22,-0.91,1.01,-8.98
3.43,1.01,5.8,-0.99,1,-9.05
3.28,0.78,6.16,-1.04,0.99,-9.09
2.97,0.23,6.78,-1.1,0.97,-9.15
2.72,-0.16,7.28,-1.16,0.96,-9.18
2.32,-0.71,8.1,-1.28,0.93,-9.22
2.02,-1.16,8.74,-1.36,0.92,-9.24
1.36,-1.76,9.49,-1.45,0.93,-9.22
0.8,-2.01,9.93,-1.49,0.93,-9.18
-0.11,-2.21,10.49,-1.55,0.91,-9.11
-0.75,-2.28,10.83,-1.61,0.87,-9.05
-1.68,-2.5,11.29,-1.7,0.76,-8.97
-2.27,-2.81,11.52,-1.76,0.67,-8.93
-3.06,-3.59,11.71,-1.83,0.48,-8.88
-3.52,-4.32,11.68,-1.87,0.34,-8.87
-4.06,-5.66,11.4,-1.89,0.1,-8.85
-4.43,-7.1,10.96,-1.85,-0.17,-8.86
-4.57,-8.02,10.58,-1.8,-0.35,-8.87
-4.59,-9.21,9.94,-1.66,-0.65,-8.9
-4.49,-9.82,9.46,-1.54,-0.84,-8.92
-4.25,-10.48,8.66,-1.33,-1.13,-8.97
-4.07,-10.75,8.12,-1.18,-1.31,-9.01
-3.85,-10.95,7.3,-0.94,-1.58,-9.06
-3.73,-10.96,6.79,-0.78,-1.76,-9.09
-3.54,-10.91,6.06,-0.54,-2.01,-9.14
-3.45,-10.85,5.62,-0.39,-2.18,-9.17
-3.34,-10.77,5.08,-0.16,-2.44,-9.21
-3.25,-10.7,4.82,-0.01,-2.61,-9.23
-3.1,-10.54,4.6,0.21,-2.88,-9.26
-2.99,-10.38,4.57,0.34,-3.06,-9.26
-2.78,-9.96,4.66,0.52,-3.33,-9.27
-2.63,-9.56,4.79,0.61,-3.51,-9.28
-2.36,-8.81,5.04,0.71,-3.78,-9.29
-2.06,-7.92,5.32,0.77,-4.04,-9.3
-1.81,-7.31,5.51,0.78,-4.21,-9.31
-1.39,-6.45,5.73,0.76,-4.44,-9.33
-1.07,-5.97,5.83,0.72,-4.58,-9.34
-0.57,-5.39,5.86,0.65,-4.76,-9.36
-0.23,-5.03,5.77,0.59,-4.85,-9.38
0.19,-4.57,5.46,0.5,-4.98,-9.4
0.47,-4.36,5.24,0.45,-5.07,-9.42
0.86,-4.2,4.82,0.37,-5.18,-9.45
1.1,-4.17,4.44,0.33,-5.24,-9.46
1.41,-4.19,3.69,0.26,-5.3,-9.48
1.59,-4.25,3.07,0.23,-5.33,-9.49
1.84,-4.36,2.01,0.2,-5.36,-9.51
1.99,-4.43,1.27,0.18,-5.37,-9.53
2.2,-4.52,0.06,0.17,-5.37,-9.54
2.4,-4.55,-1.15,0.17,-5.36,-9.56
2.54,-4.53,-1.94,0.18,-5.34,-9.56
2.76,-4.42,-3.12,0.19,-5.31,-9.57
2.91,-4.3,-3.9,0.19,-5.28,-9.58
3.11,-4.1,-5.06,0.19,-5.22,-9.59
3.21,-3.96,-5.86,0.18,-5.18,-9.59
3.31,-3.74,-7.09,0.17,-5.09,-9.6
3.35,-3.57,-7.93,0.17,-5.03,-9.61
3.4,-3.26,-9.19,0.16,-4.91,-9.61
3.41,-2.99,-9.99,0.15,-4.83,-9.61
3.39,-2.47,-11.11,0.13,-4.7,-9.61
3.37,-2.03,-11.82,0.12,-4.6,-9.6
3.35,-1.33,-12.87,0.09,-4.45,-9.6
3.35,-0.85,-13.57,0.06,-4.34,-9.59
3.34,-0.14,-14.62,0.02,-4.17,-9.6
3.33,0.3,-15.32,-0.01,-4.05,-9.6
3.29,0.89,-16.36,-0.06,-3.85,-9.61
3.25,1.43,-17.38,-0.1,-3.63,-9.61
3.23,1.76,-18.01,-0.13,-3.48,-9.61
3.2,2.17,-18.92,-0.15,-3.24,-9.62
3.2,2.41,-19.53,-0.16,-3.07,-9.63
3.2,2.73,-20,-0.16,-2.8,-9.63
3.2,2.91,-20,-0.15,-2.61,-9.63
3.21,3.15,-20,-0.12,-2.32,-9.62
3.24,3.3,-20,-0.1,-2.13,-9.6
3.33,3.46,-20,-0.03,-1.85,-9.57
3.41,3.55,-20,0.03,-1.65,-9.54
3.57,3.65,-20,0.14,-1.36,-9.49
3.71,3.7,-20,0.22,-1.16,-9.45
3.96,3.77,-20,0.35,-0.85,-9.4
4.13,3.82,-20,0.44,-0.62,-9.36
4.42,3.92,-20,0.57,-0.25,-9.31
4.61,4.02,-20,0.65,0.02,-9.27
4.8,4.33,-20,0.77,0.44,-9.2
4.96,4.7,-20,0.88,0.84,-9.13
5.09,4.95,-20,0.95,1.1,-9.08
5.29,5.35,-20,1.04,1.5,-8.98
5.39,5.63,-20,1.08,1.79,-8.9
5.48,6.09,-20,1.13,2.22,-8.77
5.51,6.41,-20,1.16,2.51,-8.67
5.5,6.94,-20,1.17,2.94,-8.51
5.46,7.32,-20,1.16,3.24,-8.4
5.38,7.91,-20,1.13,3.67,-8.24
5.32,8.3,-20,1.09,3.96,-8.14
5.23,8.88,-20,1.01,4.37,-7.98
5.2,9.24,-20,0.94,4.64,-7.88
5.2,9.76,-20,0.81,5.03,-7.73
5.24,10.08,-20,0.7,5.29,-7.64
5.31,10.53,-19.57,0.52,5.66,-7.5
5.33,10.77,-18.73,0.37,5.9,-7.41
5.27,11.01,-17.5,0.13,6.25,-7.29
  ,,,,,
,,,,,
,,,,,
2.48,-2.07,6.72,-1.76,1.17,-9.36
2.36,-1.87,8.43,-1.82,1.08,-9.47
2.2,-1.66,9.81,-1.92,1.05,-9.53
1.6,-1.79,11.88,-2.09,1.07,-9.59
0.84,-2.1,13.06,-2.16,1.11,-9.6
-0.78,-2.92,14.54,-2.22,1.16,-9.6
-2.1,-3.75,15.31,-2.27,1.16,-9.58
-4.2,-5.4,16.11,-2.37,1.08,-9.57
-6.17,-7.45,16.54,-2.48,0.89,-9.58
-7.33,-8.96,16.72,-2.51,0.7,-9.58
-8.83,-11.26,16.64,-2.49,0.35,-9.59
-9.62,-12.72,16.38,-2.43,0.08,-9.59
-10.42,-14.65,15.79,-2.25,-0.4,-9.58
-10.63,-15.64,15.31,-2.08,-0.75,-9.57
-10.42,-16.52,14.61,-1.78,-1.29,-9.56
-9.99,-16.72,14.16,-1.55,-1.65,-9.56
-9.02,-16.48,13.43,-1.23,-2.17,-9.58
-8.28,-16.06,12.9,-1.02,-2.49,-9.6
-7.16,-15.2,12.06,-0.74,-2.94,-9.64
-6.44,-14.52,11.49,-0.57,-3.21,-9.68
-5.47,-13.49,10.67,-0.35,-3.6,-9.75
-4.93,-12.85,10.13,-0.21,-3.85,-9.8
-4.25,-11.94,9.32,-0.02,-4.21,-9.86
-3.9,-11.37,8.78,0.1,-4.45,-9.9
-3.45,-10.53,8.01,0.28,-4.8,-9.95
-3.01,-9.61,7.27,0.45,-5.15,-9.97
-2.67,-8.92,6.77,0.55,-5.37,-9.97
-2.04,-7.66,5.97,0.68,-5.7,-9.96
-1.53,-6.71,5.42,0.75,-5.9,-9.93
-0.68,-5.17,4.56,0.82,-6.18,-9.9
-0.07,-4.13,4.01,0.84,-6.34,-9.87
0.89,-2.7,3.19,0.84,-6.54,-9.83
1.51,-1.88,2.63,0.82,-6.63,-9.8
2.35,-0.94,1.8,0.77,-6.74,-9.76
2.84,-0.55,1.21,0.73,-6.78,-9.73
3.41,-0.3,0.3,0.65,-6.79,-9.7
3.67,-0.31,-0.36,0.6,-6.79,-9.68
3.87,-0.53,-1.42,0.51,-6.75,-9.66
3.89,-0.82,-2.25,0.47,-6.71,-9.64
3.79,-1.33,-3.58,0.42,-6.65,-9.62
3.65,-1.67,-4.58,0.39,-6.6,-9.61
3.41,-2.04,-6.26,0.35,-6.52,-9.59
3.17,-2.16,-8.05,0.32,-6.43,-9.58
3.06,-2.07,-9.25,0.31,-6.37,-9.57
3,-1.68,-11,0.3,-6.26,-9.55
3.03,-1.25,-12.06,0.3,-6.18,-9.53
3.14,-0.45,-13.49,0.29,-6.04,-9.51
3.23,0.17,-14.3,0.28,-5.93,-9.51
3.42,1.08,-15.28,0.27,-5.74,-9.5
3.55,1.63,-15.81,0.27,-5.6,-9.5
3.65,2.26,-16.51,0.27,-5.35,-9.5
3.67,2.55,-16.99,0.27,-5.17,-9.51
3.62,2.78,-17.78,0.29,-4.87,-9.52
3.54,2.83,-18.39,0.32,-4.66,-9.53
3.38,2.78,-19.51,0.38,-4.33,-9.54
3.27,2.75,-20,0.44,-4.11,-9.55
3.11,2.71,-20,0.53,-3.77,-9.56
3.08,2.71,-20,0.6,-3.54,-9.56
3.14,2.73,-20,0.73,-3.21,-9.55
3.37,2.77,-20,0.88,-2.86,-9.53
3.61,2.81,-20,0.99,-2.61,-9.51
4.06,2.87,-20,1.17,-2.24,-9.46
4.37,2.93,-20,1.3,-1.97,-9.43
4.87,3.12,-20,1.48,-1.56,-9.36
5.2,3.32,-20,1.59,-1.26,-9.31
5.62,3.73,-20,1.74,-0.79,-9.22
5.84,4.08,-20,1.83,-0.47,-9.16
6.1,4.71,-20,1.93,0.04,-9.07
6.22,5.19,-20,1.98,0.38,-9
6.32,5.95,-20,2.03,0.9,-8.9
6.33,6.48,-20,2.03,1.25,-8.83
6.31,7.3,-20,2.01,1.77,-8.73
6.28,7.83,-20,1.98,2.12,-8.66
6.21,8.51,-20,1.89,2.63,-8.57
6.14,8.87,-20,1.81,2.97,-8.52
5.99,9.17,-20,1.66,3.47,-8.43
5.8,9.19,-20,1.48,3.95,-8.34
5.64,9.05,-20,1.35,4.27,-8.28
5.35,8.65,-20,1.15,4.72,-8.18
5.15,8.33,-20,1.02,5.01,-8.12
4.85,7.89,-20,0.81,5.41,-8.02
4.66,7.64,-20,0.67,5.66,-7.95
4.38,7.39,-20,0.47,6.01,-7.86
4.19,7.27,-20,0.35,6.23,-7.8
3.9,7.14,-20,0.15,6.53,-7.72
3.68,7.03,-20,0.03,6.72,-7.67
3.3,6.72,-18.88,-0.16,6.97,-7.59
2.99,6.39,-18.02,-0.27,7.12,-7.55
2.43,5.66,-16.66,-0.42,7.32,-7.48
1.98,4.99,-15.75,-0.5,7.43,-7.43
1.24,3.73,-14.34,-0.59,7.56,-7.38
0.7,2.76,-13.44,-0.64,7.62,-7.35
-0.14,1.2,-12.16,-0.68,7.67,-7.3
-0.7,0.14,-11.34,-0.69,7.68,-7.27
-1.48,-1.39,-10.14,-0.67,7.65,-7.24
-2.12,-2.8,-8.88,-0.63,7.58,-7.22
-2.45,-3.63,-8.02,-0.59,7.5,-7.21
-2.8,-4.74,-6.7,-0.51,7.37,-7.2
-2.93,-5.39,-5.78,-0.46,7.26,-7.19
-3,-6.28,-4.34,-0.36,7.1,-7.18
  ,,,,,
,,,,,
,,,,,
3.06,-6.87,-0.41,0.8,0.85,-8.33
2.94,-5.06,-0.41,0.92,0.9,-8.4
2.82,-3.88,-0.27,0.97,0.94,-8.42
2.47,-2.45,-0.11,1,0.99,-8.46
2.07,-1.45,-0.1,0.97,1.02,-8.47
1.87,-0.93,-0.19,0.92,1.02,-8.48
1.76,-0.22,-0.54,0.83,1.02,-8.52
1.81,0.18,-0.91,0.75,1.02,-8.55
1.97,0.63,-1.53,0.65,1.03,-8.59
2.01,0.82,-1.92,0.58,1.04,-8.6
1.82,0.85,-2.32,0.49,1.05,-8.6
1.55,0.67,-2.41,0.45,1.04,-8.59
1.09,0.12,-2.28,0.42,1.01,-8.58
0.9,-0.31,-2.01,0.4,0.96,-8.58
0.88,-0.88,-1.38,0.38,0.86,-8.57
1.11,-1.07,-0.94,0.37,0.8,-8.57
1.84,-1.07,-0.4,0.32,0.71,-8.59
2.39,-0.96,-0.04,0.29,0.67,-8.6
3.11,-0.89,0.43,0.24,0.65,-8.62
3.61,-1.06,0.57,0.18,0.66,-8.64
3.81,-1.26,0.52,0.14,0.67,-8.65
3.93,-1.57,0.32,0.09,0.7,-8.65
3.91,-1.78,0.18,0.06,0.72,-8.65
3.76,-2.05,0.01,0.03,0.74,-8.63
3.64,-2.23,-0.04,0.02,0.75,-8.63
3.48,-2.47,-0.08,0,0.76,-8.62
3.42,-2.62,-0.11,0,0.76,-8.61
3.44,-2.79,-0.24,-0.02,0.76,-8.6
3.51,-2.84,-0.36,-0.03,0.76,-8.6
3.67,-2.82,-0.57,-0.04,0.77,-8.59
3.75,-2.77,-0.72,-0.05,0.79,-8.58
3.78,-2.69,-0.97,-0.05,0.82,-8.57
3.71,-2.67,-1.13,-0.05,0.84,-8.55
3.5,-2.69,-1.3,-0.04,0.86,-8.53
3.3,-2.75,-1.34,-0.03,0.87,-8.52
3.02,-2.86,-1.33,-0.01,0.87,-8.5
2.85,-2.92,-1.25,0.02,0.86,-8.49
2.8,-2.94,-1.17,0.03,0.84,-8.48
2.83,-2.9,-1.06,0.06,0.83,-8.47
2.87,-2.84,-0.98,0.07,0.81,-8.46
2.91,-2.74,-0.85,0.09,0.8,-8.45
2.9,-2.68,-0.8,0.11,0.8,-8.45
2.84,-2.63,-0.72,0.12,0.79,-8.44
2.77,-2.66,-0.68,0.14,0.79,-8.44
2.67,-2.76,-0.7,0.15,0.78,-8.43
2.62,-2.79,-0.72,0.16,0.77,-8.43
2.59,-2.75,-0.72,0.18,0.75,-8.42
2.61,-2.68,-0.71,0.19,0.74,-8.41
2.63,-2.55,-0.66,0.2,0.72,-8.41
2.65,-2.48,-0.64,0.2,0.72,-8.41
2.71,-2.39,-0.67,0.21,0.71,-8.4
2.75,-2.33,-0.69,0.22,0.7,-8.4
2.8,-2.26,-0.74,0.22,0.7,-8.4
2.83,-2.19,-0.84,0.22,0.7,-8.4
2.83,-2.15,-0.9,0.22,0.7,-8.4
2.77,-2.13,-0.96,0.22,0.71,-8.39
2.73,-2.13,-1,0.22,0.71,-8.39
2.67,-2.18,-1,0.21,0.71,-8.39
2.63,-2.23,-0.97,0.21,0.7,-8.39
2.62,-2.35,-0.91,0.21,0.69,-8.39
2.66,-2.42,-0.88,0.21,0.69,-8.39
2.76,-2.5,-0.82,0.21,0.68,-8.39
2.83,-2.52,-0.79,0.21,0.68,-8.39
2.98,-2.5,-0.75,0.21,0.67,-8.4
3.06,-2.47,-0.73,0.21,0.68,-8.4
3.14,-2.43,-0.74,0.2,0.69,-8.4
3.14,-2.41,-0.75,0.2,0.69,-8.4
3.12,-2.41,-0.75,0.2,0.7,-8.4
3.08,-2.43,-0.74,0.2,0.7,-8.4
3.01,-2.48,-0.68,0.2,0.7,-8.4
2.99,-2.54,-0.62,0.2,0.7,-8.4
3.01,-2.58,-0.57,0.21,0.7,-8.4
3.04,-2.64,-0.48,0.21,0.7,-8.4
3.08,-2.67,-0.44,0.22,0.7,-8.4
3.12,-2.66,-0.4,0.22,0.7,-8.4
3.13,-2.62,-0.4,0.23,0.7,-8.4
3.15,-2.54,-0.41,0.23,0.7,-8.39
3.15,-2.49,-0.41,0.23,0.7,-8.39
3.13,-2.42,-0.44,0.24,0.71,-8.39
3.12,-2.38,-0.47,0.24,0.71,-8.39
3.1,-2.29,-0.49,0.25,0.71,-8.39
3.08,-2.24,-0.52,0.25,0.71,-8.39
3.07,-2.16,-0.57,0.26,0.72,-8.38
3.07,-2.13,-0.6,0.26,0.72,-8.38
3.07,-2.1,-0.66,0.26,0.72,-8.38
3.06,-2.08,-0.69,0.26,0.72,-8.38
3.03,-2.06,-0.72,0.25,0.73,-8.38
2.99,-2.06,-0.76,0.25,0.73,-8.37
2.96,-2.06,-0.78,0.24,0.73,-8.37
2.91,-2.08,-0.78,0.23,0.74,-8.37
2.88,-2.12,-0.79,0.23,0.74,-8.37
2.86,-2.19,-0.8,0.22,0.74,-8.38
2.84,-2.24,-0.8,0.22,0.74,-8.38
2.82,-2.32,-0.82,0.22,0.74,-8.38
2.81,-2.36,-0.83,0.22,0.74,-8.38
2.81,-2.41,-0.84,0.22,0.74,-8.38
2.81,-2.44,-0.86,0.22,0.74,-8.39
2.8,-2.49,-0.88,0.23,0.74,-8.39
2.81,-2.51,-0.89,0.23,0.74,-8.39
2.83,-2.54,-0.86,0.24,0.74,-8.4
  ,,,,,
,,,,,
,,,,,
7.35,6.65,-20,0.22,1.87,-7.61
7.24,6.56,-20,0.36,2.11,-7.49
7.13,6.6,-20,0.58,2.46,-7.29
7.1,6.75,-20,0.72,2.7,-7.17
7.04,7.12,-20,0.92,3.06,-6.97
7.02,7.46,-20,1.04,3.3,-6.85
6.94,7.96,-20,1.19,3.66,-6.67
6.85,8.39,-19.91,1.3,4,-6.49
6.8,8.58,-19.87,1.35,4.23,-6.39
6.74,8.71,-19.83,1.41,4.57,-6.24
6.7,8.71,-19.8,1.43,4.79,-6.15
6.67,8.62,-19.69,1.45,5.11,-6.03
6.66,8.52,-19.6,1.44,5.33,-5.96
6.65,8.34,-19.35,1.39,5.65,-5.89
6.62,8.21,-19.11,1.35,5.86,-5.86
6.53,8.03,-18.61,1.26,6.16,-5.85
6.44,7.88,-18.2,1.17,6.36,-5.85
6.25,7.61,-17.47,1,6.65,-5.89
6.1,7.43,-16.9,0.86,6.83,-5.92
5.79,7.1,-15.85,0.58,7.08,-5.97
5.52,6.79,-15.02,0.38,7.23,-6.01
5.01,6.12,-13.62,0.06,7.43,-6.06
4.56,5.51,-12.61,-0.15,7.54,-6.09
3.74,4.33,-11.12,-0.45,7.67,-6.14
2.81,2.83,-9.62,-0.72,7.75,-6.18
2.17,1.68,-8.6,-0.87,7.77,-6.22
1.19,-0.18,-6.96,-1.06,7.75,-6.27
0.6,-1.47,-5.82,-1.14,7.72,-6.31
-0.19,-3.47,-4.05,-1.21,7.62,-6.39
-0.61,-4.79,-2.82,-1.23,7.55,-6.44
-1.13,-6.72,-1.07,-1.22,7.43,-6.52
-1.42,-7.93,0.07,-1.19,7.34,-6.57
-1.77,-9.58,1.88,-1.1,7.2,-6.65
-1.95,-10.57,3.19,-1.02,7.09,-6.71
-2.21,-11.88,5.28,-0.89,6.93,-6.79
-2.41,-12.6,6.63,-0.8,6.82,-6.84
-2.75,-13.43,8.46,-0.69,6.65,-6.93
-3.05,-13.82,9.47,-0.62,6.53,-6.98
-3.52,-14.15,10.64,-0.52,6.32,-7.07
-3.82,-14.24,11.22,-0.44,6.16,-7.13
-4.18,-14.26,11.77,-0.32,5.9,-7.2
-4.33,-14.15,12.02,-0.19,5.6,-7.28
-4.25,-14.02,12.05,-0.11,5.38,-7.32
-3.82,-13.73,11.92,0.01,5.05,-7.39
-3.34,-13.46,11.75,0.09,4.83,-7.44
-2.42,-12.88,11.34,0.2,4.52,-7.52
-1.7,-12.38,10.95,0.26,4.32,-7.57
-0.51,-11.43,10.22,0.34,4.05,-7.65
0.31,-10.69,9.66,0.38,3.89,-7.69
1.53,-9.43,8.75,0.42,3.67,-7.76
2.3,-8.53,8.12,0.43,3.55,-7.79
3.34,-7.17,7.22,0.42,3.4,-7.84
3.95,-6.29,6.63,0.39,3.32,-7.87
4.7,-5.04,5.8,0.33,3.21,-7.9
5.11,-4.26,5.26,0.27,3.15,-7.91
5.58,-3.24,4.47,0.17,3.07,-7.92
5.82,-2.63,3.96,0.1,3.02,-7.92
6.09,-1.88,3.23,-0.02,2.95,-7.91
6.27,-1.35,2.6,-0.13,2.89,-7.9
6.33,-1.11,2.32,-0.2,2.86,-7.9
6.35,-0.98,2.02,-0.29,2.81,-7.88
6.31,-1.04,1.95,-0.33,2.78,-7.87
6.15,-1.3,2.02,-0.38,2.75,-7.86
5.97,-1.56,2.09,-0.4,2.72,-7.85
5.6,-2.06,2.23,-0.4,2.69,-7.84
5.31,-2.44,2.37,-0.39,2.67,-7.84
4.77,-3.07,2.54,-0.34,2.65,-7.83
4.37,-3.49,2.66,-0.29,2.64,-7.83
3.75,-4.14,2.82,-0.19,2.61,-7.82
3.36,-4.55,2.93,-0.11,2.59,-7.81
2.81,-5.14,3.11,0.02,2.55,-7.81
2.49,-5.48,3.26,0.11,2.52,-7.8
2.06,-5.88,3.48,0.25,2.47,-7.81
1.78,-6.09,3.61,0.34,2.44,-7.82
1.4,-6.31,3.72,0.47,2.4,-7.83
0.93,-6.59,4.32,0.58,2.38,-7.83
0.34,-7.29,5.1,0.67,2.42,-7.79
-1.76,-8.88,5.19,1.1,2.49,-7.48
-3.49,-8.32,5.85,1.54,2.34,-7.15
-5.49,-8.06,9.05,1.89,1.94,-6.78
-6.26,-8.42,11.39,1.98,1.65,-6.73
-5.75,-10.03,13.74,2.01,1.19,-7.01
-4.21,-11.22,14.63,2.02,0.91,-7.31
-0.49,-12.31,14.71,2,0.61,-7.75
2.47,-12.38,13.93,1.98,0.51,-7.98
6.6,-11.42,11.82,1.97,0.54,-8.22
8.64,-10.2,10,1.97,0.67,-8.31
10.03,-7.76,7.03,1.98,0.97,-8.38
9.75,-5.83,5.05,1.98,1.19,-8.39
7.92,-2.1,2.12,1.87,1.43,-8.4
6.43,0.1,0.91,1.68,1.48,-8.43
4.03,2.47,-0.56,1.37,1.52,-8.44
1.67,3.57,-1.66,1.14,1.5,-8.41
0.41,3.58,-2.12,1,1.41,-8.39
-0.6,2.72,-2.33,0.84,1.23,-8.38
-0.65,1.67,-2.16,0.76,1.1,-8.38
-0.19,0.24,-1.93,0.74,0.94,-8.36
0.45,-0.44,-1.6,0.74,0.84,-8.35
1.57,-0.92,-1.07,0.79,0.73,-8.32
2.28,-0.82,-0.72,0.81,0.7,-8.31
  ,,,,,
,,,,,
,,,,,
1.95,-3.57,3.5,-1.62,0.9,-9.05
1.55,-3.92,4.02,-1.56,0.89,-9.06
1.24,-4.14,4.35,-1.52,0.87,-9.06
0.75,-4.48,4.79,-1.45,0.85,-9.05
0.42,-4.75,5.11,-1.39,0.82,-9.05
-0.08,-5.16,5.57,-1.31,0.77,-9.04
-0.57,-5.47,6.08,-1.25,0.7,-9.04
-0.91,-5.71,6.37,-1.24,0.64,-9.04
-1.44,-6.13,6.69,-1.21,0.53,-9.04
-1.82,-6.49,6.86,-1.2,0.45,-9.04
-2.4,-7.17,6.97,-1.16,0.31,-9.04
-2.76,-7.67,6.94,-1.12,0.2,-9.05
-3.2,-8.35,6.8,-1.04,0.02,-9.07
-3.38,-8.72,6.69,-0.97,-0.11,-9.08
-3.47,-9.04,6.5,-0.86,-0.33,-9.11
-3.42,-9.09,6.37,-0.77,-0.48,-9.13
-3.15,-8.89,6.19,-0.65,-0.71,-9.16
-2.89,-8.61,6.11,-0.58,-0.87,-9.19
-2.43,-8.12,6.09,-0.49,-1.09,-9.23
-2.12,-7.84,6.11,-0.44,-1.23,-9.26
-1.73,-7.65,6.18,-0.37,-1.43,-9.32
-1.53,-7.68,6.26,-0.33,-1.56,-9.36
-1.38,-7.99,6.47,-0.27,-1.74,-9.42
-1.36,-8.51,6.75,-0.21,-1.93,-9.48
-1.41,-8.92,6.95,-0.16,-2.05,-9.52
-1.53,-9.47,7.24,-0.07,-2.25,-9.58
-1.6,-9.73,7.44,-0.02,-2.39,-9.6
-1.66,-9.86,7.78,0.07,-2.6,-9.64
-1.65,-9.79,8.04,0.11,-2.75,-9.66
-1.57,-9.57,8.51,0.15,-2.95,-9.7
-1.49,-9.39,8.85,0.16,-3.09,-9.74
-1.38,-9.19,9.33,0.14,-3.27,-9.8
-1.33,-9.12,9.6,0.11,-3.38,-9.85
-1.33,-9.18,9.86,0.04,-3.54,-9.93
-1.38,-9.33,9.94,-0.03,-3.64,-9.99
-1.53,-9.67,9.9,-0.12,-3.79,-10.07
-1.66,-9.96,9.75,-0.17,-3.89,-10.13
-1.87,-10.44,9.36,-0.23,-4.05,-10.22
-2,-10.77,8.99,-0.26,-4.16,-10.27
-2.15,-11.2,8.24,-0.28,-4.33,-10.36
-2.2,-11.46,7.32,-0.26,-4.52,-10.44
-2.17,-11.53,6.62,-0.24,-4.64,-10.49
-2.03,-11.46,5.49,-0.18,-4.83,-10.57
-1.88,-11.33,4.69,-0.12,-4.95,-10.61
-1.57,-11,3.45,-0.03,-5.12,-10.68
-1.31,-10.71,2.59,0.03,-5.22,-10.73
-0.89,-10.18,1.29,0.14,-5.37,-10.79
-0.58,-9.76,0.39,0.21,-5.45,-10.83
-0.14,-9.06,-0.96,0.33,-5.55,-10.88
0.15,-8.54,-1.82,0.41,-5.61,-10.91
0.54,-7.69,-3.1,0.53,-5.68,-10.95
0.76,-7.09,-3.93,0.61,-5.71,-10.97
1.04,-6.15,-5.12,0.72,-5.75,-11.01
1.2,-5.52,-5.87,0.79,-5.77,-11.03
1.43,-4.6,-6.96,0.89,-5.79,-11.05
1.58,-3.99,-7.64,0.95,-5.8,-11.07
1.81,-3.12,-8.54,1.03,-5.81,-11.09
2.06,-2.3,-9.3,1.1,-5.8,-11.11
2.22,-1.79,-9.75,1.14,-5.78,-11.12
2.48,-1.06,-10.32,1.18,-5.75,-11.13
2.61,-0.57,-10.67,1.21,-5.71,-11.14
2.77,0.14,-11.2,1.22,-5.63,-11.15
2.86,0.63,-11.58,1.23,-5.58,-11.15
2.98,1.37,-12.21,1.23,-5.48,-11.16
3.07,1.9,-12.6,1.22,-5.41,-11.15
3.23,2.79,-13.14,1.2,-5.29,-11.13
3.37,3.45,-13.46,1.17,-5.2,-11.1
3.58,4.52,-14.01,1.1,-5.05,-11.07
3.72,5.26,-14.39,1.04,-4.94,-11.04
3.96,6.33,-14.94,0.93,-4.77,-11.01
4.12,6.96,-15.37,0.84,-4.64,-10.99
4.37,7.76,-16.03,0.69,-4.46,-10.94
4.53,8.21,-16.49,0.58,-4.33,-10.91
4.78,8.63,-17.24,0.41,-4.13,-10.86
5.02,8.79,-18.01,0.25,-3.92,-10.79
5.19,8.8,-18.54,0.15,-3.78,-10.74
5.46,8.67,-19.33,0.01,-3.56,-10.66
5.66,8.51,-19.82,-0.06,-3.42,-10.59
6,8.28,-20,-0.15,-3.2,-10.48
6.27,8.15,-20,-0.19,-3.05,-10.41
6.74,7.96,-20,-0.23,-2.82,-10.28
7.08,7.88,-20,-0.23,-2.66,-10.2
7.64,7.82,-20,-0.22,-2.4,-10.06
8.01,7.84,-20,-0.19,-2.22,-9.96
8.52,7.9,-20,-0.13,-1.92,-9.8
8.84,7.99,-20,-0.08,-1.71,-9.69
9.24,8.16,-20,0.01,-1.37,-9.51
9.46,8.3,-20,0.08,-1.14,-9.39
9.72,8.52,-20,0.18,-0.78,-9.19
9.81,8.68,-20,0.26,-0.54,-9.06
9.86,8.91,-20,0.36,-0.16,-8.85
9.82,9.17,-20,0.47,0.22,-8.64
9.74,9.33,-20,0.54,0.47,-8.5
9.56,9.52,-20,0.64,0.85,-8.29
9.44,9.62,-20,0.7,1.1,-8.16
9.21,9.76,-20,0.8,1.48,-7.97
9.05,9.82,-20,0.85,1.73,-7.85
8.78,9.86,-20,0.92,2.1,-7.68
8.58,9.82,-20,0.96,2.35,-7.58
8.23,9.68,-20,1,2.72,-7.42
  ,,,,,
,,,,,
,,,,,
5.44,5.49,-14.28,-0.56,6.14,-5.75
5.45,5.31,-13.95,-0.59,6.26,-5.71
5.4,5.05,-13.59,-0.64,6.38,-5.67
5.36,4.8,-13.33,-0.68,6.46,-5.65
5.26,4.33,-12.89,-0.73,6.57,-5.62
5.18,3.96,-12.59,-0.78,6.64,-5.61
5.04,3.37,-12.1,-0.85,6.74,-5.59
4.92,3,-11.72,-0.91,6.8,-5.58
4.73,2.46,-11.07,-1.01,6.89,-5.57
4.6,2.15,-10.54,-1.1,6.94,-5.57
4.35,1.72,-9.6,-1.25,7,-5.57
4.16,1.47,-8.98,-1.36,7.03,-5.57
3.86,1.13,-8.09,-1.52,7.07,-5.58
3.64,0.92,-7.55,-1.61,7.09,-5.59
3.3,0.62,-6.72,-1.75,7.11,-5.6
3.06,0.42,-6.17,-1.83,7.11,-5.61
2.69,0.02,-5.24,-1.91,7.1,-5.63
2.45,-0.32,-4.53,-1.94,7.08,-5.65
2.06,-1.07,-3.36,-1.95,7.05,-5.69
1.65,-2.06,-2.15,-1.93,7.01,-5.74
1.36,-2.85,-1.36,-1.91,6.98,-5.78
0.86,-4.18,-0.28,-1.84,6.92,-5.85
0.49,-5.14,0.34,-1.77,6.87,-5.91
-0.03,-6.7,1.34,-1.65,6.79,-6.01
-0.38,-7.76,1.91,-1.55,6.73,-6.07
-0.92,-9.29,2.66,-1.38,6.63,-6.16
-1.27,-10.24,3.12,-1.25,6.55,-6.22
-1.79,-11.53,3.8,-1.03,6.41,-6.3
-2.12,-12.31,4.26,-0.87,6.3,-6.35
-2.58,-13.35,4.94,-0.62,6.13,-6.42
-2.86,-13.94,5.39,-0.45,6,-6.47
-3.18,-14.59,6.08,-0.19,5.79,-6.54
-3.34,-14.85,6.56,-0.03,5.64,-6.59
-3.43,-14.99,7.29,0.21,5.41,-6.67
-3.39,-14.83,8,0.42,5.17,-6.76
-3.28,-14.58,8.44,0.55,5.01,-6.81
-2.98,-14.03,8.97,0.7,4.76,-6.9
-2.71,-13.59,9.24,0.79,4.6,-6.96
-2.23,-12.86,9.56,0.88,4.37,-7.04
-1.88,-12.37,9.66,0.92,4.23,-7.09
-1.37,-11.63,9.67,0.95,4.03,-7.16
-1.02,-11.14,9.61,0.95,3.9,-7.21
-0.5,-10.41,9.43,0.93,3.73,-7.28
-0.17,-9.93,9.26,0.9,3.62,-7.32
0.29,-9.24,8.93,0.84,3.46,-7.38
0.59,-8.82,8.69,0.79,3.37,-7.42
1,-8.22,8.27,0.7,3.23,-7.47
1.25,-7.87,7.97,0.64,3.15,-7.5
1.59,-7.39,7.51,0.54,3.03,-7.54
1.79,-7.11,7.22,0.48,2.95,-7.56
2.08,-6.74,6.79,0.4,2.83,-7.58
2.33,-6.45,6.37,0.32,2.73,-7.59
2.47,-6.44,6.23,0.28,2.66,-7.6
2.46,-7.18,6.57,0.31,2.63,-7.56
1.76,-8.81,7.36,0.44,2.7,-7.45
-2.14,-12.04,8.7,1.06,2.77,-6.91
-5.49,-12.56,10.35,1.79,2.51,-6.46
-9.2,-13.14,15.31,2.61,1.71,-6.13
-9.81,-14.29,19.39,2.82,1.07,-6.21
-6.94,-16.21,20,2.81,0.22,-6.68
-2.79,-16.6,20,2.75,-0.19,-7.09
4.96,-15.32,20,2.61,-0.46,-7.66
9.86,-13.35,19,2.5,-0.38,-7.93
15.35,-9.11,14.51,2.25,-0.03,-8.15
17.28,-5.75,11.71,2.02,0.29,-8.19
17.54,-1.27,8.12,1.6,0.81,-8.23
16.13,0.7,5.94,1.35,1.2,-8.23
11.81,2.8,2.4,1.08,1.74,-8.22
6.18,3.93,-1.44,0.83,1.87,-8.26
3.43,3.52,-2.29,0.69,1.65,-8.31
0.73,2.73,-2.08,0.48,1.5,-8.24
-1.02,2.52,-2.69,0.33,1.52,-8.16
-2.9,2.26,-3.91,0.22,1.36,-8.12
-3.38,1.85,-4.2,0.18,1.17,-8.13
-2.77,0.74,-4.77,0.2,0.71,-8.2
-0.98,-0.47,-3.31,0.18,0.45,-8.21
0.9,-1.54,-2.76,0.12,0.43,-8.17
2.04,-2.28,-2.43,0.11,0.37,-8.19
3.24,-3.04,-2.13,0.13,0.43,-8.19
3.59,-3.59,-2.27,0.19,0.42,-8.2
4,-4.24,-1.53,0.32,0.46,-8.16
3.8,-4.27,-1.55,0.43,0.54,-8.12
3.32,-4.06,-1.46,0.61,0.62,-8.11
2.87,-3.55,-1.03,0.74,0.7,-8.11
2.52,-3.07,-0.91,0.81,0.77,-8.1
1.87,-2.24,-1.03,0.92,0.85,-8.08
1.51,-1.73,-0.95,1.02,0.89,-8.07
1.2,-1.31,-0.29,1.11,0.94,-8.09
1.16,-1.3,0.05,1.11,0.97,-8.12
1.33,-1.09,-0.08,1.06,0.98,-8.21
1.57,-0.89,-0.42,1.02,0.95,-8.26
2.07,-0.68,-0.34,0.97,0.89,-8.32
2.29,-0.55,0.23,0.92,0.9,-8.34
1.82,-0.37,0.49,0.83,1,-8.39
1.35,-0.11,0.33,0.78,1,-8.42
1.07,0.48,0.17,0.68,0.93,-8.44
1.18,0.76,0.19,0.6,0.88,-8.44
1.35,1,0.19,0.5,0.85,-8.4
1.3,0.9,0.1,0.46,0.86,-8.37
1.1,0.47,-0.14,0.44,0.87,-8.34
  ,,,,,
,,,,,
,,,,,
4.18,-2.72,7.7,-2.72,0.86,-9.74
2.66,-4.09,8.7,-2.6,1.06,-9.66
0.64,-5.7,9.61,-2.49,1.17,-9.59
-0.72,-6.81,10.16,-2.42,1.17,-9.56
-2.61,-8.25,10.9,-2.32,1.08,-9.54
-3.71,-8.98,11.33,-2.25,0.96,-9.53
-5.08,-9.63,11.86,-2.13,0.72,-9.51
-5.74,-9.78,12.16,-2.04,0.53,-9.49
-6.31,-9.67,12.55,-1.92,0.19,-9.47
-6.44,-9.49,12.78,-1.85,-0.04,-9.46
-6.32,-9.24,12.97,-1.77,-0.38,-9.47
-6.1,-9.18,13,-1.72,-0.61,-9.49
-5.64,-9.28,12.89,-1.66,-0.94,-9.53
-5.3,-9.45,12.75,-1.62,-1.15,-9.56
-4.77,-9.82,12.4,-1.56,-1.45,-9.62
-4.43,-10.06,12.13,-1.51,-1.65,-9.65
-3.97,-10.43,11.68,-1.43,-1.92,-9.7
-3.7,-10.64,11.34,-1.37,-2.1,-9.74
-3.41,-10.98,10.83,-1.26,-2.37,-9.79
-3.24,-11.36,10.33,-1.13,-2.62,-9.85
-3.16,-11.65,10.03,-1.03,-2.8,-9.9
-3.11,-12.13,9.56,-0.87,-3.06,-9.97
-3.12,-12.44,9.23,-0.74,-3.23,-10.03
-3.14,-12.83,8.69,-0.55,-3.5,-10.12
-3.15,-13,8.31,-0.41,-3.68,-10.17
-3.15,-13.05,7.76,-0.2,-3.96,-10.25
-3.1,-12.91,7.4,-0.07,-4.15,-10.29
-2.98,-12.44,6.95,0.13,-4.43,-10.35
-2.85,-11.97,6.69,0.25,-4.61,-10.38
-2.57,-11.09,6.37,0.4,-4.87,-10.42
-2.35,-10.43,6.19,0.47,-5.04,-10.45
-1.99,-9.41,5.87,0.55,-5.25,-10.48
-1.76,-8.74,5.64,0.57,-5.39,-10.51
-1.44,-7.79,5.25,0.58,-5.56,-10.55
-1.18,-6.98,4.72,0.55,-5.71,-10.58
-1.04,-6.52,4.28,0.52,-5.8,-10.61
-0.88,-5.95,3.49,0.45,-5.92,-10.64
-0.81,-5.66,2.88,0.4,-5.99,-10.67
-0.76,-5.37,2,0.34,-6.09,-10.7
-0.74,-5.25,1.4,0.29,-6.15,-10.72
-0.73,-5.18,0.51,0.24,-6.23,-10.76
-0.74,-5.18,-0.1,0.2,-6.28,-10.79
-0.78,-5.17,-1.01,0.16,-6.35,-10.83
-0.82,-5.15,-1.67,0.15,-6.38,-10.86
-0.88,-5.03,-2.73,0.13,-6.43,-10.9
-0.92,-4.91,-3.47,0.13,-6.46,-10.93
-1.01,-4.62,-4.6,0.14,-6.49,-10.98
-1.05,-4.35,-5.38,0.15,-6.5,-11
-1.08,-3.84,-6.58,0.17,-6.51,-11.03
-1.09,-3.43,-7.41,0.19,-6.51,-11.05
-1.07,-2.72,-8.73,0.22,-6.49,-11.07
-0.99,-1.95,-10.24,0.24,-6.46,-11.08
-0.92,-1.4,-11.29,0.25,-6.43,-11.09
-0.74,-0.53,-12.98,0.26,-6.37,-11.09
-0.58,0.09,-14.09,0.26,-6.32,-11.09
-0.3,1.06,-15.63,0.24,-6.24,-11.08
-0.07,1.71,-16.52,0.22,-6.17,-11.06
0.29,2.67,-17.68,0.16,-6.05,-11.03
0.55,3.26,-18.34,0.11,-5.97,-11
1,4.11,-19.18,0,-5.84,-10.96
1.33,4.61,-19.65,-0.09,-5.74,-10.94
1.79,5.25,-20,-0.23,-5.57,-10.9
2.07,5.54,-20,-0.32,-5.44,-10.89
2.44,5.83,-20,-0.39,-5.21,-10.88
2.63,5.91,-20,-0.4,-5.04,-10.87
2.81,5.88,-20,-0.36,-4.77,-10.85
2.86,5.75,-20,-0.3,-4.58,-10.83
2.92,5.63,-20,-0.19,-4.3,-10.79
2.96,5.65,-20,-0.11,-4.12,-10.75
3.14,5.83,-20,0.03,-3.87,-10.69
3.55,6.31,-20,0.2,-3.61,-10.61
3.95,6.81,-20,0.32,-3.42,-10.55
4.68,7.8,-20,0.51,-3.12,-10.42
5.27,8.57,-20,0.63,-2.91,-10.32
6.27,9.76,-20,0.8,-2.56,-10.14
7,10.54,-20,0.91,-2.31,-10.01
8.09,11.59,-20,1.05,-1.91,-9.79
8.78,12.16,-20,1.12,-1.61,-9.62
9.69,12.78,-20,1.21,-1.14,-9.35
10.17,13.05,-20,1.25,-0.81,-9.16
10.64,13.24,-20,1.28,-0.3,-8.87
10.81,13.3,-20,1.29,0.06,-8.68
10.86,13.29,-20,1.29,0.61,-8.41
10.78,13.33,-20,1.27,0.97,-8.25
10.56,13.47,-20,1.23,1.52,-8.02
10.34,13.64,-20,1.2,1.87,-7.87
9.99,13.97,-20,1.12,2.39,-7.67
9.6,14.32,-20,1.02,2.9,-7.47
9.33,14.51,-20,0.93,3.22,-7.35
8.92,14.62,-20,0.76,3.69,-7.15
8.65,14.54,-20,0.63,3.99,-7.02
8.2,14.14,-20,0.4,4.41,-6.83
7.9,13.69,-20,0.23,4.68,-6.71
7.42,12.77,-20,-0.01,5.06,-6.52
7.08,12.06,-20,-0.17,5.29,-6.41
6.57,10.89,-20,-0.4,5.62,-6.25
6.24,10.06,-20,-0.53,5.81,-6.15
5.76,8.83,-20,-0.71,6.08,-6.01
5.46,8.03,-20,-0.81,6.24,-5.93
5.03,6.96,-20,-0.94,6.46,-5.81
  ,,,,,
,,,,,
,,,,,
1.93,-3.73,4.54,0.52,2.25,-8.22
2.11,-3.43,4.46,0.51,2.18,-8.23
2.24,-3.27,4.39,0.49,2.14,-8.23
2.42,-3.05,4.27,0.47,2.08,-8.23
2.49,-2.93,4.17,0.45,2.05,-8.23
2.57,-2.8,3.99,0.43,2.01,-8.23
2.6,-2.73,3.87,0.41,1.98,-8.23
2.63,-2.64,3.69,0.38,1.95,-8.23
2.63,-2.58,3.53,0.36,1.92,-8.23
2.63,-2.49,3.27,0.33,1.89,-8.23
2.63,-2.38,2.93,0.3,1.86,-8.23
2.63,-2.3,2.69,0.28,1.84,-8.23
2.62,-2.31,2.39,0.27,1.81,-8.22
2.61,-2.47,2.23,0.28,1.8,-8.21
2.48,-2.95,2.11,0.35,1.8,-8.17
2.07,-3.67,2.2,0.44,1.8,-8.1
1.18,-4.15,2.42,0.75,1.69,-7.89
0.69,-4.16,3.07,1.02,1.59,-7.7
-0.04,-3.9,4.38,1.35,1.4,-7.41
-0.25,-3.66,5.59,1.45,1.21,-7.29
0.05,-3.46,7.35,1.48,0.96,-7.27
0.57,-3.49,8.19,1.44,0.83,-7.35
1.79,-3.7,8.98,1.34,0.67,-7.54
2.85,-3.81,9.18,1.26,0.59,-7.69
4.59,-3.85,8.83,1.11,0.55,-7.89
5.71,-3.75,8.17,1.01,0.58,-8.01
6.98,-3.38,6.8,0.86,0.69,-8.13
7.49,-2.8,5.32,0.74,0.86,-8.2
7.33,-2.41,4.3,0.69,0.98,-8.23
6.55,-1.91,2.83,0.64,1.15,-8.29
5.77,-1.64,1.84,0.61,1.25,-8.33
4.47,-1.31,0.5,0.59,1.35,-8.4
3.63,-1.05,-0.27,0.57,1.37,-8.43
2.48,-0.41,-1.24,0.51,1.33,-8.48
2.05,-0.28,-1.4,0.47,1.27,-8.5
1.49,-0.02,-1.71,0.44,1.22,-8.48
1.22,0.05,-1.83,0.43,1.17,-8.46
1.02,0.05,-1.89,0.41,1.09,-8.45
1.05,-0.01,-1.89,0.37,1.02,-8.46
1.24,-0.07,-1.98,0.31,0.89,-8.48
1.49,-0.11,-2.17,0.26,0.75,-8.5
2.69,-0.68,-0.79,0.22,0.64,-8.53
2.86,-0.85,-0.9,0.19,0.79,-8.53
2.73,-0.82,-1.13,0.16,0.79,-8.55
2.57,-0.97,-1.54,0.1,0.7,-8.57
2.82,-1.32,-1.12,0.07,0.62,-8.55
3.02,-1.58,-0.71,0.06,0.67,-8.48
2.92,-1.53,-0.67,0.05,0.75,-8.46
2.73,-1.54,-0.83,0.04,0.82,-8.48
2.64,-1.61,-0.84,0.04,0.89,-8.51
2.38,-1.75,-1.1,0.05,0.96,-8.52
2.25,-1.91,-1.23,0.06,0.98,-8.52
2.11,-2.2,-1.36,0.07,0.99,-8.51
2.13,-2.45,-1.29,0.09,1,-8.5
2.11,-2.78,-1.33,0.12,1.02,-8.47
2.11,-2.95,-1.34,0.15,1.02,-8.45
2.16,-3.15,-1.27,0.2,1.03,-8.43
2.2,-3.24,-1.19,0.24,1.04,-8.42
2.24,-3.36,-1.03,0.3,1.04,-8.41
2.28,-3.47,-0.82,0.37,1.04,-8.4
2.31,-3.56,-0.68,0.41,1.04,-8.4
2.34,-3.67,-0.48,0.48,1.04,-8.4
2.35,-3.73,-0.36,0.53,1.04,-8.41
2.4,-3.75,-0.2,0.6,1.03,-8.42
2.44,-3.7,-0.12,0.64,1.02,-8.42
2.54,-3.51,-0.03,0.7,1.01,-8.43
2.59,-3.31,0.03,0.73,1,-8.44
2.66,-2.9,0.07,0.76,0.99,-8.45
2.7,-2.59,0.1,0.78,0.98,-8.45
2.72,-2.12,0.07,0.79,0.97,-8.46
2.73,-1.83,0.06,0.78,0.96,-8.47
2.71,-1.43,0.01,0.76,0.95,-8.47
2.67,-1.2,-0.02,0.74,0.95,-8.46
2.59,-0.86,-0.13,0.7,0.93,-8.46
2.52,-0.6,-0.23,0.66,0.92,-8.45
2.41,-0.09,-0.59,0.57,0.86,-8.46
2.83,0.06,-0.6,0.47,0.7,-8.48
3.3,-0.18,0.12,0.43,0.71,-8.5
2.9,-0.51,-0.24,0.36,0.85,-8.49
2.46,-0.52,-0.54,0.32,0.86,-8.48
2.02,-0.46,-0.79,0.25,0.81,-8.45
1.97,-0.52,-0.73,0.2,0.76,-8.42
2,-0.66,-0.42,0.15,0.76,-8.34
1.89,-0.68,-0.48,0.13,0.78,-8.32
1.91,-0.85,-0.51,0.09,0.78,-8.34
2.02,-1.03,-0.51,0.08,0.78,-8.36
2.18,-1.31,-0.51,0.06,0.78,-8.37
2.26,-1.49,-0.52,0.05,0.79,-8.37
2.32,-1.72,-0.53,0.04,0.79,-8.37
2.32,-1.87,-0.54,0.05,0.8,-8.37
2.31,-2.08,-0.55,0.06,0.8,-8.37
2.28,-2.21,-0.54,0.07,0.8,-8.37
2.24,-2.37,-0.54,0.1,0.79,-8.38
2.2,-2.47,-0.57,0.13,0.79,-8.38
2.2,-2.5,-0.58,0.16,0.78,-8.38
2.21,-2.46,-0.58,0.19,0.78,-8.39
2.23,-2.39,-0.57,0.21,0.77,-8.39
2.27,-2.26,-0.57,0.24,0.77,-8.39
2.3,-2.16,-0.56,0.25,0.76,-8.39
2.33,-1.98,-0.54,0.27,0.76,-8.39
  ,,,,,
,,,,,
,,,,,
4.48,0.35,3.02,-2.04,1.45,-8.81
3.88,-0.12,3.04,-2.22,1.47,-8.91
3.62,-1.3,3.86,-2.37,1.38,-9.04
2.95,-1.8,3.76,-2.45,1.35,-9.1
2.15,-3.24,3.67,-2.43,0.91,-9.31
2.52,-4.63,5.19,-2.36,0.63,-9.43
2.71,-6.27,7.28,-2.28,0.58,-9.48
2.33,-7.01,8,-2.22,0.65,-9.49
1.34,-7.83,8.53,-2.07,0.7,-9.51
0.65,-8.38,8.88,-1.93,0.69,-9.53
-0.33,-9.31,9.43,-1.69,0.64,-9.54
-1,-9.88,9.8,-1.53,0.59,-9.52
-2.11,-10.39,10.32,-1.36,0.49,-9.47
-2.81,-10.6,10.44,-1.28,0.38,-9.45
-3.76,-10.88,10.57,-1.18,0.17,-9.42
-4.31,-11.14,10.58,-1.12,0,-9.42
-4.92,-11.6,10.4,-1.04,-0.3,-9.42
-5.14,-11.87,10.18,-0.98,-0.52,-9.43
-5.1,-12.1,9.75,-0.88,-0.86,-9.46
-4.7,-12.14,9.3,-0.76,-1.2,-9.5
-4.3,-12.05,8.96,-0.68,-1.42,-9.53
-3.58,-11.83,8.49,-0.56,-1.73,-9.59
-3.1,-11.66,8.21,-0.48,-1.92,-9.64
-2.46,-11.49,7.87,-0.36,-2.2,-9.71
-2.12,-11.44,7.71,-0.28,-2.39,-9.77
-1.72,-11.45,7.53,-0.16,-2.66,-9.86
-1.52,-11.46,7.47,-0.07,-2.85,-9.92
-1.26,-11.36,7.48,0.07,-3.13,-10
-1.09,-11.16,7.55,0.16,-3.31,-10.06
-0.82,-10.64,7.7,0.3,-3.58,-10.14
-0.63,-10.19,7.78,0.39,-3.76,-10.18
-0.34,-9.42,7.91,0.5,-4.01,-10.23
-0.17,-8.92,7.96,0.55,-4.16,-10.25
0.02,-8.22,7.88,0.6,-4.38,-10.27
0.15,-7.79,7.75,0.62,-4.52,-10.29
0.34,-7.28,7.46,0.63,-4.72,-10.31
0.54,-6.92,7.08,0.62,-4.91,-10.32
0.68,-6.74,6.79,0.61,-5.04,-10.33
0.92,-6.54,6.26,0.59,-5.22,-10.34
1.09,-6.49,5.86,0.57,-5.34,-10.36
1.39,-6.47,5.17,0.54,-5.5,-10.38
1.6,-6.47,4.65,0.53,-5.6,-10.4
1.92,-6.47,3.76,0.51,-5.73,-10.44
2.13,-6.46,3.13,0.5,-5.8,-10.47
2.44,-6.41,2.09,0.5,-5.9,-10.5
2.63,-6.35,1.34,0.52,-5.96,-10.53
2.9,-6.22,0.23,0.54,-6.04,-10.57
3.07,-6.1,-0.55,0.56,-6.07,-10.59
3.3,-5.85,-1.75,0.61,-6.12,-10.63
3.45,-5.65,-2.55,0.64,-6.14,-10.66
3.66,-5.31,-3.7,0.69,-6.16,-10.7
3.78,-5.04,-4.42,0.73,-6.16,-10.72
3.93,-4.57,-5.49,0.77,-6.15,-10.76
4.06,-4,-6.48,0.81,-6.12,-10.78
4.13,-3.58,-7.13,0.84,-6.1,-10.8
4.18,-2.9,-8.06,0.87,-6.05,-10.81
4.2,-2.41,-8.69,0.88,-6.01,-10.81
4.19,-1.61,-9.67,0.89,-5.94,-10.81
4.18,-1.04,-10.33,0.88,-5.88,-10.8
4.12,-0.09,-11.37,0.83,-5.79,-10.78
4.1,0.61,-12.08,0.78,-5.72,-10.77
4.09,1.68,-13.28,0.67,-5.62,-10.75
4.11,2.38,-14.13,0.58,-5.54,-10.74
4.19,3.37,-15.4,0.45,-5.4,-10.74
4.23,3.97,-16.21,0.36,-5.28,-10.76
4.28,4.67,-17.29,0.25,-5.07,-10.79
4.29,4.99,-17.92,0.2,-4.91,-10.82
4.26,5.3,-18.69,0.15,-4.66,-10.86
4.22,5.37,-19.12,0.13,-4.49,-10.89
4.16,5.35,-19.69,0.12,-4.22,-10.91
4.08,5.3,-20,0.13,-3.95,-10.91
4.04,5.33,-20,0.14,-3.76,-10.9
3.97,5.54,-20,0.18,-3.47,-10.86
3.95,5.76,-20,0.2,-3.28,-10.83
3.99,6.26,-20,0.25,-2.97,-10.78
4.05,6.66,-20,0.28,-2.75,-10.74
4.21,7.29,-20,0.35,-2.42,-10.67
4.35,7.7,-20,0.4,-2.19,-10.61
4.63,8.13,-20,0.49,-1.84,-10.53
4.87,8.27,-20,0.55,-1.6,-10.47
5.23,8.3,-20,0.64,-1.23,-10.35
5.47,8.18,-20,0.69,-0.97,-10.25
5.8,7.9,-20,0.76,-0.56,-10.08
5.97,7.68,-20,0.8,-0.27,-9.95
6.15,7.36,-20,0.85,0.18,-9.74
6.22,7.21,-20,0.88,0.49,-9.59
6.25,7.14,-20,0.91,0.95,-9.35
6.23,7.21,-20,0.93,1.26,-9.19
6.15,7.56,-20,0.94,1.73,-8.95
6.02,8.14,-20,0.92,2.2,-8.71
5.89,8.6,-20,0.91,2.51,-8.55
5.65,9.29,-20,0.87,2.97,-8.32
5.48,9.71,-20,0.83,3.27,-8.17
5.19,10.19,-20,0.76,3.7,-7.97
4.99,10.37,-20,0.71,3.98,-7.84
4.69,10.44,-20,0.61,4.39,-7.66
4.53,10.36,-20,0.54,4.64,-7.55
4.34,10.06,-20,0.41,5.01,-7.4
4.25,9.77,-20,0.31,5.24,-7.3
4.16,9.25,-20,0.13,5.57,-7.17
  ,,,,,
,,,,,
,,,,,
1.77,-2.85,8.43,0.81,1.92,-7.41
1.64,-2.82,8.01,0.8,1.89,-7.42
1.45,-2.79,7.35,0.79,1.83,-7.44
1.33,-2.78,6.91,0.78,1.8,-7.45
1.18,-2.76,6.25,0.77,1.75,-7.47
1.1,-2.73,5.81,0.76,1.72,-7.49
0.98,-2.73,5.15,0.75,1.67,-7.52
0.93,-2.74,4.69,0.74,1.64,-7.54
0.85,-2.77,4,0.72,1.61,-7.57
0.81,-2.8,3.56,0.71,1.59,-7.6
0.76,-2.85,2.91,0.7,1.56,-7.63
0.73,-2.86,2.5,0.69,1.55,-7.66
0.74,-2.82,2.21,0.67,1.53,-7.7
0.64,-3,2.02,0.65,1.53,-7.74
0.45,-3.3,1.93,0.65,1.54,-7.75
0.06,-4.03,2.23,0.68,1.56,-7.74
-0.27,-4.8,2.74,0.7,1.57,-7.73
-0.93,-6.4,3.82,0.78,1.6,-7.7
-1.5,-7.67,4.91,0.87,1.59,-7.69
-2.51,-9.61,6.8,1.05,1.51,-7.69
-3.08,-10.62,7.77,1.16,1.4,-7.73
-3.23,-11.27,8.66,1.31,1.14,-7.86
-2.64,-10.96,8.85,1.39,0.93,-7.97
-0.95,-9.47,8.52,1.48,0.64,-8.13
0.46,-7.96,7.93,1.53,0.51,-8.23
2.51,-5.4,6.69,1.57,0.4,-8.34
3.68,-3.81,5.88,1.58,0.38,-8.4
4.84,-1.84,4.59,1.56,0.47,-8.44
5.14,-0.88,3.73,1.54,0.55,-8.46
4.96,0.04,2.55,1.46,0.69,-8.46
4.31,0.44,1.54,1.37,0.81,-8.45
3.73,0.51,0.97,1.3,0.86,-8.45
2.89,0.43,0.3,1.2,0.9,-8.44
2.4,0.32,-0.01,1.14,0.91,-8.44
1.87,0.15,-0.34,1.07,0.9,-8.44
1.66,0.06,-0.45,1.03,0.88,-8.44
1.57,-0.01,-0.55,0.97,0.85,-8.43
1.63,-0.02,-0.59,0.93,0.83,-8.43
1.81,0.04,-0.63,0.89,0.81,-8.42
1.95,0.08,-0.64,0.86,0.81,-8.41
2.15,0.14,-0.65,0.82,0.82,-8.4
2.23,0.19,-0.67,0.79,0.83,-8.39
2.26,0.22,-0.73,0.76,0.86,-8.38
2.23,0.22,-0.76,0.74,0.89,-8.37
2.12,0.19,-0.77,0.71,0.93,-8.36
2,0.16,-0.76,0.69,0.95,-8.35
1.82,0.12,-0.68,0.66,0.99,-8.34
1.61,0.07,-0.55,0.63,1.02,-8.33
1.47,0.03,-0.43,0.61,1.03,-8.33
1.28,0.01,-0.25,0.57,1.05,-8.32
1.17,0.03,-0.18,0.54,1.05,-8.32
1.03,0.11,-0.2,0.49,1.06,-8.32
0.95,0.15,-0.24,0.45,1.06,-8.32
0.83,0.1,-0.26,0.38,1.06,-8.33
0.77,-0.04,-0.21,0.34,1.05,-8.34
0.69,-0.4,-0.13,0.27,1.03,-8.36
0.65,-0.6,-0.17,0.23,1.02,-8.36
0.62,-0.81,-0.26,0.18,0.99,-8.35
0.63,-0.92,-0.25,0.16,0.97,-8.35
0.6,-1.14,-0.15,0.14,0.94,-8.36
0.59,-1.37,-0.06,0.13,0.92,-8.37
0.62,-1.8,0.02,0.12,0.89,-8.4
0.7,-2.05,0,0.12,0.86,-8.41
0.87,-2.22,-0.11,0.13,0.83,-8.42
1.08,-2.08,-0.22,0.15,0.8,-8.42
1.24,-1.89,-0.28,0.16,0.8,-8.42
1.4,-1.59,-0.35,0.18,0.8,-8.43
1.45,-1.43,-0.37,0.18,0.81,-8.43
1.43,-1.33,-0.43,0.19,0.82,-8.44
1.37,-1.36,-0.47,0.19,0.83,-8.44
1.24,-1.5,-0.5,0.2,0.83,-8.44
1.18,-1.58,-0.52,0.2,0.82,-8.44
1.16,-1.61,-0.53,0.21,0.81,-8.43
1.21,-1.58,-0.53,0.21,0.8,-8.43
1.34,-1.46,-0.51,0.22,0.78,-8.44
1.45,-1.36,-0.48,0.23,0.78,-8.44
1.6,-1.22,-0.44,0.23,0.78,-8.44
1.68,-1.17,-0.41,0.24,0.78,-8.44
1.75,-1.1,-0.34,0.24,0.79,-8.44
1.77,-1.07,-0.29,0.23,0.79,-8.44
1.75,-1.03,-0.21,0.23,0.81,-8.44
1.72,-0.99,-0.12,0.21,0.82,-8.43
1.7,-0.96,-0.05,0.2,0.82,-8.42
1.67,-0.9,0.03,0.18,0.82,-8.42
1.67,-0.86,0.09,0.16,0.82,-8.41
1.68,-0.81,0.13,0.13,0.82,-8.41
1.69,-0.81,0.13,0.11,0.82,-8.4
1.73,-0.84,0.12,0.08,0.82,-8.4
1.74,-0.9,0.1,0.07,0.81,-8.39
1.74,-1.01,0.07,0.04,0.81,-8.39
1.75,-1.1,0.05,0.03,0.81,-8.39
1.75,-1.23,0.04,0.01,0.81,-8.38
1.75,-1.32,0.02,0,0.81,-8.38
1.76,-1.44,-0.01,-0.01,0.8,-8.38
1.75,-1.49,-0.03,-0.01,0.8,-8.37
1.74,-1.52,-0.06,-0.02,0.8,-8.37
1.75,-1.52,-0.1,-0.02,0.8,-8.37
1.75,-1.5,-0.18,-0.03,0.8,-8.36
1.73,-1.47,-0.27,-0.04,0.81,-8.36
1.71,-1.47,-0.31,-0.04,0.81,-8.36
  ,,,,,
,,,,,
,,,,,
-2.2,-5.01,-3.11,1.18,-5.97,-12.53
-2.1,-4.37,-4.01,1.34,-5.99,-12.51
-2.06,-3.98,-4.58,1.44,-6,-12.48
-2.02,-3.41,-5.47,1.59,-6.01,-12.45
-2.02,-3.05,-6.04,1.69,-6.01,-12.42
-2.01,-2.49,-6.89,1.83,-6.01,-12.37
-2.01,-2.13,-7.44,1.93,-6,-12.34
-2.05,-1.58,-8.23,2.06,-5.99,-12.28
-2.09,-1.02,-9.01,2.17,-5.97,-12.22
-2.14,-0.62,-9.59,2.25,-5.95,-12.17
-2.22,0.07,-10.48,2.34,-5.92,-12.09
-2.26,0.58,-11.11,2.39,-5.89,-12.04
-2.31,1.44,-12.1,2.44,-5.85,-11.95
-2.33,2.08,-12.78,2.47,-5.82,-11.89
-2.3,3.08,-13.81,2.48,-5.77,-11.8
-2.26,3.78,-14.49,2.48,-5.73,-11.73
-2.15,4.8,-15.52,2.45,-5.68,-11.63
-2.04,5.45,-16.22,2.42,-5.63,-11.57
-1.83,6.37,-17.27,2.35,-5.55,-11.47
-1.68,6.95,-18,2.28,-5.48,-11.4
-1.42,7.72,-19.18,2.17,-5.38,-11.3
-1.27,8.2,-20,2.08,-5.3,-11.23
-1.02,8.8,-20,1.94,-5.16,-11.13
-0.89,9.14,-20,1.84,-5.06,-11.06
-0.73,9.56,-20,1.69,-4.9,-10.95
-0.59,9.84,-20,1.53,-4.71,-10.83
-0.52,9.97,-20,1.42,-4.58,-10.74
-0.43,10.07,-20,1.24,-4.37,-10.62
-0.4,10.08,-20,1.13,-4.21,-10.53
-0.41,10.07,-20,0.96,-3.97,-10.4
-0.43,10.03,-20,0.85,-3.79,-10.32
-0.48,9.93,-20,0.7,-3.51,-10.19
-0.53,9.87,-20,0.61,-3.32,-10.11
-0.6,9.85,-20,0.48,-3.03,-9.99
-0.65,9.86,-20,0.4,-2.83,-9.91
-0.7,9.94,-20,0.31,-2.52,-9.79
-0.71,10.01,-20,0.26,-2.31,-9.71
-0.71,10.14,-20,0.2,-2,-9.59
-0.68,10.22,-20,0.17,-1.79,-9.5
-0.58,10.37,-20,0.15,-1.48,-9.35
-0.47,10.46,-20,0.15,-1.28,-9.25
-0.25,10.56,-20,0.16,-0.97,-9.08
0.03,10.62,-20,0.2,-0.65,-8.9
0.24,10.64,-20,0.24,-0.44,-8.77
0.61,10.67,-20,0.32,-0.11,-8.56
0.87,10.68,-20,0.38,0.11,-8.42
1.29,10.69,-20,0.48,0.45,-8.21
1.57,10.73,-20,0.55,0.68,-8.08
2.01,10.86,-20,0.66,1.03,-7.88
2.29,10.96,-20,0.74,1.27,-7.75
2.72,11.15,-20,0.84,1.63,-7.56
2.99,11.29,-20,0.9,1.88,-7.45
3.39,11.5,-20,0.97,2.27,-7.28
3.63,11.63,-20,1.02,2.52,-7.17
3.95,11.77,-20,1.08,2.92,-7.01
4.12,11.81,-20,1.1,3.19,-6.91
4.33,11.8,-20,1.12,3.59,-6.76
4.41,11.8,-20,1.12,3.86,-6.66
4.47,11.71,-20,1.1,4.26,-6.52
4.46,11.62,-20,1.07,4.52,-6.42
4.37,11.46,-20,1.01,4.89,-6.29
4.21,11.26,-20,0.94,5.25,-6.16
4.1,11.08,-20,0.88,5.48,-6.07
3.88,10.83,-20,0.8,5.79,-5.94
3.76,10.67,-20,0.74,5.99,-5.85
3.62,10.45,-20,0.65,6.26,-5.73
3.56,10.31,-20,0.59,6.42,-5.65
3.52,10.15,-20,0.5,6.66,-5.53
3.54,10.04,-20,0.44,6.8,-5.46
3.59,9.9,-20,0.35,7,-5.35
3.64,9.8,-20,0.29,7.13,-5.28
3.68,9.66,-20,0.19,7.31,-5.19
3.68,9.53,-19.72,0.13,7.42,-5.13
3.64,9.27,-18.47,0.02,7.57,-5.04
3.59,9.02,-17.6,-0.06,7.66,-4.99
3.46,8.55,-16.25,-0.18,7.79,-4.93
3.34,8.13,-15.32,-0.26,7.86,-4.89
3.08,7.35,-13.99,-0.37,7.95,-4.84
2.75,6.4,-12.66,-0.46,8.03,-4.79
2.53,5.72,-11.74,-0.51,8.07,-4.77
2.19,4.58,-10.38,-0.57,8.12,-4.75
1.95,3.77,-9.46,-0.59,8.13,-4.75
1.59,2.53,-8.1,-0.62,8.15,-4.76
1.38,1.68,-7.16,-0.62,8.14,-4.76
1.07,0.37,-5.76,-0.59,8.12,-4.79
0.88,-0.54,-4.73,-0.57,8.09,-4.81
0.58,-2,-3.22,-0.51,8.05,-4.84
0.34,-3.04,-2.18,-0.47,8.02,-4.87
-0.11,-4.74,-0.56,-0.39,7.97,-4.91
-0.47,-5.97,0.6,-0.33,7.94,-4.95
-1.12,-7.95,2.35,-0.22,7.87,-5.02
-1.62,-9.3,3.49,-0.13,7.81,-5.06
-2.42,-11.27,5.1,0.01,7.71,-5.14
-2.96,-12.44,6.06,0.11,7.62,-5.2
-3.74,-13.85,7.37,0.28,7.46,-5.28
-4.36,-14.71,8.62,0.46,7.27,-5.36
-4.69,-14.99,9.44,0.57,7.13,-5.41
-5.03,-15.04,10.6,0.74,6.89,-5.49
-5.15,-14.94,11.31,0.84,6.73,-5.55
-5.21,-14.66,12.29,0.96,6.47,-5.63
  ,,,,,
,,,,,
,,,,,
2.02,-2.82,1.18,0.71,1.11,-8.52
2.01,-2.68,1.27,0.73,1.13,-8.53
1.98,-2.44,1.45,0.75,1.16,-8.55
1.97,-2.28,1.59,0.76,1.17,-8.56
1.95,-2.05,1.82,0.78,1.2,-8.59
1.93,-1.9,2.01,0.79,1.22,-8.61
1.91,-1.67,2.32,0.81,1.24,-8.64
1.91,-1.38,2.67,0.82,1.26,-8.68
1.91,-1.16,2.91,0.82,1.27,-8.72
1.9,-0.72,3.25,0.82,1.29,-8.77
1.88,-0.4,3.47,0.81,1.29,-8.82
1.85,0.06,3.84,0.78,1.31,-8.89
1.77,0.31,4.15,0.75,1.32,-8.94
1.59,0.54,4.65,0.68,1.33,-9.01
1.4,0.57,5.03,0.62,1.34,-9.06
1.07,0.42,5.74,0.5,1.33,-9.13
0.82,0.17,6.25,0.42,1.33,-9.18
0.45,-0.2,7.01,0.27,1.31,-9.25
0.24,-0.36,7.7,0.14,1.29,-9.31
-0.21,-0.92,8.41,-0.1,1.26,-9.38
-0.56,-1.45,8.69,-0.22,1.23,-9.42
-1.08,-2.51,9.2,-0.36,1.16,-9.46
-1.45,-3.37,9.54,-0.42,1.12,-9.47
-2.03,-4.83,9.89,-0.47,1.05,-9.48
-2.67,-6.33,10.04,-0.46,0.96,-9.49
-3.13,-7.23,10.05,-0.41,0.88,-9.48
-3.81,-8.3,10.02,-0.31,0.73,-9.47
-4.21,-8.74,9.97,-0.23,0.61,-9.45
-4.7,-8.94,9.99,-0.1,0.4,-9.42
-4.95,-8.82,10.06,-0.02,0.25,-9.42
-5.21,-8.43,10.24,0.07,0.01,-9.42
-5.33,-8.14,10.39,0.12,-0.15,-9.44
-5.43,-7.8,10.68,0.15,-0.4,-9.48
-5.49,-7.71,10.93,0.16,-0.57,-9.52
-5.56,-7.81,11.33,0.15,-0.82,-9.58
-5.61,-7.98,11.62,0.13,-0.99,-9.63
-5.73,-8.31,12.05,0.1,-1.24,-9.7
-5.85,-8.58,12.34,0.08,-1.41,-9.75
-6.07,-8.96,12.72,0.05,-1.68,-9.82
-6.23,-9.21,12.96,0.05,-1.86,-9.87
-6.47,-9.55,13.31,0.06,-2.14,-9.94
-6.68,-9.8,13.7,0.08,-2.43,-10.02
-6.8,-9.92,13.96,0.1,-2.63,-10.06
-6.94,-10,14.39,0.13,-2.93,-10.13
-7,-9.97,14.71,0.15,-3.14,-10.17
-7.05,-9.81,15.21,0.17,-3.44,-10.23
-7.04,-9.66,15.53,0.18,-3.64,-10.26
-7,-9.4,15.96,0.17,-3.92,-10.33
-6.98,-9.22,16.22,0.15,-4.1,-10.37
-6.95,-8.98,16.43,0.09,-4.35,-10.44
-6.98,-8.84,16.42,0.04,-4.51,-10.49
-7.05,-8.72,16.22,-0.04,-4.74,-10.58
-7.12,-8.7,15.95,-0.1,-4.89,-10.64
-7.24,-8.75,15.36,-0.19,-5.11,-10.73
-7.32,-8.82,14.87,-0.24,-5.26,-10.79
-7.44,-8.96,14.05,-0.3,-5.48,-10.87
-7.49,-9.06,13.44,-0.33,-5.63,-10.92
-7.51,-9.25,12.42,-0.35,-5.84,-10.99
-7.47,-9.4,11.39,-0.35,-6.05,-11.06
-7.41,-9.48,10.67,-0.33,-6.19,-11.1
-7.3,-9.54,9.59,-0.29,-6.39,-11.16
-7.19,-9.53,8.83,-0.24,-6.52,-11.2
-7.02,-9.45,7.66,-0.16,-6.7,-11.25
-6.9,-9.32,6.83,-0.1,-6.82,-11.28
-6.68,-9.04,5.57,0.02,-6.98,-11.33
-6.53,-8.8,4.71,0.1,-7.09,-11.35
-6.31,-8.37,3.44,0.24,-7.23,-11.38
-6.16,-8.06,2.63,0.34,-7.32,-11.4
-5.95,-7.58,1.5,0.5,-7.44,-11.42
-5.83,-7.26,0.74,0.6,-7.51,-11.43
-5.68,-6.75,-0.43,0.74,-7.6,-11.44
-5.61,-6.36,-1.22,0.83,-7.66,-11.44
-5.51,-5.69,-2.46,0.96,-7.73,-11.44
-5.44,-5.2,-3.28,1.03,-7.78,-11.44
-5.33,-4.45,-4.53,1.14,-7.84,-11.43
-5.19,-3.74,-5.77,1.24,-7.89,-11.42
-5.08,-3.33,-6.56,1.31,-7.92,-11.4
-4.9,-2.83,-7.71,1.42,-7.96,-11.38
-4.77,-2.57,-8.46,1.5,-7.97,-11.36
-4.54,-2.28,-9.56,1.62,-7.99,-11.33
-4.38,-2.12,-10.27,1.69,-7.98,-11.31
-4.15,-1.87,-11.36,1.8,-7.96,-11.27
-4.01,-1.65,-12.11,1.87,-7.94,-11.24
-3.85,-1.17,-13.27,1.96,-7.89,-11.19
-3.75,-0.74,-14.05,2.01,-7.85,-11.16
-3.61,0.15,-15.27,2.07,-7.77,-11.1
-3.51,0.91,-16.06,2.09,-7.72,-11.05
-3.36,2.24,-17.23,2.07,-7.63,-10.99
-3.25,3.24,-18.03,2.02,-7.56,-10.94
-3.08,4.83,-19.29,1.89,-7.44,-10.88
-2.94,5.92,-20,1.76,-7.36,-10.83
-2.72,7.61,-20,1.52,-7.21,-10.77
-2.45,9.27,-20,1.22,-7.06,-10.7
-2.24,10.31,-20,1,-6.94,-10.66
-1.86,11.71,-20,0.65,-6.75,-10.61
-1.57,12.45,-20,0.42,-6.62,-10.57
-1.09,13.27,-20,0.08,-6.39,-10.52
-0.74,13.62,-20,-0.14,-6.23,-10.49
-0.15,13.83,-20,-0.44,-5.97,-10.46
0.28,13.83,-20,-0.63,-5.78,-10.44
  ,,,,,
,,,,,
,,,,,
9.52,19.36,-20,1.25,2.23,-6.99
9.27,19.16,-20,1.25,2.56,-6.84
8.79,18.64,-20,1.23,3.05,-6.63
8.2,17.92,-20,1.19,3.52,-6.43
7.76,17.37,-20,1.17,3.81,-6.3
7.1,16.53,-20,1.12,4.23,-6.12
6.68,15.98,-20,1.08,4.48,-6
6.11,15.22,-20,1.03,4.84,-5.84
5.78,14.74,-20,1,5.06,-5.74
5.42,14.12,-20,0.95,5.37,-5.6
5.23,13.74,-20,0.92,5.57,-5.51
5.06,13.26,-20,0.87,5.85,-5.39
4.98,12.99,-20,0.83,6.02,-5.31
4.92,12.67,-20,0.77,6.28,-5.2
4.89,12.47,-20,0.73,6.45,-5.14
4.8,12.11,-20,0.66,6.7,-5.06
4.71,11.82,-20,0.62,6.87,-5.01
4.5,11.31,-20,0.53,7.11,-4.95
4.3,10.93,-20,0.46,7.26,-4.92
3.96,10.32,-20,0.32,7.47,-4.88
3.56,9.71,-20,0.16,7.67,-4.85
3.28,9.29,-20,0.06,7.78,-4.83
2.82,8.57,-19.31,-0.1,7.93,-4.81
2.49,8.01,-18.71,-0.2,8.02,-4.8
1.99,7.02,-17.8,-0.33,8.13,-4.8
1.68,6.27,-17.17,-0.41,8.19,-4.79
1.2,5.05,-16.33,-0.52,8.26,-4.79
0.88,4.17,-15.79,-0.57,8.29,-4.8
0.45,2.76,-14.92,-0.63,8.31,-4.8
0.2,1.76,-14.34,-0.65,8.31,-4.81
-0.15,0.25,-13.48,-0.66,8.3,-4.83
-0.34,-0.74,-12.87,-0.66,8.29,-4.84
-0.6,-2.13,-11.94,-0.63,8.26,-4.87
-0.75,-2.99,-11.24,-0.61,8.23,-4.89
-0.96,-4.16,-10.11,-0.59,8.2,-4.93
-1.08,-4.86,-9.3,-0.57,8.17,-4.96
-1.28,-5.83,-7.98,-0.55,8.13,-5.02
-1.53,-6.72,-6.68,-0.54,8.09,-5.08
-1.72,-7.27,-5.8,-0.53,8.05,-5.13
-2.06,-8.13,-4.49,-0.52,8.01,-5.2
-2.36,-8.76,-3.62,-0.51,7.98,-5.25
-2.92,-9.78,-2.39,-0.5,7.92,-5.34
-3.35,-10.54,-1.62,-0.48,7.87,-5.4
-4.01,-11.73,-0.61,-0.42,7.77,-5.49
-4.45,-12.52,-0.03,-0.36,7.68,-5.54
-5,-13.57,0.74,-0.26,7.53,-5.62
-5.28,-14.14,1.21,-0.17,7.4,-5.66
-5.49,-14.72,1.86,-0.03,7.19,-5.73
-5.47,-14.88,2.26,0.08,7.04,-5.77
-5.2,-14.8,2.86,0.24,6.81,-5.83
-4.86,-14.56,3.26,0.35,6.66,-5.86
-4.21,-14.01,3.84,0.51,6.45,-5.92
-3.71,-13.54,4.23,0.61,6.32,-5.95
-2.95,-12.78,4.77,0.76,6.14,-6.01
-2.24,-11.98,5.25,0.88,6,-6.07
-1.82,-11.43,5.54,0.95,5.92,-6.12
-1.33,-10.63,5.93,1.03,5.81,-6.2
-1.11,-10.11,6.16,1.08,5.75,-6.25
-0.94,-9.38,6.4,1.13,5.67,-6.34
-0.91,-8.93,6.55,1.15,5.61,-6.4
-1.03,-8.32,6.74,1.17,5.52,-6.49
-1.17,-8.01,6.85,1.16,5.46,-6.55
-1.45,-7.68,7.01,1.14,5.35,-6.64
-1.66,-7.56,7.13,1.11,5.27,-6.7
-2.01,-7.57,7.31,1.05,5.13,-6.78
-2.24,-7.69,7.42,1.02,5.03,-6.84
-2.57,-7.98,7.53,0.96,4.87,-6.92
-2.77,-8.22,7.6,0.93,4.75,-6.97
-2.96,-8.56,7.7,0.89,4.56,-7.05
-3.03,-8.75,7.73,0.87,4.43,-7.1
-3.02,-8.94,7.74,0.85,4.23,-7.16
-2.87,-8.98,7.76,0.84,4.02,-7.22
-2.71,-8.94,7.8,0.84,3.89,-7.26
-2.41,-8.8,7.85,0.85,3.69,-7.32
-2.17,-8.68,7.89,0.85,3.57,-7.35
-1.8,-8.45,7.9,0.86,3.4,-7.4
-1.54,-8.27,7.86,0.86,3.29,-7.43
-1.16,-7.92,7.8,0.88,3.13,-7.46
-0.88,-7.64,7.74,0.89,3.03,-7.48
-0.47,-7.19,7.62,0.9,2.89,-7.51
-0.19,-6.87,7.55,0.92,2.8,-7.53
0.21,-6.43,7.42,0.94,2.68,-7.55
0.48,-6.15,7.32,0.96,2.6,-7.57
0.85,-5.77,7.16,0.98,2.49,-7.58
1.06,-5.56,7.02,0.99,2.42,-7.59
1.36,-5.3,6.81,1.01,2.32,-7.6
1.62,-5.13,6.63,1.03,2.24,-7.62
1.78,-5.03,6.5,1.05,2.2,-7.62
1.96,-4.95,6.29,1.08,2.15,-7.63
2.05,-4.91,6.12,1.1,2.13,-7.63
2.13,-4.8,5.82,1.14,2.1,-7.63
2.17,-4.69,5.56,1.17,2.08,-7.64
2.17,-4.46,5.17,1.2,2.06,-7.65
2.17,-4.28,4.92,1.22,2.06,-7.66
2.15,-3.98,4.52,1.26,2.06,-7.67
2.09,-3.78,4.26,1.28,2.06,-7.68
1.97,-3.52,3.88,1.31,2.07,-7.7
1.86,-3.39,3.62,1.32,2.07,-7.71
1.67,-3.25,3.24,1.34,2.08,-7.74
1.53,-3.17,2.98,1.35,2.08,-7.75
  ,,,,,
,,,,,
,,,,,
0.53,-3.79,-2.26,0.31,8.61,-5.72
-0.09,-5.11,-1.36,0.39,8.57,-5.79
-0.46,-5.95,-0.69,0.46,8.53,-5.83
-0.92,-7.18,0.38,0.6,8.45,-5.89
-1.2,-7.97,1.17,0.71,8.39,-5.93
-1.56,-9.13,2.58,0.88,8.3,-6
-1.84,-9.87,3.64,1.01,8.23,-6.04
-2.36,-10.91,5.32,1.19,8.12,-6.11
-2.77,-11.51,6.44,1.31,8.04,-6.16
-3.45,-12.21,8.01,1.46,7.89,-6.24
-4.19,-12.52,9.42,1.59,7.71,-6.31
-4.66,-12.48,10.25,1.66,7.57,-6.36
-5.25,-12.05,11.37,1.73,7.33,-6.44
-5.56,-11.56,12.05,1.76,7.16,-6.49
-5.88,-10.64,12.95,1.76,6.88,-6.57
-5.99,-9.96,13.45,1.74,6.69,-6.61
-5.99,-8.92,14.05,1.68,6.39,-6.69
-5.88,-8.23,14.37,1.61,6.18,-6.74
-5.6,-7.24,14.72,1.47,5.88,-6.82
-5.36,-6.65,14.89,1.36,5.68,-6.87
-4.94,-5.92,15.04,1.17,5.4,-6.96
-4.64,-5.57,15.04,1.04,5.21,-7.02
-4.18,-5.29,14.97,0.83,4.94,-7.12
-3.89,-5.25,14.86,0.69,4.77,-7.18
-3.47,-5.37,14.63,0.5,4.51,-7.27
-3.06,-5.66,14.29,0.33,4.26,-7.35
-2.77,-5.86,14.04,0.23,4.09,-7.39
-2.32,-6.16,13.62,0.1,3.85,-7.45
-2,-6.32,13.33,0.03,3.69,-7.48
-1.5,-6.46,12.91,-0.06,3.47,-7.53
-1.14,-6.51,12.64,-0.11,3.32,-7.56
-0.6,-6.54,12.18,-0.16,3.13,-7.6
-0.26,-6.58,11.89,-0.18,3,-7.62
0.23,-6.65,11.41,-0.21,2.84,-7.65
0.54,-6.7,11.05,-0.21,2.73,-7.67
0.98,-6.74,10.48,-0.2,2.59,-7.7
1.28,-6.75,10.08,-0.17,2.5,-7.71
1.67,-6.74,9.42,-0.12,2.39,-7.73
1.92,-6.69,8.96,-0.08,2.32,-7.74
2.25,-6.51,8.24,0,2.23,-7.75
2.44,-6.34,7.71,0.06,2.17,-7.77
2.74,-6.04,7.12,0.15,2.08,-7.79
3.08,-5.71,6.55,0.25,2.05,-7.8
3.24,-5.44,6.11,0.31,2.04,-7.8
3.44,-4.98,5.44,0.4,2.03,-7.8
3.55,-4.65,5.01,0.46,2.03,-7.8
3.67,-4.17,4.41,0.54,2.03,-7.81
3.72,-3.89,3.99,0.58,2.04,-7.81
3.72,-3.49,3.39,0.64,2.06,-7.81
3.68,-3.26,2.99,0.68,2.08,-7.82
3.58,-3.01,2.64,0.72,2.11,-7.82
3.44,-3,2.6,0.74,2.14,-7.81
2.89,-3.35,2.69,0.79,2.21,-7.78
2.33,-3.9,3,0.84,2.24,-7.75
1.35,-5.35,4.53,0.96,2.23,-7.7
0.62,-6.79,6.76,1.08,2.19,-7.68
-0.63,-9.46,11.91,1.26,2.04,-7.68
-1.58,-11.24,15.77,1.38,1.87,-7.69
-2.79,-12.96,19.95,1.48,1.52,-7.75
-2.72,-12.38,20,1.48,1.12,-7.85
-1.71,-10.25,19.16,1.47,0.88,-7.92
0.79,-5.07,16.62,1.41,0.63,-8.02
2.65,-1.11,14.62,1.32,0.54,-8.07
4.78,4,11.4,1.14,0.55,-8.12
5.3,6.08,9.19,0.99,0.63,-8.14
4.86,6.63,5.98,0.73,0.75,-8.16
4.15,5.54,3.94,0.55,0.81,-8.16
2.95,2.89,1.17,0.34,0.85,-8.15
2.25,1.1,-0.41,0.27,0.85,-8.14
1.55,-0.9,-2.23,0.28,0.79,-8.11
1.34,-1.63,-3,0.33,0.74,-8.09
1.4,-1.93,-3.44,0.43,0.66,-8.08
1.62,-1.78,-3.35,0.49,0.63,-8.08
1.93,-1.31,-2.84,0.55,0.62,-8.1
2.06,-1.01,-2.33,0.56,0.63,-8.11
2.07,-0.67,-1.47,0.54,0.66,-8.15
1.87,-0.5,-0.69,0.48,0.7,-8.18
1.68,-0.46,-0.31,0.42,0.72,-8.2
1.43,-0.45,-0.13,0.34,0.74,-8.23
1.36,-0.45,-0.23,0.28,0.74,-8.25
1.47,-0.43,-0.6,0.21,0.75,-8.27
1.66,-0.39,-0.89,0.17,0.76,-8.27
1.99,-0.3,-1.28,0.13,0.79,-8.26
2.2,-0.23,-1.46,0.11,0.82,-8.26
2.44,-0.18,-1.53,0.1,0.88,-8.25
2.52,-0.22,-1.44,0.1,0.93,-8.25
2.48,-0.36,-1.17,0.09,1,-8.25
2.37,-0.51,-0.91,0.09,1.04,-8.26
2.11,-0.77,-0.5,0.09,1.09,-8.28
1.92,-0.96,-0.25,0.09,1.11,-8.3
1.68,-1.26,0.09,0.09,1.11,-8.34
1.6,-1.47,0.28,0.1,1.11,-8.36
1.6,-1.77,0.5,0.11,1.09,-8.4
1.69,-2.03,0.65,0.13,1.08,-8.43
1.8,-2.16,0.69,0.14,1.07,-8.44
1.98,-2.26,0.74,0.16,1.06,-8.45
2.08,-2.27,0.72,0.18,1.06,-8.46
2.16,-2.26,0.6,0.19,1.06,-8.46
2.15,-2.27,0.46,0.2,1.06,-8.47
2.04,-2.28,0.35,0.21,1.05,-8.47
  ,,,,,
,,,,,
,,,,,
3.37,-0.23,2.79,1.1,0.88,-8.23
3.34,-0.01,2.4,1.05,0.89,-8.22
3.22,0.18,1.81,0.96,0.89,-8.22
3.05,0.2,1.22,0.88,0.89,-8.21
2.92,0.12,0.86,0.83,0.89,-8.21
2.72,-0.08,0.38,0.76,0.88,-8.2
2.6,-0.24,0.1,0.72,0.88,-8.2
2.43,-0.48,-0.26,0.68,0.87,-8.2
2.33,-0.66,-0.45,0.65,0.86,-8.2
2.21,-0.92,-0.68,0.63,0.86,-8.21
2.15,-1.07,-0.81,0.62,0.86,-8.21
2.05,-1.28,-0.93,0.61,0.86,-8.21
2,-1.4,-0.97,0.6,0.86,-8.22
1.92,-1.54,-1.02,0.61,0.86,-8.22
1.86,-1.61,-1.07,0.61,0.87,-8.23
1.77,-1.72,-1.09,0.62,0.89,-8.23
1.71,-1.79,-1.1,0.63,0.9,-8.24
1.63,-1.87,-1.14,0.65,0.92,-8.25
1.58,-1.9,-1.16,0.65,0.94,-8.27
1.53,-1.95,-1.16,0.66,0.96,-8.28
1.47,-2.01,-1.15,0.67,0.99,-8.29
1.44,-2.05,-1.15,0.68,1.01,-8.3
1.39,-2.12,-1.13,0.68,1.03,-8.31
1.37,-2.14,-1.11,0.68,1.04,-8.32
1.37,-2.12,-1.04,0.68,1.06,-8.33
1.37,-2.05,-0.99,0.67,1.08,-8.33
1.39,-1.87,-0.85,0.66,1.09,-8.33
1.4,-1.7,-0.76,0.64,1.1,-8.34
1.38,-1.42,-0.54,0.61,1.12,-8.33
1.35,-1.23,-0.37,0.58,1.12,-8.33
1.26,-0.96,-0.22,0.54,1.12,-8.33
1.19,-0.79,-0.24,0.5,1.12,-8.32
1.08,-0.59,-0.31,0.45,1.12,-8.32
1,-0.48,-0.3,0.41,1.11,-8.33
0.88,-0.37,-0.25,0.35,1.09,-8.34
0.83,-0.34,-0.22,0.3,1.06,-8.34
0.85,-0.32,-0.1,0.24,1.01,-8.33
0.94,-0.37,0.04,0.19,0.97,-8.31
1,-0.38,0.01,0.15,0.94,-8.3
1.18,-0.33,-0.04,0.09,0.9,-8.3
1.37,-0.29,-0.02,0.05,0.89,-8.3
1.63,-0.23,0.01,-0.01,0.88,-8.29
1.76,-0.2,0,-0.04,0.87,-8.29
2.03,-0.17,-0.02,-0.09,0.86,-8.28
2.14,-0.22,0.02,-0.1,0.86,-8.28
1.96,-0.5,0.08,-0.15,0.87,-8.28
1.73,-0.75,0.07,-0.19,0.87,-8.29
1.49,-1.09,-0.06,-0.23,0.87,-8.29
1.51,-1.23,-0.16,-0.24,0.85,-8.29
1.8,-1.36,-0.24,-0.25,0.84,-8.31
2.01,-1.47,-0.27,-0.26,0.84,-8.32
2.18,-1.75,-0.31,-0.26,0.85,-8.33
2.19,-1.98,-0.33,-0.26,0.86,-8.32
2.09,-2.33,-0.36,-0.25,0.87,-8.31
1.99,-2.65,-0.39,-0.21,0.87,-8.31
1.98,-2.83,-0.37,-0.17,0.86,-8.31
1.97,-2.98,-0.34,-0.11,0.86,-8.31
2,-2.99,-0.31,-0.08,0.85,-8.32
2.04,-2.89,-0.25,-0.03,0.85,-8.32
2.08,-2.75,-0.21,0.01,0.85,-8.31
2.14,-2.53,-0.16,0.05,0.85,-8.31
2.16,-2.42,-0.14,0.08,0.85,-8.32
2.16,-2.27,-0.14,0.12,0.85,-8.32
2.14,-2.2,-0.16,0.14,0.85,-8.32
2.11,-2.11,-0.23,0.17,0.86,-8.32
2.11,-2.05,-0.28,0.18,0.86,-8.33
2.1,-1.94,-0.34,0.2,0.86,-8.33
2.09,-1.87,-0.39,0.21,0.87,-8.33
2.05,-1.76,-0.43,0.23,0.87,-8.33
2.02,-1.68,-0.44,0.24,0.87,-8.33
1.99,-1.64,-0.43,0.25,0.87,-8.33
1.97,-1.56,-0.43,0.25,0.87,-8.33
1.95,-1.53,-0.42,0.25,0.87,-8.33
1.91,-1.47,-0.43,0.25,0.87,-8.34
1.9,-1.42,-0.46,0.25,0.87,-8.34
1.86,-1.36,-0.49,0.25,0.87,-8.34
1.84,-1.33,-0.51,0.24,0.87,-8.34
1.8,-1.28,-0.52,0.24,0.87,-8.34
1.77,-1.26,-0.5,0.23,0.87,-8.34
1.71,-1.26,-0.49,0.22,0.87,-8.35
1.68,-1.25,-0.46,0.21,0.87,-8.35
1.61,-1.26,-0.41,0.19,0.87,-8.35
1.58,-1.26,-0.36,0.18,0.87,-8.35
1.55,-1.25,-0.28,0.16,0.87,-8.35
1.55,-1.24,-0.22,0.14,0.86,-8.36
1.56,-1.23,-0.15,0.12,0.86,-8.36
1.57,-1.24,-0.1,0.1,0.86,-8.36
1.58,-1.24,-0.07,0.09,0.85,-8.37
1.6,-1.27,-0.07,0.07,0.85,-8.37
1.61,-1.29,-0.08,0.06,0.85,-8.38
1.63,-1.31,-0.08,0.04,0.85,-8.38
1.65,-1.32,-0.08,0.03,0.85,-8.39
1.69,-1.34,-0.09,0.01,0.85,-8.39
1.71,-1.34,-0.11,0,0.85,-8.39
1.76,-1.33,-0.13,-0.02,0.85,-8.4
1.77,-1.33,-0.13,-0.03,0.85,-8.4
1.77,-1.35,-0.17,-0.04,0.85,-8.4
1.76,-1.39,-0.19,-0.04,0.85,-8.4
1.76,-1.47,-0.22,-0.04,0.85,-8.4
1.77,-1.56,-0.23,-0.03,0.85,-8.4
  ,,,,,
,,,,,
,,,,,
3.84,10.19,-20,1.66,1.23,-7.59
3.68,9.89,-20,1.61,1.58,-7.44
3.58,9.7,-20,1.58,1.8,-7.34
3.44,9.42,-20,1.51,2.14,-7.2
3.36,9.23,-20,1.46,2.37,-7.1
3.24,8.98,-20,1.38,2.7,-6.97
3.17,8.82,-20,1.31,2.92,-6.88
3.05,8.57,-20,1.21,3.24,-6.75
2.94,8.35,-20,1.09,3.56,-6.62
2.87,8.22,-20,1.02,3.76,-6.53
2.77,8.04,-20,0.9,4.05,-6.4
2.71,7.92,-20,0.82,4.24,-6.32
2.63,7.74,-20,0.7,4.51,-6.2
2.57,7.61,-20,0.62,4.69,-6.12
2.52,7.44,-20,0.5,4.94,-6
2.51,7.32,-20,0.42,5.1,-5.93
2.49,7.17,-20,0.3,5.33,-5.81
2.49,7.08,-20,0.23,5.48,-5.74
2.52,6.92,-20,0.14,5.69,-5.63
2.52,6.8,-20,0.08,5.83,-5.55
2.52,6.61,-20,0,6.03,-5.45
2.51,6.46,-20,-0.05,6.15,-5.38
2.5,6.23,-20,-0.13,6.33,-5.28
2.5,6.06,-20,-0.18,6.44,-5.22
2.52,5.8,-19.95,-0.24,6.59,-5.14
2.6,5.5,-19.39,-0.3,6.73,-5.06
2.66,5.31,-19,-0.34,6.82,-5.01
2.79,5.02,-18.38,-0.4,6.94,-4.93
2.88,4.82,-17.91,-0.43,7.02,-4.88
3.01,4.55,-17.16,-0.48,7.14,-4.81
3.1,4.37,-16.6,-0.52,7.22,-4.77
3.23,4.13,-15.66,-0.57,7.33,-4.71
3.3,3.95,-15.01,-0.61,7.41,-4.68
3.38,3.65,-13.99,-0.66,7.52,-4.63
3.39,3.43,-13.31,-0.7,7.59,-4.6
3.33,3.06,-12.34,-0.75,7.69,-4.56
3.27,2.8,-11.71,-0.8,7.75,-4.55
3.13,2.45,-10.82,-0.87,7.84,-4.54
3.02,2.22,-10.3,-0.92,7.89,-4.54
2.83,1.91,-9.58,-1.02,7.96,-4.55
2.7,1.7,-9.08,-1.08,7.99,-4.56
2.49,1.37,-8.29,-1.2,8.03,-4.59
2.29,0.98,-7.52,-1.32,8.05,-4.63
2.15,0.68,-7.02,-1.41,8.07,-4.66
1.9,0.15,-6.29,-1.55,8.08,-4.72
1.72,-0.28,-5.86,-1.65,8.09,-4.76
1.38,-1.11,-5.21,-1.78,8.1,-4.83
1.08,-1.84,-4.76,-1.86,8.1,-4.89
0.53,-3.24,-4.05,-1.94,8.11,-4.98
0.08,-4.38,-3.57,-1.97,8.1,-5.05
-0.7,-6.29,-2.88,-1.97,8.08,-5.14
-1.27,-7.61,-2.44,-1.94,8.05,-5.21
-2.13,-9.53,-1.75,-1.86,7.98,-5.31
-2.69,-10.71,-1.3,-1.77,7.91,-5.38
-3.45,-12.22,-0.55,-1.6,7.78,-5.47
-3.88,-13.05,-0.02,-1.46,7.69,-5.53
-4.44,-13.99,0.81,-1.22,7.52,-5.62
-4.71,-14.4,1.41,-1.05,7.4,-5.67
-4.99,-14.76,2.4,-0.78,7.2,-5.74
-5.12,-14.84,3.49,-0.52,7,-5.79
-5.15,-14.79,4.31,-0.35,6.85,-5.83
-5.15,-14.65,5.68,-0.12,6.63,-5.88
-5.13,-14.57,6.64,0.02,6.49,-5.92
-5.1,-14.46,8.14,0.21,6.27,-5.98
-5.1,-14.41,9.11,0.33,6.12,-6.02
-5.12,-14.37,10.47,0.48,5.9,-6.09
-5.15,-14.33,11.26,0.58,5.75,-6.13
-5.18,-14.21,12.28,0.72,5.52,-6.2
-5.19,-14.08,12.88,0.81,5.36,-6.25
-5.14,-13.82,13.66,0.92,5.12,-6.31
-5.05,-13.59,14.13,0.97,4.95,-6.36
-4.84,-13.21,14.77,1.03,4.71,-6.44
-4.67,-12.97,15.13,1.06,4.54,-6.5
-4.4,-12.63,15.48,1.06,4.3,-6.6
-4.22,-12.42,15.63,1.05,4.14,-6.67
-3.92,-12.11,15.65,1.01,3.92,-6.78
-3.6,-11.77,15.42,0.96,3.69,-6.9
-3.37,-11.52,15.15,0.93,3.54,-6.98
-2.99,-11.13,14.58,0.87,3.32,-7.1
-2.7,-10.87,14.13,0.84,3.17,-7.17
-2.21,-10.48,13.38,0.8,2.95,-7.28
-1.84,-10.29,12.98,0.78,2.81,-7.34
-1.32,-10.18,12.26,0.78,2.59,-7.44
-0.91,-9.88,11.18,0.76,2.47,-7.49
-0.15,-9.12,9.85,0.76,2.29,-7.56
0.4,-8.71,9.41,0.79,2.17,-7.61
0.94,-8.82,9.19,0.84,2.03,-7.66
0.89,-9.29,8.97,0.9,1.95,-7.66
0.61,-10.25,8.82,1.04,1.79,-7.64
0.51,-11.14,9.45,1.17,1.63,-7.63
0.78,-12.41,10.5,1.38,1.39,-7.66
1.53,-12.98,11.91,1.57,1.19,-7.73
2.03,-13.23,13.17,1.7,1.09,-7.79
2.27,-13.86,14.51,1.91,1.01,-7.9
2.19,-14.22,14.84,2.06,0.94,-7.96
2.25,-14.29,14.78,2.26,0.82,-8.04
2.51,-13.93,14.43,2.38,0.75,-8.1
3.16,-12.34,12.54,2.49,0.69,-8.15
3.61,-10.5,10.81,2.53,0.69,-8.15
4.05,-7.01,8.12,2.55,0.72,-8.13
  ,,,,,
,,,,,
,,,,,
-2.24,-3.89,4.23,1.25,-4.91,-11.01
-1.84,-3.91,3.88,1.2,-5.03,-11.03
-1.66,-3.96,3.59,1.17,-5.1,-11.03
-1.51,-4.06,3.14,1.13,-5.19,-11.04
-1.48,-4.12,2.85,1.12,-5.25,-11.04
-1.45,-4.21,2.36,1.1,-5.33,-11.03
-1.47,-4.22,1.93,1.09,-5.37,-11.01
-1.51,-4.14,1.21,1.09,-5.46,-10.99
-1.51,-4,0.72,1.09,-5.52,-10.98
-1.44,-3.7,-0.01,1.08,-5.61,-10.97
-1.31,-3.37,-0.78,1.08,-5.7,-10.95
-1.18,-3.13,-1.35,1.08,-5.75,-10.94
-0.94,-2.78,-2.25,1.08,-5.82,-10.93
-0.76,-2.6,-2.91,1.08,-5.87,-10.92
-0.47,-2.41,-3.95,1.08,-5.94,-10.91
-0.28,-2.31,-4.7,1.09,-5.97,-10.9
0.04,-2.22,-5.92,1.11,-6,-10.88
0.25,-2.1,-6.92,1.14,-6.01,-10.86
0.48,-1.78,-8.55,1.2,-6.02,-10.83
0.66,-1.47,-9.59,1.25,-6.03,-10.8
0.98,-0.89,-11.08,1.34,-6.05,-10.76
1.19,-0.42,-12,1.41,-6.05,-10.71
1.56,0.41,-13.18,1.51,-6.03,-10.64
1.79,1.01,-13.92,1.57,-6,-10.59
2.12,1.9,-14.86,1.62,-5.95,-10.5
2.46,2.8,-15.54,1.64,-5.89,-10.42
2.66,3.4,-15.87,1.62,-5.83,-10.36
2.94,4.33,-16.19,1.55,-5.73,-10.27
3.09,5.03,-16.28,1.45,-5.65,-10.21
3.25,6.13,-16.34,1.19,-5.52,-10.13
3.32,6.82,-16.42,0.95,-5.43,-10.09
3.4,7.74,-16.47,0.55,-5.29,-10.06
3.45,8.21,-16.39,0.28,-5.18,-10.08
3.42,8.52,-16.08,-0.08,-4.95,-10.16
3.31,8.37,-15.8,-0.28,-4.78,-10.24
3.03,7.59,-15.36,-0.52,-4.52,-10.38
2.82,6.8,-15.06,-0.65,-4.37,-10.45
2.53,5.41,-14.75,-0.77,-4.13,-10.51
2.37,4.44,-14.67,-0.82,-3.98,-10.52
2.16,3.11,-14.64,-0.84,-3.74,-10.49
2.06,2.4,-14.74,-0.82,-3.57,-10.45
1.93,1.65,-15.07,-0.76,-3.29,-10.36
1.85,1.41,-15.62,-0.67,-3.01,-10.25
1.81,1.52,-16.09,-0.61,-2.8,-10.17
1.81,2.04,-16.92,-0.53,-2.5,-10.03
1.85,2.56,-17.52,-0.48,-2.3,-9.93
1.97,3.51,-18.44,-0.4,-2,-9.77
2.09,4.18,-19.05,-0.37,-1.8,-9.66
2.31,5.12,-19.94,-0.32,-1.5,-9.49
2.49,5.69,-20,-0.3,-1.31,-9.38
2.79,6.44,-20,-0.27,-1,-9.21
3.02,6.89,-20,-0.25,-0.8,-9.09
3.38,7.54,-20,-0.21,-0.5,-8.92
3.64,7.98,-20,-0.18,-0.3,-8.81
4.05,8.7,-20,-0.12,0.02,-8.64
4.34,9.22,-20,-0.08,0.23,-8.54
4.78,10.04,-20,0,0.55,-8.39
5.06,10.56,-20,0.06,0.77,-8.3
5.46,11.28,-20,0.14,1.1,-8.17
5.78,11.85,-20,0.22,1.44,-8.04
5.97,12.12,-20,0.26,1.67,-7.96
6.19,12.3,-20,0.3,2.01,-7.84
6.28,12.31,-20,0.32,2.23,-7.76
6.35,12.15,-20,0.33,2.57,-7.64
6.35,11.95,-20,0.33,2.79,-7.55
6.29,11.57,-20,0.34,3.11,-7.43
6.2,11.25,-20,0.33,3.32,-7.35
6,10.77,-20,0.33,3.62,-7.23
5.83,10.45,-20,0.33,3.81,-7.15
5.57,9.98,-20,0.33,4.07,-7.03
5.38,9.71,-19.59,0.34,4.24,-6.96
5.11,9.4,-18.59,0.34,4.47,-6.84
4.97,9.23,-17.96,0.35,4.61,-6.77
4.8,9.04,-17.05,0.35,4.8,-6.66
4.74,8.95,-16.46,0.35,4.92,-6.58
4.7,8.88,-15.6,0.34,5.07,-6.48
4.75,8.85,-14.77,0.34,5.21,-6.37
4.82,8.84,-14.22,0.33,5.29,-6.3
4.98,8.78,-13.42,0.32,5.4,-6.21
5.1,8.73,-12.91,0.3,5.47,-6.14
5.33,8.64,-12.14,0.28,5.56,-6.05
5.5,8.55,-11.6,0.26,5.62,-6
5.73,8.35,-10.79,0.22,5.71,-5.92
5.86,8.21,-10.25,0.18,5.77,-5.88
6,7.96,-9.46,0.1,5.87,-5.82
6.06,7.78,-8.96,0.04,5.93,-5.78
6.09,7.45,-8.25,-0.07,6.03,-5.74
6.07,7.21,-7.81,-0.16,6.09,-5.71
5.98,6.81,-7.19,-0.3,6.18,-5.68
5.88,6.51,-6.78,-0.41,6.24,-5.67
5.68,6.02,-6.18,-0.58,6.32,-5.66
5.51,5.66,-5.82,-0.7,6.36,-5.66
5.24,5.05,-5.28,-0.86,6.41,-5.66
4.93,4.27,-4.69,-1.01,6.44,-5.66
4.7,3.63,-4.3,-1.08,6.45,-5.66
4.3,2.49,-3.76,-1.13,6.44,-5.66
4.01,1.6,-3.45,-1.14,6.42,-5.67
3.62,0.12,-2.95,-1.1,6.37,-5.68
3.36,-0.91,-2.63,-1.04,6.33,-5.68
3,-2.36,-2.2,-0.92,6.27,-5.68
  ,,,,,
,,,,,
,,,,,
1.58,8.41,-20,0.85,3.81,-7.12
1.54,8.35,-20,0.9,4.04,-6.98
1.52,8.29,-20,0.93,4.19,-6.89
1.45,8.2,-20,0.96,4.42,-6.77
1.4,8.11,-19.99,0.97,4.56,-6.69
1.34,7.93,-19.65,0.98,4.77,-6.58
1.27,7.78,-19.45,0.98,4.9,-6.52
1.19,7.53,-19.17,0.97,5.09,-6.41
1.15,7.35,-19.01,0.96,5.21,-6.35
1.1,7.1,-18.74,0.95,5.37,-6.26
1.08,6.96,-18.58,0.94,5.48,-6.19
1.1,6.8,-18.3,0.92,5.62,-6.11
1.12,6.73,-18.11,0.9,5.71,-6.05
1.2,6.68,-17.81,0.88,5.84,-5.97
1.31,6.63,-17.47,0.86,5.95,-5.89
1.39,6.6,-17.25,0.84,6.03,-5.84
1.5,6.51,-16.9,0.82,6.14,-5.76
1.56,6.42,-16.62,0.79,6.21,-5.71
1.65,6.23,-16.21,0.76,6.3,-5.63
1.7,6.07,-15.93,0.73,6.36,-5.58
1.78,5.8,-15.53,0.69,6.45,-5.51
1.81,5.61,-15.25,0.66,6.49,-5.46
1.89,5.31,-14.82,0.61,6.56,-5.39
1.95,5.15,-14.54,0.57,6.59,-5.34
2.05,4.92,-14.07,0.51,6.64,-5.27
2.13,4.79,-13.74,0.47,6.67,-5.23
2.28,4.62,-13.22,0.4,6.71,-5.17
2.38,4.5,-12.87,0.35,6.74,-5.13
2.52,4.31,-12.33,0.26,6.79,-5.07
2.6,4.17,-11.94,0.19,6.83,-5.03
2.67,3.9,-11.31,0.07,6.88,-4.98
2.68,3.58,-10.61,-0.06,6.94,-4.93
2.66,3.3,-10.05,-0.16,6.98,-4.91
2.52,2.78,-9.05,-0.3,7.05,-4.87
2.35,2.34,-8.31,-0.4,7.09,-4.85
1.94,1.51,-7.06,-0.52,7.16,-4.82
1.56,0.85,-6.18,-0.6,7.2,-4.81
0.79,-0.33,-4.79,-0.67,7.24,-4.81
0.2,-1.23,-3.77,-0.71,7.24,-4.82
-0.74,-2.73,-2.18,-0.71,7.23,-4.83
-1.36,-3.78,-1.09,-0.69,7.2,-4.85
-2.19,-5.33,0.6,-0.63,7.12,-4.9
-2.64,-6.24,1.7,-0.58,7.06,-4.93
-3.13,-7.35,3.31,-0.49,6.93,-4.99
-3.31,-7.91,4.27,-0.43,6.83,-5.03
-3.4,-8.48,5.63,-0.32,6.68,-5.12
-3.37,-8.73,6.43,-0.25,6.57,-5.18
-3.25,-9.03,7.47,-0.14,6.42,-5.28
-3.12,-9.28,8.32,-0.04,6.27,-5.38
-3.04,-9.46,8.75,0.02,6.18,-5.45
-2.95,-9.72,9.17,0.1,6.05,-5.55
-2.91,-9.87,9.33,0.15,5.96,-5.62
-2.9,-10.03,9.4,0.2,5.82,-5.71
-2.89,-10.06,9.38,0.23,5.72,-5.78
-2.88,-10.05,9.27,0.27,5.55,-5.87
-2.86,-10.01,9.15,0.29,5.43,-5.92
-2.83,-9.93,8.97,0.31,5.23,-6
-2.78,-9.86,8.8,0.32,5.09,-6.05
-2.65,-9.77,8.52,0.34,4.86,-6.12
-2.49,-9.7,8.36,0.35,4.71,-6.16
-2.16,-9.61,8.13,0.38,4.47,-6.22
-1.88,-9.51,7.98,0.4,4.31,-6.25
-1.36,-9.31,7.82,0.43,4.08,-6.3
-0.74,-9.02,7.79,0.44,3.86,-6.35
-0.31,-8.79,7.83,0.45,3.73,-6.39
0.31,-8.4,7.95,0.45,3.55,-6.44
0.68,-8.12,8.08,0.43,3.44,-6.48
1.17,-7.7,8.27,0.4,3.3,-6.54
1.44,-7.44,8.4,0.37,3.21,-6.58
1.77,-7.11,8.64,0.31,3.09,-6.66
1.96,-6.9,8.78,0.26,3.02,-6.71
2.17,-6.64,9.03,0.19,2.92,-6.8
2.28,-6.52,9.2,0.14,2.85,-6.85
2.43,-6.44,9.44,0.07,2.76,-6.93
2.53,-6.46,9.62,0.03,2.7,-6.98
2.65,-6.63,9.86,-0.02,2.62,-7.05
2.69,-6.83,10.01,-0.04,2.57,-7.1
2.65,-7.25,10.18,-0.06,2.5,-7.15
2.57,-7.58,10.2,-0.06,2.46,-7.19
2.38,-8.05,10.13,-0.03,2.4,-7.23
2.16,-8.41,9.93,0.02,2.35,-7.27
2,-8.57,9.74,0.06,2.31,-7.3
1.78,-8.66,9.39,0.13,2.24,-7.33
1.65,-8.65,9.13,0.19,2.19,-7.35
1.65,-8.44,8.73,0.29,2.11,-7.4
1.78,-8.47,8.54,0.35,2.06,-7.45
1.58,-9.4,8.64,0.51,1.99,-7.5
1.14,-10.53,8.68,0.68,1.93,-7.52
0.15,-12.62,8.65,0.98,1.81,-7.55
-0.7,-14.19,9.18,1.2,1.67,-7.59
-1.89,-16.15,9.98,1.56,1.42,-7.66
-2.27,-16.82,10.33,1.78,1.24,-7.73
-1.94,-16.65,10.59,2.08,0.96,-7.88
-1.12,-15.76,10.78,2.27,0.8,-7.99
0.6,-13.64,10.65,2.49,0.61,-8.13
1.72,-11.86,10.4,2.6,0.56,-8.18
2.94,-8.8,10.52,2.61,0.57,-8.18
3.42,-5.43,10.79,2.4,0.61,-8.17
3.3,-3.31,10.7,2.19,0.68,-8.2
2.61,-0.84,9.99,1.83,0.76,-8.29
  ,,,,,
,,,,,
,,,,,
6.25,-2.12,5.48,0.51,2.18,-7.67
6.17,-1.96,5.15,0.57,2.17,-7.65
6.08,-1.84,4.97,0.61,2.16,-7.63
5.87,-1.63,4.75,0.69,2.16,-7.61
5.67,-1.48,4.67,0.73,2.17,-7.6
5.27,-1.3,4.61,0.8,2.18,-7.59
4.96,-1.2,4.57,0.84,2.19,-7.58
4.4,-1.11,4.5,0.89,2.19,-7.57
4.01,-1.07,4.47,0.93,2.19,-7.57
3.4,-1.07,4.45,0.97,2.19,-7.57
2.99,-1.08,4.46,1,2.18,-7.56
2.4,-1.19,4.5,1.02,2.16,-7.57
2.01,-1.28,4.5,1.03,2.14,-7.58
1.47,-1.45,4.48,1.04,2.1,-7.59
0.96,-1.64,4.37,1.04,2.06,-7.62
0.67,-1.75,4.26,1.04,2.03,-7.63
0.32,-1.92,4.04,1.03,1.97,-7.66
0.15,-2.02,3.86,1.02,1.92,-7.68
0,-2.18,3.57,1,1.86,-7.71
-0.03,-2.3,3.37,0.99,1.82,-7.73
0.01,-2.5,3.07,0.97,1.75,-7.77
0.06,-2.72,2.86,0.95,1.71,-7.8
0.14,-3.16,2.54,0.94,1.66,-7.84
0.16,-3.52,2.38,0.94,1.62,-7.87
0.18,-4.26,2.43,0.97,1.57,-7.91
0.16,-4.96,2.47,1.01,1.53,-7.95
-0.05,-6.27,2.37,1.08,1.46,-8.01
-0.33,-7.18,2.31,1.16,1.41,-8.04
-0.65,-8.29,2.33,1.35,1.3,-8.08
-0.64,-8.74,2.44,1.49,1.21,-8.12
-0.2,-8.73,2.62,1.68,1.09,-8.17
0.62,-7.85,2.7,1.83,0.99,-8.22
1.25,-6.86,2.68,1.9,0.95,-8.24
2.13,-4.95,2.89,1.91,0.93,-8.26
2.58,-3.63,3.34,1.85,0.94,-8.29
2.84,-1.9,4.2,1.65,0.99,-8.34
2.64,-1.03,4.64,1.48,1.03,-8.4
1.89,-0.46,4.88,1.22,1.06,-8.48
1.25,-0.58,4.76,1.07,1.05,-8.52
0.45,-1.26,4.37,0.91,0.97,-8.53
0.18,-1.78,4.06,0.84,0.89,-8.52
0.3,-2.22,3.62,0.77,0.74,-8.49
0.72,-2.13,3.39,0.75,0.65,-8.46
1.67,-1.48,3.12,0.73,0.56,-8.43
2.39,-0.87,2.92,0.72,0.54,-8.43
3.4,-0.01,2.5,0.68,0.55,-8.43
3.92,0.37,2.12,0.64,0.59,-8.44
4.42,0.61,1.42,0.59,0.66,-8.45
4.62,0.55,0.71,0.53,0.72,-8.43
4.61,0.43,0.32,0.5,0.77,-8.41
4.42,0.27,-0.07,0.44,0.81,-8.38
4.22,0.19,-0.25,0.41,0.84,-8.36
3.85,0.14,-0.43,0.35,0.87,-8.34
3.58,0.14,-0.51,0.32,0.88,-8.33
3.15,0.18,-0.55,0.26,0.89,-8.33
2.88,0.24,-0.57,0.21,0.88,-8.33
2.62,0.28,-0.62,0.15,0.86,-8.33
2.56,0.26,-0.65,0.11,0.84,-8.32
2.59,0.09,-0.67,0.06,0.82,-8.31
2.65,-0.14,-0.71,0.03,0.8,-8.31
2.73,-0.63,-0.77,0.01,0.79,-8.31
2.79,-1.01,-0.8,0.01,0.79,-8.32
2.84,-1.53,-0.84,0.01,0.8,-8.32
2.83,-1.79,-0.85,0.02,0.81,-8.33
2.76,-2.03,-0.83,0.04,0.82,-8.33
2.63,-2.1,-0.82,0.07,0.83,-8.33
2.51,-2.06,-0.8,0.09,0.84,-8.32
2.35,-1.97,-0.78,0.12,0.85,-8.32
2.25,-1.91,-0.78,0.13,0.85,-8.32
2.13,-1.85,-0.77,0.16,0.85,-8.32
2.07,-1.82,-0.76,0.17,0.84,-8.32
2.02,-1.82,-0.75,0.19,0.84,-8.32
2.01,-1.82,-0.72,0.2,0.83,-8.32
2,-1.84,-0.66,0.21,0.83,-8.33
2,-1.82,-0.65,0.22,0.82,-8.33
1.98,-1.78,-0.62,0.24,0.82,-8.33
1.98,-1.73,-0.61,0.25,0.82,-8.34
1.97,-1.64,-0.61,0.26,0.82,-8.34
1.98,-1.56,-0.64,0.27,0.82,-8.34
1.97,-1.41,-0.66,0.28,0.82,-8.34
1.99,-1.31,-0.68,0.28,0.81,-8.34
2.02,-1.16,-0.69,0.28,0.81,-8.34
2.06,-1.04,-0.65,0.28,0.81,-8.34
2.08,-1,-0.63,0.28,0.81,-8.34
2.09,-1.01,-0.63,0.28,0.81,-8.35
2.07,-1.04,-0.63,0.28,0.82,-8.35
2.06,-1.09,-0.6,0.28,0.82,-8.35
2.06,-1.12,-0.59,0.28,0.82,-8.35
2.06,-1.15,-0.58,0.28,0.81,-8.36
2.08,-1.14,-0.57,0.28,0.81,-8.36
2.12,-1.09,-0.56,0.27,0.81,-8.36
2.16,-1.05,-0.54,0.27,0.81,-8.36
2.24,-0.99,-0.54,0.26,0.8,-8.36
2.3,-0.95,-0.52,0.25,0.8,-8.36
2.4,-0.92,-0.48,0.24,0.8,-8.37
2.48,-0.92,-0.45,0.23,0.8,-8.37
2.57,-0.94,-0.37,0.22,0.8,-8.37
2.62,-0.99,-0.31,0.21,0.8,-8.37
2.69,-1.07,-0.19,0.2,0.8,-8.38
2.72,-1.14,-0.1,0.18,0.81,-8.38
  ,,,,,
,,,,,
,,,,,
2.1,-2.72,2.92,0.5,1.08,-8.66
1.99,-2.8,3.27,0.53,1.08,-8.69
1.91,-2.88,3.48,0.54,1.08,-8.72
1.74,-3.07,3.81,0.54,1.08,-8.75
1.62,-3.2,4,0.55,1.08,-8.77
1.44,-3.34,4.21,0.56,1.08,-8.8
1.36,-3.38,4.31,0.57,1.07,-8.82
1.33,-3.6,4.38,0.58,1.04,-8.85
1.35,-3.72,4.26,0.62,1.02,-8.86
1.51,-3.56,4.31,0.69,0.98,-8.88
1.68,-3.26,4.54,0.72,0.96,-8.89
1.8,-2.66,4.98,0.72,0.98,-8.91
1.73,-2.25,5.31,0.69,0.99,-8.92
1.43,-1.79,5.82,0.61,1.01,-8.94
0.9,-1.6,6.32,0.48,1,-8.95
0.47,-1.6,6.59,0.4,0.98,-8.94
-0.24,-1.75,6.9,0.26,0.92,-8.93
-0.7,-1.85,7.06,0.17,0.86,-8.93
-1.28,-1.92,7.27,0.04,0.75,-8.91
-1.58,-1.89,7.4,-0.04,0.67,-8.9
-1.9,-1.72,7.55,-0.17,0.54,-8.9
-2.02,-1.57,7.63,-0.25,0.44,-8.9
-2.13,-1.39,7.72,-0.39,0.31,-8.92
-2.15,-1.33,7.74,-0.49,0.21,-8.93
-2.19,-1.35,7.68,-0.64,0.08,-8.95
-2.22,-1.44,7.61,-0.75,-0.01,-8.97
-2.3,-1.7,7.47,-0.9,-0.14,-9
-2.4,-1.95,7.35,-1,-0.23,-9.02
-2.64,-2.46,7.14,-1.13,-0.37,-9.05
-2.83,-2.88,6.98,-1.19,-0.46,-9.07
-3.17,-3.59,6.73,-1.27,-0.62,-9.11
-3.5,-4.35,6.47,-1.31,-0.79,-9.15
-3.69,-4.87,6.31,-1.31,-0.91,-9.19
-3.93,-5.62,6.11,-1.29,-1.11,-9.23
-4.06,-6.09,6.01,-1.25,-1.25,-9.27
-4.14,-6.69,5.95,-1.16,-1.48,-9.32
-4.12,-7.02,5.96,-1.09,-1.63,-9.35
-4.03,-7.38,6.02,-0.97,-1.85,-9.39
-3.93,-7.55,6.09,-0.88,-2,-9.42
-3.73,-7.75,6.24,-0.75,-2.21,-9.45
-3.6,-7.82,6.37,-0.66,-2.35,-9.47
-3.4,-7.88,6.62,-0.54,-2.55,-9.51
-3.29,-7.91,6.79,-0.46,-2.68,-9.53
-3.16,-7.91,7.08,-0.35,-2.86,-9.56
-3.1,-7.9,7.28,-0.29,-2.97,-9.59
-3.06,-7.86,7.59,-0.2,-3.14,-9.63
-3.08,-7.83,7.89,-0.12,-3.3,-9.67
-3.12,-7.82,8.08,-0.07,-3.4,-9.7
-3.2,-7.8,8.29,-0.02,-3.55,-9.75
-3.27,-7.83,8.4,0.02,-3.64,-9.78
-3.39,-7.88,8.47,0.06,-3.78,-9.84
-3.47,-7.94,8.48,0.09,-3.88,-9.88
-3.6,-8.04,8.44,0.13,-4.02,-9.93
-3.67,-8.09,8.36,0.15,-4.11,-9.97
-3.75,-8.13,8.14,0.19,-4.25,-10.02
-3.79,-8.14,7.95,0.22,-4.34,-10.06
-3.82,-8.09,7.6,0.25,-4.47,-10.11
-3.82,-8.02,7.37,0.27,-4.56,-10.15
-3.83,-7.91,6.97,0.29,-4.68,-10.21
-3.83,-7.84,6.69,0.31,-4.76,-10.25
-3.83,-7.75,6.18,0.32,-4.88,-10.3
-3.83,-7.71,5.83,0.33,-4.95,-10.34
-3.83,-7.72,5.3,0.34,-5.06,-10.4
-3.82,-7.78,4.8,0.35,-5.16,-10.45
-3.81,-7.85,4.44,0.36,-5.23,-10.49
-3.82,-7.94,3.86,0.37,-5.32,-10.54
-3.85,-7.99,3.43,0.38,-5.37,-10.57
-3.92,-8,2.69,0.4,-5.46,-10.62
-3.94,-7.92,2.12,0.41,-5.51,-10.65
-3.97,-7.67,1.21,0.43,-5.59,-10.69
-3.95,-7.45,0.57,0.45,-5.65,-10.71
-3.86,-7.03,-0.4,0.47,-5.73,-10.74
-3.77,-6.73,-1.07,0.48,-5.79,-10.76
-3.57,-6.31,-2.07,0.5,-5.87,-10.78
-3.4,-6.05,-2.74,0.52,-5.91,-10.8
-3.12,-5.74,-3.75,0.54,-5.98,-10.82
-2.93,-5.57,-4.4,0.57,-6.02,-10.83
-2.63,-5.38,-5.37,0.6,-6.07,-10.84
-2.44,-5.27,-6,0.63,-6.09,-10.85
-2.17,-5.07,-6.97,0.68,-6.12,-10.86
-1.96,-4.78,-7.92,0.72,-6.13,-10.87
-1.85,-4.53,-8.56,0.76,-6.14,-10.87
-1.7,-4.09,-9.49,0.82,-6.14,-10.86
-1.62,-3.77,-10.08,0.86,-6.13,-10.84
-1.53,-3.28,-11.01,0.92,-6.12,-10.82
-1.48,-2.98,-11.64,0.98,-6.11,-10.81
-1.41,-2.58,-12.53,1.07,-6.11,-10.78
-1.34,-2.34,-13.06,1.14,-6.12,-10.77
-1.16,-2.02,-13.72,1.25,-6.14,-10.76
-0.95,-1.8,-14.06,1.33,-6.15,-10.76
-0.52,-1.38,-14.49,1.44,-6.14,-10.75
-0.22,-1.01,-14.76,1.51,-6.13,-10.74
0.22,-0.3,-15.13,1.59,-6.07,-10.71
0.49,0.29,-15.39,1.63,-6.03,-10.69
0.82,1.33,-15.76,1.66,-5.93,-10.65
1.02,2.11,-16.04,1.66,-5.85,-10.62
1.31,3.36,-16.45,1.63,-5.73,-10.59
1.58,4.66,-16.81,1.56,-5.59,-10.55
1.78,5.55,-17.01,1.48,-5.5,-10.53
2.09,6.84,-17.28,1.32,-5.34,-10.52
  ,,,,,
,,,,,
,,,,,
-2.2,-4.66,9.5,0.74,0.83,-9.39
-2.67,-4.95,9.97,0.75,0.77,-9.41
-3.43,-5.26,10.62,0.75,0.66,-9.43
-3.99,-5.43,11,0.75,0.57,-9.43
-4.87,-5.56,11.53,0.76,0.4,-9.43
-5.42,-5.59,11.88,0.76,0.26,-9.42
-6.09,-5.58,12.46,0.74,0.01,-9.42
-6.4,-5.55,12.89,0.72,-0.18,-9.42
-6.64,-5.5,13.53,0.66,-0.47,-9.45
-6.68,-5.48,13.93,0.61,-0.67,-9.49
-6.6,-5.51,14.45,0.52,-0.97,-9.56
-6.45,-5.67,14.92,0.43,-1.26,-9.63
-6.36,-5.85,15.19,0.37,-1.46,-9.68
-6.2,-6.23,15.57,0.28,-1.76,-9.74
-6.1,-6.51,15.77,0.23,-1.95,-9.79
-5.93,-6.91,16,0.17,-2.25,-9.84
-5.82,-7.15,16.14,0.14,-2.44,-9.88
-5.66,-7.46,16.3,0.11,-2.73,-9.94
-5.55,-7.64,16.36,0.09,-2.93,-9.97
-5.39,-7.89,16.4,0.09,-3.21,-10.02
-5.27,-8.02,16.37,0.08,-3.4,-10.05
-5.06,-8.17,16.27,0.08,-3.69,-10.1
-4.89,-8.24,16.15,0.08,-3.87,-10.13
-4.63,-8.29,15.88,0.07,-4.14,-10.17
-4.45,-8.3,15.64,0.06,-4.32,-10.2
-4.19,-8.33,15.19,0.06,-4.57,-10.24
-4.01,-8.32,14.8,0.07,-4.74,-10.27
-3.75,-8.3,14.1,0.09,-4.98,-10.32
-3.49,-8.21,13.27,0.12,-5.22,-10.36
-3.3,-8.11,12.64,0.15,-5.37,-10.38
-2.96,-7.88,11.65,0.21,-5.59,-10.41
-2.72,-7.67,10.96,0.25,-5.73,-10.42
-2.33,-7.29,9.89,0.32,-5.93,-10.44
-2.08,-7,9.18,0.37,-6.05,-10.45
-1.7,-6.52,8.14,0.45,-6.22,-10.45
-1.46,-6.21,7.44,0.5,-6.32,-10.46
-1.12,-5.76,6.38,0.58,-6.47,-10.47
-0.91,-5.49,5.7,0.64,-6.56,-10.47
-0.62,-5.14,4.67,0.72,-6.67,-10.48
-0.47,-4.93,4.03,0.78,-6.74,-10.48
-0.25,-4.63,3.11,0.86,-6.83,-10.48
-0.14,-4.43,2.51,0.92,-6.88,-10.48
-0.06,-4.13,1.71,0.99,-6.95,-10.48
-0.06,-3.93,1.19,1.04,-6.98,-10.48
-0.14,-3.65,0.41,1.1,-7.01,-10.48
-0.32,-3.38,-0.4,1.15,-7.04,-10.48
-0.47,-3.24,-0.97,1.17,-7.06,-10.48
-0.77,-3.02,-1.84,1.21,-7.08,-10.48
-0.99,-2.88,-2.42,1.23,-7.09,-10.48
-1.31,-2.68,-3.29,1.26,-7.12,-10.48
-1.5,-2.56,-3.87,1.28,-7.13,-10.47
-1.74,-2.42,-4.72,1.31,-7.15,-10.47
-1.87,-2.34,-5.28,1.33,-7.17,-10.46
-2.04,-2.26,-6.07,1.36,-7.18,-10.45
-2.14,-2.24,-6.57,1.38,-7.18,-10.45
-2.28,-2.24,-7.23,1.41,-7.17,-10.44
-2.37,-2.29,-7.65,1.43,-7.16,-10.44
-2.55,-2.42,-8.28,1.46,-7.13,-10.44
-2.7,-2.53,-8.74,1.48,-7.11,-10.45
-2.95,-2.72,-9.5,1.5,-7.07,-10.45
-3.14,-2.8,-10,1.51,-7.04,-10.45
-3.43,-2.82,-10.7,1.52,-7,-10.45
-3.68,-2.72,-11.34,1.53,-6.96,-10.44
-3.84,-2.61,-11.76,1.53,-6.93,-10.44
-4.06,-2.36,-12.4,1.53,-6.89,-10.43
-4.17,-2.17,-12.81,1.53,-6.87,-10.42
-4.31,-1.86,-13.53,1.52,-6.83,-10.42
-4.37,-1.62,-14.07,1.52,-6.8,-10.41
-4.4,-1.24,-14.93,1.5,-6.76,-10.41
-4.38,-0.95,-15.55,1.49,-6.72,-10.41
-4.29,-0.42,-16.58,1.47,-6.66,-10.41
-4.2,-0.02,-17.33,1.44,-6.62,-10.4
-4.01,0.72,-18.47,1.38,-6.53,-10.39
-3.83,1.28,-19.26,1.33,-6.47,-10.38
-3.53,2.24,-20,1.24,-6.35,-10.36
-3.33,2.96,-20,1.16,-6.26,-10.35
-3.01,4.12,-20,1.01,-6.1,-10.32
-2.68,5.28,-20,0.84,-5.93,-10.29
-2.44,6.01,-20,0.71,-5.8,-10.27
-2.09,7.03,-20,0.52,-5.59,-10.25
-1.86,7.62,-20,0.39,-5.44,-10.23
-1.49,8.33,-20,0.2,-5.2,-10.2
-1.25,8.66,-20,0.09,-5.02,-10.17
-0.84,9.05,-20,-0.06,-4.75,-10.13
-0.56,9.18,-20,-0.15,-4.56,-10.1
-0.08,9.33,-20,-0.27,-4.28,-10.05
0.27,9.41,-20,-0.33,-4.08,-10.02
0.79,9.53,-20,-0.41,-3.76,-9.97
1.16,9.61,-20,-0.45,-3.54,-9.93
1.74,9.74,-20,-0.48,-3.2,-9.86
2.13,9.84,-20,-0.48,-2.95,-9.8
2.68,10.06,-20,-0.46,-2.56,-9.69
3.04,10.25,-20,-0.45,-2.29,-9.61
3.56,10.56,-20,-0.42,-1.89,-9.47
3.9,10.81,-20,-0.39,-1.62,-9.36
4.41,11.24,-20,-0.34,-1.19,-9.19
4.92,11.7,-20,-0.29,-0.75,-8.98
5.25,12.02,-20,-0.26,-0.43,-8.83
5.69,12.5,-20,-0.21,0.05,-8.58
5.94,12.79,-20,-0.17,0.38,-8.39
